Price,AAPL,MSFT,NVDA,INTC,AMD,JNJ,PFE,UNH,MRK,ABBV,JPM,BAC,GS,WFC,C,XOM,CVX,COP,EOG,SLB,AMZN,HD,MCD,NKE,SBUX
2019-01-03,-0.10492397032719812,-0.03748171141888874,-0.062319405600985756,-0.056583716127501966,-0.09930117963499517,-0.016018102815957,-0.02837595463818971,-0.027648965200559417,-0.02071844460188721,-0.03350378757501822,-0.014313778848884271,-0.016155562135677832,-0.014756998681416509,-0.007913714626174994,-0.01828690178254257,-0.015472911233869189,-0.019338631021567555,-0.0191146961205581,-0.007088286815046992,0.01069470681580662,-0.025565528700364833,-0.02228695540588526,-0.006610457300715178,-0.017846609560156726,-0.04434569221705601
2019-01-04,0.04180313311596266,0.04546009733934115,0.06209910607181829,0.05955306576162239,0.10828882018409774,0.016644115961342156,0.02257854320285883,0.01162725142337454,0.029674209316507473,0.03170886006911545,0.03620243932415813,0.0406914053163092,0.03215960180290481,0.029202816230709874,0.04773871208379009,0.03620648226123803,0.020512390150722388,0.024935537949618537,0.04296676682006615,0.038863075617891894,0.04885111342984534,0.029280140953732124,0.019141128340918884,0.025781500805861304,0.032616807460592784
2019-01-07,-0.002228594393777304,0.001274691201450131,0.05158698454142545,0.004648179342663174,0.07939470966246118,-0.006435215322798103,0.0053345693520471665,0.00191791560807842,-0.011074554996062105,0.014489905325357669,0.0006947801999914065,-0.000782070553323471,0.005526152240163806,-0.006486384172496867,0.008669103181635272,0.005186608638692105,0.012910457847012616,-0.004401741869961231,0.006262086608261786,0.027253306248027406,0.03377651087852466,0.019507318241549984,0.01082260675626898,0.014231968238754125,0.0
2019-01-08,0.01888393865955052,0.007224175239150277,-0.0252105957183941,0.006303866377784924,0.008712557847805709,0.022960735886572717,0.004615891180941339,0.01328213987170953,0.0073962740913806,0.00463671323633809,-0.001887656144555422,-0.0019578564763871056,-0.003699786286288683,-0.0021011237971356902,-0.0027011630516896017,0.007244502003644495,-0.004374727021420361,0.013303153695635207,0.010630017150759417,0.012370653802093592,0.016475884077589695,0.0047890511637273675,0.002106571016471844,0.013250491751504676,0.0007859391285961117
2019-01-09,0.016838875916466895,0.014198338266049408,0.01947592941385011,0.0056399048850099155,-0.027358787900370746,-0.007957272969858611,-0.00207449852238075,0.0014375477473310436,-0.007661538319554478,-0.0333739185966637,-0.001691552275889083,0.009752321107683818,0.006252788145099012,0.0054537077599430515,0.016452306424354586,0.005260873254700424,0.013331201696652898,0.032579354809037314,0.03770159074760162,0.013917883540687086,0.0017128868892680703,0.010290817648429007,-0.00171824812226152,-0.0018263556241947911,0.004078396569385301
2019-01-10,0.0031910259581850427,-0.006446064942737504,0.018415258847363395,0.011390943891628437,-0.02254043636582557,0.0060316506207559895,-0.024052438068417403,0.005035628000349809,-0.012409487307826855,0.004431625656773347,-9.964671727871933e-05,-0.0011653964430129735,-0.0026665539176018655,-0.0010463964038098556,0.0010636531673089247,-0.00512213424594673,0.0015881069558722751,0.022174997255130096,-0.0007056021998408337,0.009892774609668099,-0.0019302905505940288,-0.0037349219057314117,0.006964845165975054,-0.0022221325869856375,0.004841345259629988
2019-01-11,-0.009866072267990285,-0.007752273323311945,0.024486257959132895,0.007590242255092551,0.026494960636706397,0.0003083258363473205,0.013382052760082093,0.011369795092056042,0.005623335396032846,0.001246772210092545,-0.004793082196981591,0.011592159942825205,0.005270098223472693,0.0025100198309643065,0.0044198514739572144,-0.0045907309768004655,-0.00805375571648524,-0.023078600432193848,-0.02296183693649123,0.0021586126599279112,-0.00950021578853727,0.0019527428339639243,0.004506377908373604,-0.00498481319646858,-0.0071920337518315254
2019-01-14,-0.015151309849760904,-0.007322435641708562,0.010759420231887128,-0.01192422081702149,-0.0019753544955255775,-0.011394183554646106,-0.011965075205972025,0.001573366186885716,-0.02063847094261946,-0.02883942737061475,0.01025665684655553,0.012977160327975011,0.010066118721830056,0.011423860303788391,0.038752500317721615,-0.0012555421186624183,-0.0073130641581272355,-0.011818246256430496,0.016788162405035077,-0.01011351891841041,-0.014335246209543026,-0.0033498391547197868,-0.0063259083166984946,0.0006571665540852301,-0.005664934903634263
2019-01-15,0.02025981020758058,0.02859268646186129,-0.003795803341505779,0.005157246947236499,0.00738735806362225,0.008383799460130119,0.008460880748436457,0.03489945579962325,0.015283778784343213,0.008692752431569072,0.007304629686316092,0.006802598891875771,0.006636224843319621,-0.015610473310141931,0.04073377545488931,0.0005585348056833132,0.003574121054891293,0.006381044072071069,0.000811965532679083,0.009634304364484968,0.034848007027612496,-0.013172844783181347,-0.0011041808122498956,0.023252383063576354,0.01114179180765829
2019-01-16,0.012142753746780918,0.003517483676823894,-0.006896479805313554,-0.009717833530962535,-0.03241368978219286,-0.010256636336827324,-0.01461602715413284,0.017711174523421212,0.0014755115876635412,0.0005846366707976194,0.008031858613154377,0.0691186828064066,0.09115339593584205,0.02629271127929939,0.013110111340867732,-0.00041892751608572774,-0.006442455910729602,-0.005619134898377658,0.003045028866921131,-0.011329747854442435,0.005490895184266011,0.003224994197512456,-0.00926802208378258,-0.0025711396113228427,-0.004849606271468488
2019-01-17,0.005920636101498304,0.006997834434198262,0.01916474118078864,0.007039157881600739,0.026014496719427026,0.008167302932398547,0.008512566060406563,-0.00648469942239772,0.013181348115170142,0.019103251612237096,0.004089299213016227,0.018802842715246165,0.0101470839891986,0.0059080315262848866,0.004492249531284291,0.006816622577672987,0.005014433622596938,0.021097698395404048,0.0038443545272312477,0.002904975079529204,0.005590776836741111,-0.012333155389158522,0.009765288599012219,0.018494505510838193,0.007965754179054194
2019-01-18,0.006140150982943503,0.014871674912552578,0.033763161180582604,0.014745409259997476,0.02535486637512945,0.01231842790033673,0.001411775588539834,0.02181830953591052,0.0035652856479265137,0.026034139948829346,0.016096084803122433,0.010636279190675254,0.017180466636642504,0.0157195654514593,0.010351024315904954,0.01185228238883032,0.021296887281177353,0.012448477275847398,0.019990600970290102,0.07808828645462777,0.0017583478423892555,0.02657790257881791,0.008029130816967395,0.016543375876723596,0.006512728532133585
2019-01-22,-0.022702061483731207,-0.01902658620632886,-0.053398409156271136,-0.0188799034051789,-0.049849956024866984,-0.014567544735761105,-0.0061321854601274215,0.0007154357260825346,-0.000527191132578359,-0.009429341414043313,-0.015901789962032842,-0.0071927820950106434,-0.024288071168472893,-0.0030035879585968567,-0.020325424171114766,-0.015185189959560157,-0.01790862315056547,-0.03217646831795697,-0.04234893446854653,-0.017364441362204774,-0.038480037543253826,-0.013849434865371019,0.01089493765565898,0.00372208808154002,0.010608083779105477
2019-01-23,0.0040362677391986256,0.009698940245535597,0.0034893390807497317,-0.00686036998828469,0.002022195265382734,0.0,-0.002605941759167739,0.004993059002358127,-0.005156472290799445,-0.0023717631479152268,-0.0025290538910965276,-0.005861137762841064,-0.003953430303289594,0.005201161919552834,0.004516888658787208,-0.008240734516397697,-0.008492330713819572,0.0016713200234559496,-0.002998760187052059,-0.014896737502656056,0.004798041569364464,-0.0012433345535796485,0.00820155952555695,-0.003100829453514068,0.015779196138593007
2019-01-24,-0.007958025221534494,-0.004790728608177006,0.05569118337641394,0.037261387731606053,0.051672067372527206,-0.013837373565617069,-0.029119764568136277,-0.0033384617261597604,-0.030551854604663236,-0.029486318275594673,0.0005843141203515731,0.0055173602400121185,0.0045604199610109145,-0.0027972350521997228,0.009291958049685353,0.0014013513267216783,0.018853535173376186,0.00394021913824261,0.006913965781995758,0.005756243277079737,0.009050258811113534,0.0022588703606587265,0.006854590846689298,-0.0007454102435605388,-0.025769223219955256
2019-01-25,0.0325999463045827,0.00909239626098778,0.014528725979399956,-0.05621312575253325,0.05050160980498063,0.00940211183411698,-0.007599122209730013,0.00718852726941293,-0.0030115474226543133,-0.0641972367670204,0.006306557933297085,0.017047721592848845,0.014754249559406029,0.002996665524741262,0.020674362931161826,0.004471603011797742,-0.0025581604669279393,0.013071958511654725,0.01894747794599883,0.032523230301921204,0.009406237482289068,0.017389741453247783,-0.018149270856482987,0.00211109353994794,0.03565578690900466
2019-01-28,-0.009297661452496503,-0.01969417055700322,-0.14878459248616052,-0.007040104059458177,-0.08316354629755333,0.005909297470938294,-0.02769267759634454,-0.00478654063545028,-0.00041121322437549714,-0.04313159203994057,0.004728254027379806,0.0016890035506974767,-0.005093998299659289,-0.006202875880225261,-0.0026588924279288633,-0.00671496246750077,-0.009317557668746717,-0.024785722794468362,-0.010142461234267063,-0.017033519155823927,-0.01975608942600138,-0.0031644278647294175,-0.002176161847170594,-0.0036046305655640506,-0.002835895278363775
2019-01-29,-0.010418896419407013,-0.0205758435233031,-0.04755905947081058,-0.0036459132521826387,-0.04718096931435439,0.01033487313704897,0.030886473093319593,0.0021344448251375903,0.004242209640463421,0.004268471715276528,0.0027878449077462356,-0.008132958466556834,0.00389780642401398,0.0006016795941275831,-0.010073920768358974,0.0037824621685434955,-0.0030356449627438435,-0.0007654498965119764,0.007819052733891501,-0.005439289522906464,-0.02723753876321456,-0.000778917054476089,-0.00781947494163605,-0.0012452715624764552,0.002090354854125453
2019-01-30,0.0661011320955535,0.03287129755241322,0.04305667267204773,0.021259143186820637,0.1818885692410079,0.010001362876840818,0.019672675896976344,0.011269807752310793,0.0019101448995042347,0.02031644272933683,0.0023013127383731363,-0.01094774061278558,0.009826588515139916,0.004803142740165561,0.0158520278483041,0.010849191760835382,0.01049666059128102,0.005954670758921699,0.00584871828069867,0.02247280867873045,0.04690977564140571,0.013761896915080871,-0.002197947764544801,0.013127224270824129,0.016421776768953445
2019-01-31,0.007175506148799718,-0.018501006744351296,0.045251944952749465,-0.008873940515887994,0.05559324817902735,0.010879356248589945,0.02940360570541279,-0.000628693571392899,0.01434361483204411,0.015438253446111636,-0.008754064975926262,-0.02085569455498548,-0.022323300041705043,-0.014815024769891745,0.00373045770528896,0.013601639749603291,0.014407416889957567,0.029991869099938482,-0.0025168540425169225,-0.017711893794577452,0.028504578463132847,0.007382899417609676,-0.01658614277052283,0.007354774687234634,-0.00014679737363314555
2019-02-01,0.0004803033741648206,-0.015926021796415037,0.006794260385046875,0.03359724811435567,0.004088328724496847,0.008380936814588433,0.010078626457667031,-0.005492742355223129,0.02677783505719363,0.0026115265582587663,0.003664907329806719,-0.0031664796188615113,-0.007451810105790695,0.0,-0.005325911067573338,0.03539229945548665,0.03193161369063584,0.014519461023053506,-0.0035344173438168446,0.007885810526492214,-0.055321193100996084,0.004566562379888223,-0.011589311708286445,-0.004529098900428065,-0.00044019347449791087
2019-02-04,0.02800885584180671,0.028392614094295488,0.03028375606224461,0.010005344081584287,-0.01562536202105405,-0.009884748865522533,-0.010314412622610174,-0.0018991884266856798,0.005478956913955412,-0.024776434009057352,0.0035553891132319624,0.017464481446422857,0.005986119056891726,0.003062105233375478,0.006106755308901528,-0.0145947046942514,0.011507276706229799,0.01803666300613235,0.0053472236412424245,0.0008971570029283927,0.004344132475857494,0.011111175676740704,0.004685493008516127,0.005871472369059484,-0.007812200945092413
2019-02-05,0.016965108123623996,0.01389957890640375,0.005148065426699188,0.01592300280930703,-0.03457341472070055,0.0,-0.007806198504191835,-0.007109428243581842,0.00363566403160182,0.014663648080618805,-0.004422319482967627,-0.0034683439115776537,0.0014656910488987796,0.004271236944076567,-0.0039104853631704035,0.010238354983735593,-0.002173551527763143,-0.009626980485383864,-0.01041826474284062,0.01203504625756073,0.015491866188782571,-0.00021462257020246208,0.00011296743657016781,0.010555095652748266,0.02570967760617722
2019-02-06,0.00034465847480457475,-0.011160739113444234,0.020136104416618016,0.004116366162355141,-0.00214727320590474,0.0009027832236718585,0.005210985132243354,0.011907251241796559,0.00310605602546645,-0.007684218971863719,-0.0004818732687721943,-0.0017386934398139057,-0.00704476251950446,-0.0010152184350011345,0.0012529253246071996,-0.00437498669028986,-0.005034514554469531,-0.0021684437480197294,-0.022310743016122556,-0.0015520612393242989,-0.011245686147586902,-0.008999898719305068,-0.007858971654462003,-0.001811973625547306,-0.0018862763854145086
2019-02-07,-0.019121233653629045,-0.007193908879887444,-0.037152207992262716,-0.013517667217058802,-0.025692689045814024,-0.007168681902675082,-0.014994944563837119,-0.0018568247339000555,-0.007392225031871883,0.0011376484912262905,-0.013196117258298282,-0.01720265714425782,-0.0182200949153389,-0.02343398860219153,-0.017048440441277426,-0.007736350951355099,-0.005482687415876895,-0.023868073309389906,-0.033729755557646575,-0.03637544641614121,-0.015910006048540103,-0.0035251129554750176,-0.0051216907689572095,-0.003876443178761272,0.004203210878082617
2019-02-08,0.0011742836637436643,0.0037930071399685716,0.005074564214560591,-0.007953425216890702,0.016623268458479314,0.00264722814903849,0.012629860953221347,-0.026748780825479324,0.009070980570188085,0.006295469976814025,-0.010012958317693634,0.0017689963595270745,-0.007277850657096881,-0.00898381747053408,-0.012818515180211541,0.001623387892759272,-0.00551300217714753,-0.013714514276085785,-0.0052830001631119705,-0.01577067282582263,-0.016330834290413307,0.0025501484760067435,-0.0030281458723136092,-0.0003640349080627027,0.00878420038922884
2019-02-11,-0.00576743786598948,-0.00398269013273956,-0.011676135645706073,-0.0014344987389553723,-0.003912204766850897,-0.0030258651621684423,-0.013109437702793669,-0.01834210319396368,-0.010503947988726276,0.0012543519765236156,-0.004746827989423132,0.004232771016358274,-0.0017753725734654532,0.0,-0.006471564825005185,0.001620756775256281,-0.005372439981733898,0.0072180054061995085,0.018317460243988545,0.0210487423010686,0.0017488562477837048,-0.00881732235873241,-0.0028076216398048737,0.015900215483272754,0.003434858183943276
2019-02-12,0.008580423534917394,0.01546142510020829,0.031720862334826176,0.025107658725449587,-0.006116200515722877,0.01623125376795784,0.0045478532019434265,0.024432740051956513,0.023321045020533965,0.0020039429726003187,0.016906387032085905,0.009807501612013362,0.016381257117574634,0.02895748733938931,0.017058726656490115,0.017391614244564382,0.015021188819189537,0.01058210241412986,0.014960087069260157,0.01994338094290825,0.029119271400045343,0.014113375780604372,-0.0016660309837286062,0.012233604795719978,-0.0034348581839433218
2019-02-13,-0.004163568470286665,-0.0007484359587443783,0.011248455782865745,0.009156299253467101,0.0013138029739735463,0.0021590781243076306,-0.004068276452371122,0.0011380068359368328,0.00634768765818573,0.010701666304841095,0.0047642121450630105,0.0003483707051192689,0.0010275618959384835,-0.0006115517822797995,0.005886323934211535,0.011210371825463826,0.007134245217461506,0.004880679583170672,0.01164364100117076,0.00813741967641389,0.0012141827176494052,0.015458294044297627,0.0010343505472059115,0.00811209551006302,0.010837242087924219
2019-02-14,0.0036367770126093696,0.0008424002371731422,0.010734872442876502,0.006713868836195505,0.01217930592528709,-0.0010417987024790671,0.0064539376782931914,0.005783066975793112,-0.0010127867959007677,-0.003347434020800524,-0.0065201211696128665,-0.010860171194333034,-0.011156381391283372,-0.010252097594176456,-0.009883404338859834,0.00026202111653956487,-0.0018600381439720112,0.019287516573409144,0.002168500902987552,-0.006323605489817738,-0.010635630351720703,-0.003722120017697021,0.009827745222162898,-0.008466556003648986,0.0046689188655176265
2019-02-15,-0.0022276288321387504,0.012272272412037358,0.018020782658071655,0.016590840829247493,0.02350038294327747,0.015294757276990865,0.010193309333377608,0.02162382746042272,0.010960592114805583,0.00408985318084085,0.03010265541378045,0.025044714718900678,0.030536926921352934,0.014323968109792444,0.029207019885755976,0.018704196843856265,0.010020456506383698,0.015508348969533974,0.033368384929166564,0.018184211169737792,-0.009100547125929937,0.02462585791623934,0.02304531595174667,0.00823273070496252,-0.0018363268259512992
2019-02-19,0.002988096887990274,-0.00046213678273246444,-0.0044587864997144636,-0.005045824510256904,0.011337532809137593,-0.005072465144675701,0.004705623349841173,-0.0026588518539016875,-0.007167524416403411,-0.004089853180840802,-0.0035116103707508,0.0006871190279197934,0.0008563338517720246,0.003245077655239218,0.0017100981520406441,0.006669504115746903,-0.00033509767715361944,-0.009880347806239868,-0.005400999980675789,0.013040553781004797,0.012134157679584378,-0.0003116439833217797,-0.004008756266575636,-0.009532334449633409,-0.007239407828354662
2019-02-20,0.00641479581581533,-0.005212859263377706,0.012119884776679607,-0.00019462570029956153,0.0,0.004852540746566674,-0.009433758929104199,-0.003333777176706247,0.0023948665048610113,-0.006604022984737623,0.004837211417284635,0.009566091335381015,-0.0003526636366268266,0.00867052738137121,0.004030483307115598,0.003827503695365448,0.008097066501102299,0.016554977220108874,-0.009371169079487256,0.007874203129546667,-0.0033725745741388113,-0.0024989366506317223,0.00689398519897418,0.0031874855235299268,0.002703148657433295
2019-02-21,-0.005654251125919244,0.020872897164413175,-0.01768955130316583,0.000389042177935331,-0.0012534234404560196,-0.006844239723147016,-0.0014228838413801132,-0.01160679468623491,0.005023174387632565,-0.015623537429506666,-0.0020839526208482786,-0.004088630857118897,-0.011342951679174701,-0.005031706793180478,-0.004962818957029453,-0.009082631729949962,-0.009523116914838597,-0.005820058406587117,-0.03534062944211165,-0.02604438214416364,-0.0016412354851550698,-0.00015643863160755248,0.012772073193135433,-0.010545894409007706,0.004394379902774244
2019-02-22,0.011103533012005824,0.014157349468524422,0.021717891358311644,0.020790168883071423,0.018227535625201578,0.008675626350887094,0.019271935978617646,0.0026616354853686614,0.011706516969623364,0.015998560848538623,-0.004466059727171421,-0.007195401564897875,-0.0018349891250175176,-0.010955768759046037,-0.0028024616320725033,0.007680650387019603,0.002096394160558679,-0.0038511944457816074,0.0018860416096323465,-0.00808292180165152,0.007456236282017583,0.002967019265560878,0.001967057342908914,0.009602299763582567,0.008450770388608721
2019-02-25,0.007258073494069474,0.0055716309152549475,-0.0031458571549809323,0.011554385221122005,0.014265515052455309,0.0036780757917190734,0.002789541825519891,-0.009441150294377846,-0.004840454811677092,0.00336883220654449,0.010421582295922873,0.006512270163473696,0.01342972625523193,0.0129713606403739,0.00606214242664619,0.0010193000699658238,0.0019244896565336262,-0.010343332569331284,-0.008198662021131876,0.009646962196303161,0.0008821844156088245,-0.012605710510045642,-0.0030614313672386226,0.004825772728532517,-0.0035125107357618177
2019-02-26,0.0005738588770290776,0.006876642047243265,-0.010070160345870672,0.002445071739147508,-0.02044224981574953,-0.000660865232925739,-0.0013935386556282892,-0.006141235637010586,0.004468876105291822,0.002735951383711977,-0.007663521873894593,0.0006831314014240497,0.0012577048787571084,-0.0014101435161451106,-0.0063739870883056686,0.002036424395251136,0.0026717505716775006,-0.004777110538096868,-0.008904936323684704,-0.010774717388670522,0.0020798706668898187,-0.008882265773594675,0.0032800283754587916,0.007369794559899381,0.001266345485767791
2019-02-27,0.0030926845906664967,-0.0016924771967835202,-0.01081579422265795,0.0001879814185241335,-0.030616757669886443,-0.0017649688335780419,-0.0020943460818980708,-0.05029707653733855,-0.0014874488571917132,-0.013757061333644346,-0.0012354160731250534,0.00816053588851427,0.0,0.006231478049675216,0.004357303057118337,0.010245177363576094,0.0011664988021568617,0.004343667155156299,0.011960994115882546,0.0009025140720458876,0.0028619124443764036,-0.024895536582845528,0.0008186734431586049,0.004302739741238672,-0.014014481318339864
2019-02-28,-0.009884241341989541,-0.0012490119058800842,-0.006397178100512017,-0.005273307095169497,0.002127256456977204,0.005651265744579912,0.009735532080430646,-0.03193467986632172,0.008276447674865533,-0.002143154538136584,-0.007636601742634337,-0.010263666464692072,-0.0070921123415155635,-0.00020030611685106626,-0.006543018987006761,-0.0055522347384805906,-0.004172503803541056,-0.019990423821847167,-0.011002904523641258,-0.006560237200748641,-0.0007680274393184955,0.00797132367279988,0.008960375193766362,-0.005118972376741238,0.00156684973989212
2019-03-01,0.010456092004887074,0.004453363719656798,0.014097047371065602,0.0063994624845407095,0.006354590982320281,0.012436723914465176,0.00023096593992525804,0.016094847517174868,0.0044184071191687695,0.010794289331988949,0.0006706225035082802,0.007878097785822354,0.007596584380129596,0.0028019316493573675,0.007629384624405898,0.012199074920828848,0.02028111362753062,0.01579217040632556,0.025418465145509956,0.02532329070918584,0.01926645484769524,0.00016208261115200522,0.006560521384878374,0.01911227044843308,0.00836226683379489
2019-03-04,0.005016852321021715,-0.0024022644872889773,0.002107163402694817,0.011936109132389426,-0.01317763844181509,0.0009392949934261556,-0.006710497251671493,-0.04202457461660451,-0.0034351919438207266,-0.008021610722319644,-0.002300782284971051,-0.009598815678280446,-0.011264029510989284,0.0015981382101614094,-0.011230711081096297,0.0038673251172536083,0.0007374619383401912,0.013974341943136319,0.004036678131067224,0.0011058060328179337,0.014513750908028594,-0.007371559961828836,-0.024396967208578164,-0.017593355858461127,0.0014106909222864705
2019-03-05,-0.001821374321172902,-0.005001047657861406,-0.0016599018682856086,-0.004831943730571688,0.005547236688632833,0.002092197039679591,-0.0041880791805795695,0.022662966444026277,0.004047412041084845,-0.006946065898374933,-0.0007681648251438179,0.001720717892458208,0.0001022999553938736,-0.00440006985951898,-0.012946277761109954,-0.001495206742566779,0.009535064481052454,-0.012814405008762738,-0.013623674052083768,-0.009996656224630496,-0.002207450450986818,0.0010330705480959678,0.0041995108995218685,-0.002337876735551755,0.008840398167037543
2019-03-06,-0.005770560320838703,0.00044759887264746813,-0.02897447180466933,-0.013692104198995659,-0.04749314014619736,0.0023031808858076743,-0.024308118496976998,-0.009823111870258241,-0.011572056746897439,-0.01044587276347598,-0.003753064049893888,-0.00828717889338867,-0.006449356525762945,-0.0014042856881482586,-0.0066963720381646085,-0.0114127261293206,0.001944619814659508,-0.010488260832782061,-0.03798978210037907,-0.032216826653587806,-0.013970631881135682,0.0024424244339131345,0.0037425818276708867,-0.003635042944005912,-0.004340237406771399
2019-03-07,-0.011642453497726973,-0.012244659628803526,-0.018519540260970465,-0.006632213873561144,-0.014835063050363107,-0.006130114557366515,-0.011291461624671728,-0.009963036125537937,-0.0038459697637323563,0.001919324065191033,-0.007257595289311648,-0.010106289937311306,-0.010167390594338679,-0.002813851469967093,-0.009806301907151604,0.011038558463541615,-0.012954727099300635,-0.004991202102837642,-0.0064381339571032885,-0.020499334721798587,-0.02610244391897686,-0.010573381345199721,-0.008330000540758315,0.0015261819258379629,-0.00930375766710025
2019-03-08,0.0023744364879698917,0.0010864906003830216,0.009203281504326859,-0.0022838569695377156,-0.0031753120161895514,-0.0013027110723475839,-0.012153791375610177,0.0062992079235608045,-0.008112242001478434,-0.008471488073883218,0.00038872443267727667,0.0034964253614335225,0.012731643533257182,0.0024124629659279984,0.002581298174988666,-0.01444982834578076,-0.0026276162702410155,-0.03779119951585052,-0.05524784038528587,-0.028648286759464948,-0.0031724020434359033,-0.007037688434539261,-0.005666124895422537,-0.0054100985328208,-0.017861444665730013
2019-03-11,0.034055546946196086,0.020776426365764652,0.06738033027548139,0.0164418348896106,0.04225662563911736,0.0036148466469145438,0.014808067865110514,0.024395492462395845,0.013319119534194766,0.00642421536982638,0.012924483216554507,0.0100710364990307,0.0037316956081175955,-0.0008035387264242094,0.004020455345510073,0.009698235366392725,0.01631068588370168,0.006702119790592502,-0.0020844647600073954,0.018952293737346738,0.030274928015204303,0.006654274448768942,0.00876379530018638,0.011956350387099642,0.004603020892728533
2019-03-12,0.01117276119771055,0.006977033410109671,0.008527894811598578,0.004114978362241907,0.0228212573505419,0.004464823140282574,0.005526763136289045,0.011165045363101514,0.004441982749602308,0.008417269780990408,-0.00297505404537268,0.0,0.003362600909844057,-0.0022131826778668097,0.00799219823173058,0.0027536422704803947,0.0022626423720155282,-0.003650159182155036,0.008311915192700041,0.012046784798321815,0.0014833846646547194,0.008514370897056716,0.004133215558973759,-0.004554482300001714,0.005295803468651667
2019-03-13,0.004412432504308171,0.007715294619092716,0.036846302103337454,0.014823373135057842,-0.004693868778455714,0.0016510442732790257,0.0066871698858324774,0.025576912009279234,0.004544534917505741,0.0024099387519757876,0.0033584604628267363,0.012021665657442431,0.003148059424834294,0.005423193619579379,0.01328509818719992,0.008835697055623237,0.006195331931392172,0.025870159112543,0.01811496479109795,0.013063104118620234,0.010529488021602368,-0.008247015356690344,0.0012638874726465885,0.005835889255147975,0.0007135542948092824
2019-03-14,0.011055163848500233,0.0007855587474475805,-0.01831368726099356,-0.01725299025680531,-0.024243589087809072,-0.010020652561612855,-0.019712136756078226,0.004035633291903069,0.005414221894833636,0.012840223833896287,0.00905890399402172,0.005787169422719252,0.00111484580373264,0.008576861909599127,0.007201061319720103,-0.003350794803349263,-0.0005616891769507632,-0.004912135964948894,0.012566191024526727,-0.0013915451836725558,-0.002718364558176218,0.002591460816506379,0.0037283084576784733,0.010879691054051224,0.00908849433526268
2019-03-15,0.012924028387754326,0.011453762578081478,0.025346349410481157,0.016516976569804914,0.020386792145381416,-0.0030475193329331037,0.014222376837357565,-0.007410896233951815,0.000981079543416684,0.01723661866155208,0.011421364102673661,-0.005445968839553294,0.00399251902215654,0.006138255890281948,0.0167057573819272,-0.003611792691695614,0.005681882992282564,0.008469097364514263,-0.009409576915375011,-0.01637857282305257,0.015383189836354888,0.003408199863006293,0.014073620806152362,-0.0008062322514982453,-0.0009902006034279898
2019-03-18,0.010157004143418961,0.014219841024282868,-0.005076977648418493,-0.004242420191541472,-0.0017189911727737545,-0.00313013178971681,0.0007178919027433028,0.01421817423825848,-0.0027006699826166236,-0.008519134041740277,0.005988494809023414,0.017592011399263384,0.021012433493268524,0.0209011653330642,0.011287514541784555,0.01153653869644026,0.0045385434085176745,0.00029587917649207077,0.03396878727405419,0.022624854234674873,0.017247469835383878,0.006509002604012676,-0.007474032185642747,0.011682555302367755,0.0024026439623900586
2019-03-19,-0.007956220216566362,0.0006800460988452619,0.039231412495862705,0.0012932615319350218,0.11179140598811663,0.009216112288920754,0.011651437010125791,0.008318467399896938,0.0068600840267835535,0.0021054681594743574,-0.003644766240270072,-0.005717103274344275,-0.006690010388363366,-0.006205023637793163,-0.004560714561199596,-0.0025930384495392463,-0.0047780466701316795,-0.00385284057605735,0.010389811634194779,-0.002540180129346304,0.011244417875099166,0.0038636242618644914,-0.004577002111472199,-0.00148146878869635,0.007594069113629525
2019-03-20,0.008700532877198191,-0.0011056214896611556,-0.007482870560502985,-0.006482116019164548,-0.011605516433948372,-0.008341297847309248,-0.003077819446064458,-0.02612308396537812,0.0020736912358613226,-0.004837179715182638,-0.021579562733567273,-0.03465783272467735,-0.03439555124980854,-0.019841128323960823,-0.02047334005161521,0.005548467264798982,-0.004720289630935686,0.0028172770041640072,0.031893720118752314,0.023761742038911352,0.019904495279827,0.010642003720093827,0.010106821857171738,-0.011469157871080013,0.0034961135675589594
2019-03-21,0.03616820908488661,0.022714933633768242,0.05325792165774373,0.015121060168260618,0.0817771581676199,0.0058823609874951634,0.00425923552552212,0.006049670062243275,0.010543487532491598,0.010020208775847127,-0.01591243612143901,-0.016191742483695332,0.0013373802586670804,-0.010772735890105222,-0.006083664389106297,0.005763151369362719,0.009339451827957316,0.008844166811353384,0.010167886194133882,-0.0015816067508870146,0.012160922039608137,0.020581899331802492,0.007540402458986716,0.015111939294517441,0.008756841663252234
2019-03-22,-0.020925768225398874,-0.02672214825355063,-0.03563876487714229,-0.02558066057654666,-0.0560411475646497,-0.008654140958927236,-0.01187684286457694,-0.01975601879719038,-0.00798871522585008,-0.018385267793866,-0.03069874414061146,-0.04240555160380682,-0.029308478498758252,-0.03158008265841145,-0.04693012017156071,-0.016145854644191052,-0.022254536659519226,-0.03084969098740327,-0.03348500826183328,-0.040379279065224094,-0.030409398179863066,-0.006442734471462584,0.0023578357438401995,-0.06841702632288645,-0.0041601388795414205
2019-03-25,-0.012164699661130792,0.005197774781421967,-0.021180880674603636,-0.00905344723781579,-0.015285032955797294,-0.002193772957168738,0.0009554969919330532,-0.0009311598042314825,0.0007291256426440579,-0.003139522745468037,-0.008354490144194735,-0.006313682947569263,-0.0023841799534510227,-0.004772617789403895,-0.010716340268447162,-0.006982617793051443,-0.0016259660837353673,0.015022041474082082,-0.009653600262320735,0.0,0.005363007055880073,0.004915061199783462,-0.005851963918849628,0.0017017366509413862,0.0047137523405783935
2019-03-26,-0.010385523828058319,0.002122850910561428,0.017625197987114885,0.01242734575506803,-0.010840167324373548,0.014245535365236667,0.012572671154232546,-0.014156162392022184,0.006897520462395182,0.01559913091228703,0.009957142042097997,0.013691146124829906,0.01149827021556199,0.019158121618168718,0.014644534970932202,0.012928830968470986,0.010039653206278615,0.02197216786715253,0.02122139109802194,0.013564233016573092,0.005340129956768722,-0.0017942303081643447,0.009431962850523539,0.012672956278685471,0.009086841178567175
2019-03-27,0.008954049834753999,-0.009715805239700323,-0.0020944445300868655,-0.005253272188896096,-0.0316357400527916,0.0009375367931260645,-0.009474111013511907,-0.00692645405692004,-0.007626646105039255,-0.01083123181605748,-0.0034084073346302224,-0.006637103862466484,-0.003467243954881008,-0.004909008765081469,-0.008036278598404757,-0.007687531060571813,-0.010853839926308015,-0.009525550772601542,-0.0019008555879724482,-0.008631848788804474,-0.010176281844700066,-0.00047535040288936643,0.00015998335900993467,-0.0034838953010503247,-0.0030198021910068486
2019-03-28,0.0013254557637475614,0.0013693565378067576,0.004240341552253257,-0.0009410959475481358,0.006806836299222721,0.0012971048929780527,0.006404813236881784,0.0021489002152987914,0.004123397366474779,0.0008758008589935157,0.011283295730146253,0.011037630467946001,0.006033404144173246,0.006540098343482713,0.02037370752900038,0.004966389800310941,0.0018714201606691602,-0.007834791370886498,0.006848276246943833,0.021785331116144193,0.004362605019555914,0.004270803208655897,0.00997645389652221,0.011368517783114426,0.016633069916901454
2019-03-29,0.006496142882974353,0.008600612235584199,0.01294855302012638,0.011047959710647873,0.01818954825727283,0.006531007646021941,0.004247505376226735,0.020552724817500766,0.006513725082899006,0.007848203780369429,0.005150383740351191,0.00946846245672323,0.004228137279737392,-0.01581002323399959,0.0038649393186834303,0.0007430179008888419,0.0012999304677934927,-0.009544008963695033,-0.0006303071028504337,-0.0011467919704658295,0.004124747912130558,0.009582559388627546,0.0026889796624344877,0.0020208543774630524,0.005124336906806772
2019-04-01,0.006768563089651421,0.009115401868961237,0.015034555252895647,0.014971108123977278,0.03238525637472908,-0.0058113055369004175,0.008674124328645436,-0.006980466844291102,0.0015622169316368425,0.0023548748145701824,0.03313072144271138,0.033853193807733176,0.024439658829776088,0.010089957320895734,0.03381584709883535,0.011444001007284413,0.01418681373860511,0.014133871551294601,0.018322175537319005,0.026945823130782615,0.0186045153621656,0.019353912537778743,-0.007983113725223824,0.01203981366576327,-0.005124336906806673
2019-04-02,0.01443220016306278,0.0014274036339298392,0.003942057461285319,-0.0027557025964742208,0.014686740553249653,-0.009179801808760294,0.0016325833701555886,-0.004612541623898895,-0.0010812564349538573,0.02795403690498252,0.004766879727213229,0.011496371663230816,0.0038553572207106566,-0.012368980145415421,0.0009319833298843224,-0.004291796183516585,-8.011979948428166e-05,-0.01999467332160926,-0.009222878073358696,-0.006050215298368861,-0.00011582341778240666,-0.00682142200153608,-0.0002124789939747484,-0.010141696854777477,0.004182409298830249
2019-04-03,0.006831588657363088,0.006522941678579638,0.03024838691301548,0.02039399792672451,0.08145078988810155,-0.00392933886471272,-0.0016325833701556307,0.005833568736678749,-0.00036069868424267864,0.00012045069064424073,0.0019953543775020864,-0.0010398371869283403,0.0168697402520853,0.01339253319127063,0.009885610240466454,-0.005915630492411172,-0.008359499565916547,-0.01274113093499482,-0.022319351819418572,-0.020436902675908687,0.003697784072046203,0.021888307726842873,0.0,0.0011846947431892354,0.0008078735715623768
2019-04-04,0.0017389834840889928,-0.005097572621966028,-0.0019106664979938795,0.007899490894072027,0.0024092145223657884,-0.01173269409843271,-0.0023369605299862197,0.006285032816562169,-0.016118588173079245,-0.0032551410174106064,0.009613785696051856,0.010691592874741895,0.0067973442887724585,0.006324664931154866,0.011614123354591846,0.014115075382804036,0.007318438107669885,-0.005356693557979915,-0.0027716226168496205,0.011631997757919616,-0.001011142822082204,0.009221882264814628,0.008037623000115587,0.009543400241719367,0.0002688672463400051
2019-04-05,0.006671922776139725,0.004430342429912971,0.014187764499601505,-0.005738917068751215,-0.0037885566557945855,0.004489512613568285,0.005832355368510503,0.005603107065216245,-0.008588648628297427,0.007699160054129513,-0.0023709636844782334,-0.0024044139813533733,0.0007416553671011336,-0.007963155611789586,-0.004110763564296689,0.005348356915066149,0.012897039020171943,0.014625419599219225,0.05159758264888572,0.020202929254781257,0.010076259837952517,0.007999554977402425,0.004414781367325804,0.0014064651517995135,0.009104128916916797
2019-04-08,0.015613469883535411,0.0003335689612131309,0.004389467022325277,0.0014380572069460297,-0.01564973180378929,-0.00029394174695013405,0.003483090177125724,-0.00012084889248751605,-0.0024682373281303804,0.0063308233039184834,0.0032236184265824206,0.0030902070602706255,0.000790114445158253,0.0020478829257365248,0.007901539810690182,0.00616343319100493,0.002054973856918204,0.006482037726654498,0.008581235221618204,0.025667542361250194,0.006823719866722192,0.007347214332272737,-0.00452013987762942,-0.007876528365723601,0.002263539074032805
2019-04-09,-0.0030032892864963142,-0.0054342797610956225,-0.013279320083863627,-0.0064866502804033395,-0.04626971641400429,-0.004195570866618046,-0.006978485015649852,0.00016096749578966446,-0.001854492381029548,-0.01547987676419498,-0.007410333039922337,-0.009644872006239338,-0.009524709433212474,-0.015254799718205907,-0.013255278067797197,-0.012975329421512586,-0.009040062577726826,-0.012854470859018887,-0.00918955857355997,-0.012861160291265768,-0.007607779201279648,-0.013104437956349769,0.0012109060069726968,-0.005325030179856483,-0.001064445277971265
2019-04-10,0.005598566297540636,0.0076000070428879525,0.014894121870290484,0.00774292038167707,0.021428099917476517,7.375121174579691e-05,-0.002571081370070482,-0.011155774575035422,0.0002476857871276086,0.0031392940270402957,0.004471600823725514,0.006210960415232656,0.011694753655948055,-0.00729726532049225,0.00489577669676649,-0.004526325646800741,-0.0003984172944484069,0.019145842209684013,0.001621790445357073,-0.0006583871031035311,0.006239222182829155,-0.0073440590777434315,-0.004534588012182042,0.007093559758674064,0.004780988508226624
2019-04-11,-0.008359159147653759,0.0011641273512264256,-0.0029194778822371876,0.0008967088073078923,-0.0014382960974706714,-0.002732835480653521,-0.010823630981455827,-0.044082168967777446,-0.012200120863814534,-0.014327676037118793,0.008413438988887412,0.0,-0.0007392850753786159,-0.0010466752411917874,0.005935060580498271,0.004770376272312822,0.003976389138918989,-0.008999596261200163,0.0,-0.00528296412249693,-0.0017662898283274766,0.0102270837201887,-0.0017985791303890917,0.001412792381689949,0.0051536318299805544
2019-04-12,-0.00040212814052184586,0.005139346994886002,-0.00801982709937622,0.011049617597340255,0.0021567033716894503,0.0056785690565229205,-0.013336532483784469,-0.0532133991282207,-0.005147995476910228,0.0009909331702016516,0.04581386720750242,0.03714138519297606,0.024400432854642645,-0.026532269794779913,0.022651405612623462,-0.012648234275576369,-0.05071268643795566,0.014954716110522093,0.06451932439250554,0.007476308693715687,-0.000547840342124972,0.011694101120151455,0.014298113547297715,0.01448302803402648,0.010228029892336959
2019-04-15,0.001808585534732363,0.0008265781723480573,-0.028343789531297556,-0.0024844622583760027,-0.018847982922195826,0.003963385784386658,0.009069085012472378,0.030790756036866904,-0.011395679428172158,0.00309000463621367,-0.011485782007403295,-0.010998268717119737,-0.03890118486420824,0.0060045621245851145,-0.0005935747551645954,-0.003342279470488652,0.003167970494188996,-0.015406825345080637,-0.028668300601592325,0.016295526887942273,0.0009815792097550853,0.004942591553018128,0.001303842880684866,0.006818083916513567,-0.006412812981142275
2019-04-16,0.00010066654264453108,-0.0023160080426196435,0.0188253508486147,0.007611190547992846,0.02171639373514223,0.010927474649080773,-0.028191176395244606,-0.04096672913710003,-0.012428769344191666,-0.010171253614794375,0.010496069975293964,0.0013394324463849618,0.0096080001600175,0.018640539905127654,0.02824097512848668,0.006796278834497244,0.008536873578961572,-0.007565575830181866,0.0022495648824386433,0.0200562393074995,0.009800755062900292,-0.0019058390608621975,-0.0007821578609130395,0.011109399163827237,-0.006058392058253919
2019-04-17,0.01928553050859462,0.008246217770239157,-0.004900154516863284,0.03210139136997909,-0.01587909703238567,0.003616160830563583,-0.025743856946934585,-0.01882217741419727,-0.04806861587186853,-0.028195791490654067,0.02839580570999216,0.005007518328273511,0.02958202582399056,-0.0021008014158378735,0.014893659630983514,0.00282877040523434,-0.007455453098841188,-0.0009114845942074946,-0.004995324486018607,0.0014774460757223352,0.0009549381687978624,0.010121268218644402,-0.0004695323577761994,0.01053646388548532,-0.007691445191147927
2019-04-18,0.003587365318553356,0.013053843516966241,-0.0052999482128434664,-0.0011959519686657427,0.006887847923454455,-0.0072449061756299565,-0.012617034174120275,0.022391201165702777,-0.00992440884070335,-0.005271592021605737,-0.007376146416660669,0.0,-0.009617914763281308,0.0006309365952239271,-0.009712919177258108,-0.0036908121693600623,-0.003414786566856151,0.0018222870150198542,0.019736917850799337,-0.039802843642218456,-0.001679793447630733,-0.004317928588627549,0.01707612635970813,0.00528277887412605,0.012435538188086435
2019-04-22,0.0032813348585545533,0.0031561476287332376,0.011580557272556245,0.005626199220079109,0.017902375525445383,0.0022513472566214796,-0.010209082262621039,0.02388372426733605,0.003682245491892591,0.0074490550657163096,0.0012332234552914364,0.0006657032796987477,-0.006382480989913167,-0.00674816210903694,-0.008359781285348977,0.021581906341296878,0.016876735324815484,0.015957318405607875,0.03034253487948268,0.006344833169396088,0.013667838256111457,-0.004288281952988174,-0.00509255871976073,-0.020843465727674985,-0.008715162043960271
2019-04-23,0.014320194979596877,0.013483544083437025,0.01160540456492996,-0.0006803867642716648,-0.0074800346355394925,0.014906884556195321,0.011224408891756197,0.015163490073373944,0.015399242107725601,0.006504931310914241,0.001231542244085951,0.0006653356187944085,-0.0022511421719199256,0.0019024334464337886,0.001590607742617792,0.005773702920334313,0.0009840396716483874,-0.007645931694371124,-0.0043990339215126606,0.0008722137095957386,0.01913424706845826,0.0061827517181084965,0.006886352598347789,0.0008008742825042193,0.007794252504769481
2019-04-24,-0.001543185478863485,-0.0034339157677093024,0.0026190322584242576,-0.0010211113771836544,0.017367077828278572,-0.005016339910195122,-0.0012691421765014621,-0.0009981639786139156,0.0017412611102865943,0.00012684095203467226,-0.0016717814101648825,-0.0016641697930546981,-0.017792054273577804,0.00274183382919342,-0.005360860891807715,-0.019620704177476345,-0.031130456253120505,-0.02668852466362352,-0.025269803287084214,-0.03661796310970689,-0.011512265824974863,0.0032461810761134544,0.012064656480927777,0.010920315611905622,0.005250172295282284
2019-04-25,-0.009116992648808919,0.032580674340514204,-0.02253610001938002,-0.019084387833349703,-0.028512239772732113,0.0032276962227976154,0.006077668756871226,0.0019083219533204368,0.02131555191037229,0.008480430492579443,0.0005278739152214223,0.001996822034524249,0.004279073949586155,0.0006316721795604454,-0.0014535964442067074,0.005610718436151906,-0.003217516450184893,-0.011346994702841593,-0.01805668907533783,-0.021476718253117977,0.00026289721788828917,-0.0010648127831077224,0.0015165480912384245,-0.009434444420914673,0.00938114870509957
2019-04-26,-0.004785009967731877,0.005713640086272931,-0.04833781367202452,-0.09421736333287517,0.00792223507063639,0.005285340851840155,0.009047451344020433,0.02655177507409789,0.003791414987613808,0.004527363302951563,0.007541534618898971,0.00893601173568473,0.008307141637209029,0.009427127125216721,0.011284470371460756,-0.021265529774310097,-0.006808918235394143,-0.018777592653171207,-0.04201490750074084,0.0,0.0251149873085396,-0.014093924656939228,-0.0025798381004939947,0.00852890370505275,0.004399567416592804
2019-04-29,0.0015158388553632132,-0.0009243705221830345,0.006938666996834356,-0.02549847739884703,-0.00683819932080284,-0.003925682621756788,-0.009552691574215923,0.0018969330815802022,0.0019555689220712704,0.007500139681839513,0.014311247953723448,0.013743514669363355,0.018732287663792015,0.006442777010058248,0.02163156485235593,-0.00648149816401267,0.005280862806224364,-0.0020728239631393904,-0.009031286736109347,0.0029978584782865553,-0.0062740364215657365,-0.00714679152526049,-0.0015209236293357658,-0.0005659874050165265,-0.006996639423678357
2019-04-30,-0.019444093650354807,0.0063754571677121265,0.009269089109834948,-0.0013706568482847576,-0.002169247908558767,0.00967806490032956,0.025437868838828644,-0.018617959402092987,0.02482626003641353,-0.011397213820878499,-0.0006028813139536303,-0.006193911229043113,-0.0048445342219693875,0.002896213450569779,-0.004656767458400086,0.003868904052151095,0.019682634350474282,0.00747387095893347,-0.009841908667264357,-0.017420103476383154,-0.00616314988039783,0.007588446505297288,0.0022806096738280214,-0.0048836848724252094,0.009962034176007767
2019-05-01,0.0479191405345297,-0.02104691812528437,-0.0029322614455785587,-0.005501231686665082,-0.030127176233555115,0.0052975896748983535,0.003932211400854983,-0.0048170442568646315,0.0001268233101428821,-0.00631772368733836,-0.0076985165159752554,-0.010519485102418048,-0.005795808833661298,-0.0037251367246590532,-0.01052201710770689,-0.02025865936585865,-0.018918534884188,-0.007154898510953887,-0.04427652163679432,-0.031174265519323018,-0.00781652975766392,-0.02434874228226196,-0.017359335609226346,-0.022219615307559795,-0.002062066729277384
2019-05-02,-0.006529136738742442,-0.01314499551391376,0.014959100343590034,-0.004145374699170333,0.05373348534792269,-0.004731113193281365,0.005869374336642668,0.002153200579649453,0.010111476113383025,-0.005338229453022363,0.0021683866995356287,0.007900044105465503,0.0012690701232187444,0.0014503560969142551,0.005701564186812128,-0.017697464460839023,-0.012212515867555236,-0.02226595141973108,-0.03004742034351392,-0.006061350153419983,-0.005613323539631774,0.011055209442725582,0.0022637806260384003,-0.007361219659374602,-0.0006448887515140072
2019-05-03,0.012354841262486826,0.021089583054603827,-0.0009829849541237409,0.023461477586858886,-0.002477495582907421,0.005153723524858036,0.009223307988443587,-0.002153200579649394,0.006017934600851933,0.0030538030678863154,0.006133011130393271,0.006861424855630226,0.012266750643321543,0.007220299495360307,0.010812223909938034,0.002326369615313444,0.007618252212150603,0.011679244204539313,0.01921511287044227,0.0038833107269466557,0.031913423628043114,-0.0022409226098207996,0.014842541800087592,0.005030231891114128,0.007458884272926963
2019-05-06,-0.015563194257947001,-0.005835376265171898,-0.01741783654424193,-0.004188978111322919,-0.028758245176204882,0.0005634421165941767,0.00626226341079943,0.03619816380650254,-0.0065209687234600135,0.006963320852299018,-0.008909626942267298,-0.007845514741366915,-0.005266377514793173,-0.004532607627520233,-0.003685488556562088,-0.004398587255364424,0.009589965030083733,-0.0020989829825313867,0.0037335213761291895,-0.0009695547717318779,-0.006087452958372469,-0.004647625879305458,0.0069621530581844525,-0.02516833682523393,0.00012766520347332752
2019-05-07,-0.027327181092486358,-0.020736384252174812,-0.03819580659688889,-0.014552768704496528,-0.028108367889502058,-0.01503274712442705,-0.019884488998229602,-0.010239548645367247,-0.02007979169247528,-0.016666116243267935,-0.016469871970170306,-0.01821550183052107,-0.01857996792544596,-0.02636122342956387,-0.032477694931651695,-0.00533007102012851,-0.0010989479756161077,-0.014323154561093161,0.005900577246003657,-0.015640509380088114,-0.015265430980201054,-0.024646612035578826,-0.0043332513481826145,-0.012401329652700917,-0.0012816049309982978
2019-05-08,0.00019724784918341497,-7.961964119596848e-05,0.004668179375487935,-0.024870856682807748,0.016000352702545836,-0.001286665821684321,0.002934783457297579,0.004610432362013669,0.003587693637414662,0.0005132001670106154,-0.0053139970985644725,-0.004018605082647335,-0.008325132269919213,-0.0036103871602197754,0.0008799541677306939,0.0015629185640856247,-0.006531593813045008,0.007024594488626353,0.024219569990772395,-0.008161244248954435,-0.0016829004229154195,0.0020515986537807617,-5.064050960108645e-05,0.0027826690459981187,0.005782616773962503
2019-05-09,-0.010802274161171141,-7.975567016790142e-05,-0.021680332653490498,-0.05467693126289033,0.00441985741879928,-0.007611532938514239,0.0012311660040319721,-0.004946488406851867,0.0019170890358122905,-0.0010262036327364397,-0.00079952436086787,-0.003024777624547315,0.0033780435736759833,0.00407304775619819,-0.008686303471495727,-0.0009109775193547159,0.030921353075455904,0.0017889843069762439,0.002230966140614294,0.0,-0.00937755492724011,-0.003027745005517959,-0.0015156909706838116,0.0025336627482556153,-0.0019239773553072635
2019-05-10,-0.01395031279537959,0.01290449056659897,-0.00808190343803778,-0.009049704055540963,0.027190365472995397,0.002303844272720714,0.0019664735960899338,0.010949683450643623,-0.001789024646260766,-0.005921873179462807,-8.913976321214659e-05,-0.004385152395727174,0.0020806895134256385,0.008733751353756843,0.003984669072833605,0.008657970629335309,0.006579284278109181,0.011124038200035815,0.008032326699188666,-0.017788028851850875,-0.005219207390946392,0.0,0.011364467581812233,0.011622057429383147,0.00665308109588859
2019-05-13,-0.05987674375352944,-0.030184222222079702,-0.06339394786643708,-0.031665004065925234,-0.06348992926816908,-0.013393830066576396,-0.0036906398589256636,-0.004331891220384615,-0.013130979616332555,-0.007517032548397011,-0.027573978390521107,-0.04600520024873093,-0.035669379741452734,-0.017544157901392767,-0.05323325291262899,-0.011164665333102612,-0.01278693700263181,-0.011859373059614091,-0.015915734780635894,-0.03603089162025265,-0.036258277894010836,-0.022031220894896356,-0.00481179928914482,-0.017059594874286894,-0.022438191518315068
2019-05-14,0.015706135378941794,0.0111254317823379,0.022404109963294363,0.009118448408633241,0.040334068178915446,-0.0027736010664317383,0.0022159771787048275,-0.013110070341983306,0.003234105550511753,0.020218119619948047,0.007917217987993146,0.013012466287373854,0.006696307403700023,0.0034474151783132102,0.013576291740996196,0.001320139542664708,0.009913643780705006,0.018298700130484808,0.00894412964338713,0.021773845709250044,0.009522776139087656,0.006702411394561035,-0.005137903624396849,0.013718363566362383,0.004943497569163192
2019-05-15,0.011908303607911919,0.013983964743981555,-0.01529783278622425,0.009912949750027308,0.009471846066705114,0.0006577080586074806,0.011978828945080686,-0.0014814576224422811,0.0016782101367447042,0.0043254559589733284,-0.003814334998205868,-0.011597459534797547,0.0006115149729415743,-0.014080151871507723,-0.005993798202456646,0.007360011753923438,0.004102157535498772,-0.004502976027252465,0.0002120093635624383,0.008425773448164163,0.016722493404126338,0.0007298595330285319,0.005339342602384477,0.004055652283346282,0.00904274440557673
2019-05-16,-0.004409615177949674,0.022829028132622723,0.0038151324195047167,-0.0019746288259102213,0.01547072784457231,0.009450522787869491,0.011837565089212482,0.003003020642305742,0.02016912840905693,0.009097539123749976,0.012748217384821733,0.010548376176866485,0.013854712547422623,0.0013080236882957712,0.01696640065591332,-0.00013104971006559123,-0.0012406835615575752,0.008506629270963132,0.00865250814632653,0.013385697772784273,0.01927695612143547,0.0032283752213443026,0.004610360311157097,0.003208842166922654,0.014554179844790358
2019-05-17,-0.005698083382474907,-0.006692549908454729,-0.02311302385816265,-0.01415655374900128,-0.01837559277092446,0.0028900943666860155,-0.004090788126682144,0.019198628046691483,-0.005194872805246733,-0.0005028057205892462,-0.004863205505442168,-0.006667619109719285,-0.008624105948799081,-0.0043669156356291,-0.013888143777076289,-0.005910426000545753,-0.0023206373895665287,-0.007540092199980227,-0.02295536426655465,-0.021299028982270013,-0.02042670477171038,0.0010392101884832744,-0.0038574190482428424,0.003434886818396021,0.00012671597841530625
2019-05-20,-0.031769134735505626,-0.014550625230173198,-0.031013097794438605,-0.030075745997770395,-0.030271772186730078,-0.001371999661169406,0.0028896057103768038,0.018918404654564003,0.002030327333986269,0.00452009049794322,0.005222399512438258,0.0,-0.0009628108476158573,-0.005485372924770686,-0.0016920696960799522,-0.00013211787193562172,0.002651438537098959,0.005620236505716675,0.007070296918467961,0.0025595777798957326,-0.00538090784314732,-0.00850044753536,-0.0011551385526841274,-0.020547850304847508,-0.028927957548972438
2019-05-21,0.018989637138623876,0.005372961257238066,0.021577642539691258,0.020450568969421025,0.02480231032989945,-0.002169480033362114,0.0019214655307214705,0.015930141978222435,0.00782916331447484,0.013192447893433329,0.0034070796860386867,0.010159556404744315,0.009436198847252022,0.019177001565298543,0.017094559628096775,0.0046009533236860715,0.004129320715870382,0.018561624330712612,0.020601677605765947,0.009666637140973692,-0.0007803291762345315,0.0026152306138647503,0.00426224692177502,0.009490021192750206,0.011284954910130892
2019-05-22,-0.020684351149130507,0.006049490426866978,-0.0186166919221295,-0.010400127591320127,0.00219136193213004,0.0046230735121225485,0.007650009963065239,-0.0024034836363980715,0.01844541674699016,0.008740399557826248,-0.008178110427530595,-0.006995634701850824,-0.01819469344425107,-0.004976982609013084,-0.021723349349463062,-0.009090649789955657,-0.00636612276673868,-0.008999916144458223,-0.02885495669164743,-0.029806765190205326,0.0011621835874950752,-0.013355954442440308,0.000600401236823721,-0.00527457198240757,-0.0036179657479800263
2019-05-23,-0.017217141462462216,-0.011739318340697857,-0.03258834077357904,0.011973544960184263,-0.039060171959059066,0.0073952007680474765,-0.001668357439130154,-0.011455248543504484,0.0004936575050320831,-0.005407633531705954,-0.01986746529765001,-0.025956996172541814,-0.01832344718374324,-0.011782522472886255,-0.011823308591547562,-0.023703486592136978,-0.022648109927880404,-0.057951650734280206,-0.04468172331813459,-0.02241924521021018,-0.024054523961227404,0.016224519303480914,-0.0049631776787711565,-0.006753498213311666,-0.01093368362860622
2019-05-24,-0.0038479281611697226,0.0004754550213629142,-0.01483919006615623,0.0008976626441927836,0.0030303023935702353,7.212200764396136e-05,0.0007154077228279335,0.0045733835882575775,0.0018501960851094548,-0.013523045868667916,0.009800754926172914,0.015016601865960134,0.00535080134623489,0.013299768363179162,0.0076387814035038856,0.00419219789775812,0.00710107823739195,0.006366176755814791,-0.019204559280572176,-0.01315617868328457,0.004287174525437958,0.008247359040267443,-0.006049161595616415,-0.005825281439880651,-0.0034082277895934347
2019-05-28,-0.004143095881847441,-0.0006339260092939484,-0.012618303003751141,-0.022691933229086914,0.09414042185260776,-0.012902351897774184,-0.0011925646609514274,-0.022750064747368,-0.011274712077319272,-0.02568291510245752,-0.010906138685370421,-0.009986051947451636,-0.018617613667603197,-0.012641673674825864,-0.009361707489370291,-0.02031289118113606,-0.0033753554538708368,0.002835248918582603,-0.000574028702363222,-0.013605819563314905,0.0071864058679742045,-0.010593754231963825,-0.0055776610109892,-0.011752846967696446,-0.005926742993548682
2019-05-29,-0.004780641263100769,-0.009717450142763722,-0.021081457975715725,0.0150345571342546,-0.03360481048668439,-0.04277868059783451,-0.004304954353546625,0.0014036399920404057,-0.01127691808919104,0.00038439902259613146,-0.0027681348613851917,-0.005390926622388995,-0.002867496820345631,-0.002415502394481486,-0.0012550631078644449,-0.006216769838959613,-0.013102051149987956,0.0014972112220873026,-0.007836405870707564,-0.008805859630908042,-0.009432116847075527,-0.008177709814116831,-0.003310556655927746,-0.029114731563227837,-0.0055636636446527365
2019-05-30,0.005173098422180213,0.006303268219041286,-0.0076623292958350065,0.011240969033132802,-0.002138256874755569,0.0059217861859344415,0.004304954353546645,0.004527882164410125,0.004024017526754324,-0.005781360310958708,-0.010776821068369654,-0.0214903585843614,-0.003622484550369303,-0.009499918207442814,-0.001570723896493958,-0.002636713986488005,-0.011974934091693973,-0.01998526897127305,-0.02899448349324261,-0.028028635941194615,-0.0015788850263094745,0.005720796937055448,0.016293360666053178,0.004932685524531263,0.011752972934794792
2019-05-31,-0.018281346444069577,-0.016439279651054267,-0.026588578872656227,-0.015546131191371916,-0.02236748492567891,-0.007293384465733741,-0.009110843895811122,-0.007006149642728053,-0.005915950678572383,-0.011664169959401203,-0.010327534935149152,-0.02083407112672681,-0.02639019458762318,-0.015209447411727094,-0.023220140524671855,-0.01681409208936782,-0.013349220977063734,0.0001695735681142182,-0.025085522930757175,-0.014026595454071493,-0.022972616855778175,-0.006457744716674697,0.0009589520249540482,-0.024331972868388813,-0.0014452011893376186
2019-06-03,-0.010161983147251355,-0.031539841356627775,-0.012479999390471536,-0.013257362094548121,0.006182964851052757,0.002208794168578113,0.00958800083393451,-0.021909180196992468,0.013168851241009081,-0.013253990060612444,0.0047074183826951695,0.00300291820467699,0.0038284312845665545,0.0033750609831094797,0.0073744596397836305,0.015562703014838726,0.01862198142047578,0.007771583653696661,0.012983266551512631,0.022799648567675145,-0.04752091720062188,-0.0014758134124127748,0.0025688396608587664,0.01057373599214804,0.002101431560306919
2019-06-04,0.03593059229389803,0.02732673248844375,0.06664798443465332,0.030144012245708698,0.0696694539450555,0.017272337789479838,0.007367981082312309,0.01759879923416811,0.010164882691454819,0.013775150072967717,0.0303445051964856,0.04542935071659213,0.0358685656377529,0.02572209653092198,0.05090954867588157,0.023511260308679637,0.011230846396475426,-0.005399829734272824,0.015906571580553704,0.02092834776130813,0.021548041312531258,0.029522554242973103,0.0042669680087677065,0.04587834401528794,0.029729321445072295
2019-06-05,0.016014718041409918,0.0214473292522207,-0.012100725083666419,-0.005372891628558598,-0.0023700601981591243,0.004848781724424357,0.005902238241590631,0.008314020254098982,0.007495217420241846,0.004030920574136758,0.0035475503546711024,-0.0003585540992120255,-0.00761276618663126,0.003932549024982991,-0.0015188002194733623,-0.008323525901370882,0.0029793576159474165,-0.03477710817576958,-0.02705959553197778,-0.022358026921984814,0.005155703373834923,0.014337662519799288,0.002501722598960833,0.013387365486570558,0.01817325223535726
2019-06-06,0.014575032471751086,0.015691290207043553,0.017540762196579743,0.012270099782031236,0.07570474997317586,0.016970823707434773,0.005399690594216413,-0.003920803476004639,-0.0030650405647761297,0.00012993964670649833,0.0021768626126728173,0.004313549995158936,0.007243983873630367,0.0013076526207395532,0.010434962572566453,0.01806001198022286,0.025428412035871307,0.019431522432269883,0.02694091808065777,0.0031429900473172634,0.009081436911120979,0.0024374410794611797,0.014484937653454799,-0.0032695019863695617,0.017848654022871453
2019-06-07,0.026268873693754684,0.02762294751879277,0.01189149995262318,0.020411278716811764,0.018371999126456443,0.013588693382330755,0.004904934981157111,0.020263067997570678,0.012446954459189525,0.004660134885999372,-0.011023295697240537,-0.012633233271508898,0.0,-0.006335471130999315,-0.01180415252768777,0.0036269496044295064,0.006607184716171436,0.012973831824075651,0.003908150286694381,0.015570058484461467,0.027918906052417206,0.0006591780152375476,0.011896282255823743,0.011576261527430081,0.013180889481728764
2019-06-10,0.012698202708148911,0.009090832656503211,0.019937369009704622,0.01658975838068274,0.024986056145481914,0.003386888575544265,0.003488917848684704,0.00553635540134946,0.00024251945840419268,-0.0062183960523678455,0.010751645480714426,0.019424953541163685,0.022452733873782587,0.013928416092858987,0.02153532353401881,0.004414762411486479,0.006645714730136582,0.005075354459358089,0.007067291464596286,-0.003658248714140853,0.030892108542121297,0.0037942582802759513,-0.020552349901357552,-0.010001030230458759,-0.006690919868094326
2019-06-11,0.011513242589203972,-0.00377782905437649,0.015509381626709073,0.0010675854330796325,-0.024986056145481942,0.005451665135766318,-0.009330730343015915,-0.00919021071012693,0.006043710274405584,0.01572986223384443,0.0030767240928940057,0.006038241305027496,0.0031376452633027725,-0.00021582995290107332,0.011259568295745969,-0.0009347701223053666,-0.009200849385550451,-0.008983995882496076,0.015143105025192454,0.03381666568089229,0.0016485738255401748,-0.0002020446471057653,0.009689666274553116,0.008200977361726808,0.005356355543361583
2019-06-12,-0.003187730055544254,-0.004628132083137395,-0.030647215315863743,-0.011377046210526617,-0.007121861397770156,0.01350125095308721,0.009562695659106599,-0.005587613262109675,0.008759053360808584,0.005104381130150897,-0.012821415048376259,-0.01032237055349594,-0.023432797865173084,-0.029617338101858834,-0.015888559961034755,-0.010882198029719944,-0.008120671518320568,-0.003069467188302885,-0.017140289697559048,-0.030719990025492003,-0.004506557485555057,0.0046857233404986685,0.00818251171045049,-0.007595522167785104,0.006775548373163956
2019-06-13,-0.00020587964942542404,0.006292289855670136,0.013991916996112326,0.008170395888270947,-0.024855799637914296,-0.006869769449502265,-0.013554604611491735,0.0018795439736435772,-0.009723873914578605,0.0048246218343839745,0.002468022148618796,-0.0003577735352635857,0.006445513720963243,0.00842529815669556,0.00403297024914905,0.008742124647965496,0.0059726316648117716,0.008672757179091358,0.017024421046938035,0.03344201276239443,0.008041663860675924,0.016995549673601625,-0.002149339012235979,0.011790349370050836,0.00505162359023898
2019-06-14,-0.007288998128680892,0.0009819489218348347,-0.02471952642572918,-0.010981233791583694,-0.0333633787784866,-0.00441607587170047,0.006098876874588546,0.006091204700967751,0.005208213704508847,-0.0032985305911408767,0.002552773288994429,0.003572630016160865,0.0010961904884128487,0.006602433790101987,0.0059451489795217865,-0.004428877613671058,-0.0008274516551879681,-0.004071793801227983,-0.015379525624605251,-0.023653519813997777,-0.00033692003755475005,0.016760286773654737,0.003904483175626851,-0.0020352324967075077,0.010621275200319129
2019-06-17,0.005948883407825191,0.003015389881115876,0.0026927105345656375,-0.0012993880782788021,-0.038957237228936126,-0.00465055527048771,0.0028026823295673716,0.0024419985553102365,0.0062621891262180105,-0.0005086337297741394,-0.005478483865701672,-0.003930773195775333,-0.00434001986808508,-0.007043786608701453,-0.014028002047234374,0.009903747334724978,0.004789648986054346,0.0032249106573532284,0.003516239915495967,0.0201137475107227,0.008712154694986924,0.005862616287475003,-0.007235493175556238,-0.016067863698608825,-0.014588181550959112
2019-06-18,0.02324609340913954,0.017238568128558354,0.05271265664641351,0.026525648815758023,0.041917283809089385,0.005649278637449255,0.004421080091245032,-0.0010980465887286284,0.014184634991956381,-0.0050988497294783535,0.013550002639950919,0.024404560384983152,0.021514250628429134,0.018168214393234385,0.0214105039345866,0.008619110255823481,0.012606273088600104,0.013800188723173094,0.03257462173133063,0.00733781700755926,0.008100570364277153,0.002413220510739011,0.003428866975844884,0.02632189626426616,-0.0012053970351148338
2019-06-19,-0.0029267964895883934,0.003913749819667793,0.0015687326532050814,-0.00635343351482979,0.001640664401977377,0.001567747283344739,0.009934252055044772,0.018109177951111045,0.01024420512671778,-0.00821244025541467,-0.007252261591829762,-0.010537669810358509,0.003379237300265307,-0.009808935872470939,-0.005753641606264294,-0.005560891431845086,-0.0003252597029316564,-0.0030129484524571044,0.00395572447578634,-0.011437934757904241,0.0038948776411954953,0.0022145814680368868,0.00019551083808838347,-0.008936450088923497,0.01067606100592781
2019-06-20,0.008003425550559363,0.009243236936798606,0.006379788006949011,0.00254631215342858,-0.016196016534237946,0.012453626835635334,0.0022959422057785817,-0.009760129136449705,-0.00894339725147932,0.00936221672523094,0.002544190679158131,-0.0017668994470243459,0.0003066628473726752,0.0045893466133012616,0.007517216724992234,0.01698211253598145,0.01124739219205509,0.017449433896104847,0.031096813141788946,0.0465574043524625,0.004912512407217872,0.015792811556224175,0.0027826231812144637,0.020025273141456527,0.010445023412639785
2019-06-21,-0.003415191356212689,0.00014610468248865737,-0.01530154615499265,0.005705122124795128,-0.030792479792755897,-0.0008446939352087418,0.0016043139749555698,0.01807907830918248,-0.00035434331195288536,0.005600667713599185,-0.006829549649005952,-0.005320227418959633,0.001225620472299534,0.022211469822905942,-0.0019107335987446285,0.013999009010918514,0.0052164688275467535,-0.006114021439575733,0.010009745017431924,0.016336454027424542,-0.0035983699946728416,-0.008843783359997434,-0.004201336479156415,0.005965415641441349,-0.010325836197517972
2019-06-24,-0.0010066728910496131,0.005896311775460115,0.005912965510350479,0.003575783146492582,0.005483216127951902,0.006804050382251979,0.0020587068944713906,-0.010519567596962948,0.011053794891128916,-0.004197671600812939,-0.007152787423611304,-0.00499105259391203,0.007879231360671923,-0.013310872240306748,-0.008272830177977369,-0.009570779699826809,-0.00015976637798639057,0.00314416087552951,-0.019789887343977325,-0.00593345263155642,0.0013593775173542787,-0.01875274511427217,-0.0016659496383912176,-0.014684519053808331,-0.002030232693605445
2019-06-25,-0.015273652651073178,-0.03208149148657199,-0.007759716856954183,-0.01651216053352624,-0.013764828919896659,0.00821410263320653,0.0,-0.007963008861561082,-0.003162472882403751,-0.1773626798001833,-0.008317151623506006,-0.007893854390806634,-0.007266938316952162,-0.0028134883810124437,-0.012990515276592542,-0.008876291414980912,-0.010219687491894653,-0.01246968936924319,-0.005758465367225602,-0.0018126538492942881,-0.01879192354951343,-0.0037048476234577683,0.008739734023446827,-0.02249970794413153,0.007147456996449996
2019-06-26,0.02139846958201186,0.0037403632050674396,0.050084427342202684,0.0282008558697269,0.036070581161780566,-0.01670838554640179,-0.01775255079637726,-0.01706318831720196,-0.020145481181753792,0.03440875216930182,0.006659092995580026,0.0053889554270223836,0.004833557496967397,-0.007396174811099868,0.010167807656004127,0.0043175586791090025,0.0023428754318294887,0.04865458688956384,0.03331262977080678,0.011340469644205544,0.010360034971862704,0.008172086514985346,-0.005655071087113536,-0.0008475991230066898,-0.010380146734743686
2019-06-27,-0.0003002822556110905,0.0016407723263526497,0.024622286585069614,-0.01526447848269336,0.02703757500850894,-0.00821130648485086,0.010183126667828316,0.011718976048462521,0.003465345184438843,0.028987597133817107,0.003313203099107412,0.010691323913443261,0.01165727905794207,0.010641775477753409,0.013740443704326625,-0.010235118186348313,-0.006638827640658186,-0.023868234262915768,-0.010583002608778863,0.002303742023016156,0.0033927983928230664,0.002902399832112298,0.008373430507579866,0.013356786001726672,0.0021561460293321303
2019-06-28,-0.009153691157149655,-0.0014169848553559831,0.0061076628838912725,0.008601923698969406,-0.012109423973427864,-0.01007265336420041,-0.0025362044205643,-0.009503795517066097,0.00023891670640099625,0.03812140278828983,0.026832588480075317,0.027619471669293724,0.026145295748853357,0.02200700853504683,0.027212098852832732,0.010626645220727177,0.010745549808482423,-0.004416578055417084,0.011334906693051622,0.01598008341119936,-0.0056082949464654865,0.004578401117585541,0.006716119763414155,0.003460380902822553,0.003226266063633929
2019-07-01,0.018174708375757992,0.0127578888408399,0.011743434440565801,0.003753141851676459,0.026962812577335203,0.0005740832711958728,0.01033412640558494,-0.0056300339548508655,0.010675939997472078,0.009307287991459835,0.016675947925506147,0.014378755321160813,0.010985231215490755,0.007789032325582732,0.010087632557394149,-0.0009139827291769718,0.003209184304988664,0.02028459743663147,-0.0007519040842726822,-0.010625080849563978,0.014969473796872794,0.011046074413737847,-0.0065706908858765185,0.01724163943038643,0.008551925744742717
2019-07-02,0.005837588221419488,0.006611191186321458,-0.023996174803601895,0.0014554916232145717,0.001281198376297953,0.004796450914115141,0.010228486226757507,0.005466286045232434,0.00892775217584573,0.011244556084188118,0.001055155043307676,-0.009219785459956173,-0.004263003091074341,-0.009692805472851205,-0.004249708550563509,-0.011032353222029051,-0.015417929351431688,-0.03514855540000088,-0.06124217647566179,-0.003567123382073898,0.00628554194084757,-0.0006659683868821851,0.015774285203946845,-0.005282499289145854,0.011290149542852443
2019-07-03,0.008252488476153334,0.006422502414525744,0.0032000299449095547,0.008278477372378166,-0.0016017699024908007,0.014955581894983425,0.004062316417562144,0.005069826499289069,0.016124608700052438,0.009786095991431931,-0.0015941540793958007,-0.0034364317563257744,0.0002910102320322557,0.009063603014328724,0.005803562227805662,0.009463822455671667,0.0034111031496965273,0.006633360954233908,-0.004120225327333723,0.007881659152393113,0.002421672303596773,0.00928377706955802,0.015294086943567936,0.014489672971633095,0.026314576272056807
2019-07-05,-0.0008807859066313619,-0.0029141745608892047,-0.015605003787565736,-0.009109797376866706,0.009889998089156332,-0.01110676249152644,-0.010869396387647284,0.007232746477359839,-0.015073169434285065,-0.026632103932121037,0.005920982329497759,0.0072029247046637174,0.00898714465355743,0.002305047135887825,0.007732782048305141,-0.0040639457451517825,0.0015388703350700595,-0.009966817639279252,0.015589173340326917,0.002023323946897363,0.0020145063009627206,-0.0030219812315566167,-0.007404629412130605,0.007166520648925032,0.0
2019-07-08,-0.020829522653706592,-0.0007295469179358483,-0.019027812476108154,-0.005422505082966862,0.016997604943081935,0.0028413748618885994,-0.014217584994197676,0.0034356244376911216,-0.018392082918622016,-0.024548683160295154,-0.005477924812987683,-0.0020527338623394934,-0.010395450848483104,-0.005036655739467927,-0.0037886324886640703,0.004587085405451655,0.0004854499767655818,-0.00016715512021898358,0.017681379300419697,0.008054772214769225,0.004831530386180268,0.006833832629611131,0.00434572062503867,0.01893979841644335,-0.003994872387847531
2019-07-09,0.006080856451087739,-0.00365764091887615,0.000635977994703256,-0.0014649042676960046,0.034057611886730704,0.0031167499249136173,0.0016156119793823338,-0.007451922312266777,0.009709827666399513,0.00028059273565415773,0.004243701262847647,0.005123725589048764,0.009769532153290494,0.006292056902332121,0.0060271061570845805,-0.0006537972986031899,-0.002024320311835711,0.0,-0.011154037357229288,0.007741119094891822,0.018261630021034286,-0.00428343969639491,-0.000330188029820377,-0.004985330063907484,-0.002404687414579836
2019-07-10,0.00984021462646344,0.010134608754872638,0.01733047254283418,0.009587357447440822,0.019122165159422125,-0.0014157139019104219,0.0157842686377334,0.005998372555173217,-0.00047150321378176737,0.005738800185326254,-0.0029157863618588867,-0.011307253713238648,-0.008700905468064086,-0.01431926679952398,-0.006027106157084556,0.014031342856511952,0.01680157924376145,0.021801273563330045,0.016795523595345214,0.010393583941728082,0.01453448569859851,-0.005913567409749617,0.004281535488317909,-0.006838271504618989,0.01309747578737664
2019-07-11,-0.007309072174077657,0.003981766829798538,0.03812446003447015,0.008057190290133577,-0.021840793888591743,-0.00782008950793413,-0.024817265902385633,0.05380347738098853,-0.04608233896982962,-0.005738800185326199,0.009510569862498479,0.011648148950025285,0.025785252377795203,-0.00021180132649750212,0.006725860474816217,0.0007739140088005485,-7.99237252939395e-05,0.004075872268184444,0.001983777537958115,0.0085794434542061,-0.008132486532284676,0.015490200870500166,-0.0014562255534417126,0.009673594178378458,0.007776927411400042
2019-07-12,0.007653652094513598,0.003606113112723275,0.007966659048796754,0.026798118451083104,0.004526873888603126,-0.04235179569122513,-0.013586615890145152,0.017986811845322824,-0.015802982755620577,0.001566549435384091,0.010462384278681899,0.003060776821917686,0.012179880829922789,0.004655760096158803,0.002231578580210459,0.000772913718383529,0.004375339322796755,0.004869407105439903,0.0006600470671313416,-0.0039127282215650535,0.004950130483804872,0.0193867867918517,0.0014095834636029688,0.009357435648813169,0.007828200226968543
2019-07-15,0.009350912073592559,0.0,-0.0020304708166580354,0.003998455868489661,0.03491479887540379,0.0030482386830530486,0.008221003052930918,0.00022580752413173973,0.015309797356529098,-0.00014222084149433667,-0.012216739744787392,-0.007840761706440151,-0.011092511655203736,-0.013819510008397333,-0.0008366127912008897,-0.0071098080416670826,-0.00206586002865153,-0.018136200353849316,-0.02393638012599343,-0.008366208333366213,0.004955344390456898,0.0021514881572729807,0.005711307613755752,0.00403131405569796,0.004335271382573317
2019-07-16,-0.0034658796158110964,-0.013189076777830577,-0.0011364731513486392,-0.019136377636803776,-0.015826852415617817,-0.016541644601995985,0.002336045665512373,-0.004899640539093121,0.007750977274969432,-0.015922488035467586,0.010654251728273249,-0.00790233747507256,0.018450506681217994,-0.030651292864028075,-0.005453007106330656,-0.015032144446553672,-0.007665140960914373,-0.014950460499366852,-0.016665192474937664,-0.009933169164736265,-0.00550248861151783,-0.0066062850921809625,-0.0022901072758080734,-0.009883658240870048,-0.0008877706211626439
2019-07-17,-0.0056392900264261156,-0.0059263928964874805,0.01561855022000556,0.004464206474978683,-0.007412932724524756,-0.004841872843485135,-0.0025703844253997642,0.0074905559866459024,0.004036569788481237,-0.012219861092732017,-0.009864254141606937,0.006875246238452033,-0.010353815690695658,-0.0019888506200443665,-0.007035414415426071,-0.005943929810613823,-0.0049821203686399125,0.0005018260049230491,-0.021024035794841068,-0.03659871482999423,-0.00893076292309193,-0.0076234696692102245,-4.656841288746719e-05,-0.012492951220353883,0.001885252770353967
2019-07-18,0.011295455404975773,0.0010996578087559734,0.002765229104424553,0.011074140835208366,-0.018018460089614587,0.0015912902729695035,0.0074592694094813465,-0.022950076980427198,0.009355398697740826,-0.0010253714932806576,0.005947559312848676,0.009885957263211653,0.0057032664026646345,0.013402644363866725,0.013603682366730431,-0.00851526845988135,0.004340629934386763,0.008992561627102911,0.0028130244819797898,0.003875481795625196,-0.007118592136206877,-0.005441532981462413,0.010241488707005109,-0.0006857344216655983,0.01375539140874862
2019-07-19,-0.015040167488618177,0.0014652814367508075,-0.010277232069558617,0.006586371626497866,-0.014959878779913937,-0.013415734916753947,-0.006757323561737847,-0.015273556527323637,-0.01584597706911808,0.004240067271163882,-0.009903399569850313,-0.002717532181404969,-0.004672697178264683,0.004572358424647,-0.012192620499239495,0.0020021981451351285,0.0028830200334937226,0.005235176705187078,0.018670664801918712,-0.0018068068414835207,-0.006787722315432636,-0.006549888695320618,-0.00949315159469998,-0.010230769694477372,-0.01320170783313911
2019-07-22,0.022597219018868693,0.01316162211611364,0.01695355498706278,0.021256345654598618,0.010404015794161583,-0.012898548905209018,0.0011683850970750362,-0.005195516942258178,-0.002214272984171326,-0.007909877692371142,0.006409092446301327,0.005765640658542784,0.002245686628670759,0.009728944157080586,0.002675299433611157,0.0010660820785577648,0.0021570079090016112,0.0018215941652939599,0.0019512908888474065,0.019949902943027512,0.010688342420228144,-0.008342884823146535,0.005269609859513946,-0.006723813115251642,0.006842896734490923
2019-07-23,0.0077871948261309335,0.006193172760139216,0.02501693914520685,0.007759423779121477,0.019295238443831308,0.0015532985235608685,0.006285798038277631,-0.0012149426960562796,0.010046741796427392,-0.0039784883124240455,0.018124521218916848,0.022735925999302284,0.025057002472267175,0.015371920799248427,0.01229947223063415,0.003988854149962595,0.004061833421752345,-0.002650689713590393,0.004347845906513815,0.006562149603383805,0.0044521423028228615,0.008530676547062896,-0.003214524058640626,0.008455693490964913,-0.008948900376336258
2019-07-24,-0.0008142186774918935,0.010214044443190759,0.016934437900593253,0.02235701298823248,0.018343677399620364,0.007269500285716277,-0.0046522844060168395,-0.015331997067317504,-0.0034195438876584256,-0.003994080774362245,0.004031284767097592,0.013788743634264092,0.011779323176901538,0.02613813543964423,0.014069149523880255,-0.00013327146209334364,0.005706056906145725,-0.0033234339118071664,0.0010268458472249557,0.014485911934278017,0.003163662575726461,0.007620511146966903,-0.007164663565823139,0.0,0.005974595053563232
2019-07-25,-0.007938704560482523,-0.0037735891658026086,-0.02999877775769734,-0.014465201495785932,-0.012983435533576584,0.010272397570499664,-0.005142772286920456,-0.009723554722748991,0.0,-0.01192982341932841,-0.009633018786666055,-0.010817811458855553,-0.009275903552586135,-0.0074581533897566344,-0.022438796768572033,-0.005722146290945325,-0.007217428652531871,-0.017461990027306303,-0.025528668121822397,-0.009467183864717047,-0.013581296228977947,0.0039045988602485994,0.007771101132385996,0.0066670989612595865,0.0036340083733210505
2019-07-26,0.003471928795831566,0.00816937349234244,0.009699993533431055,-0.010988274861785939,0.010341421632834812,-0.0029790417630117345,0.009795056692937147,0.016905008795545875,-0.003921920041549199,0.01636694773050441,0.004398128225647441,0.014072805585351022,0.009771302143359662,0.024849790442786002,0.010728361478243957,-0.001602887929478813,-0.01531989801401311,-0.004923808440826607,-0.013901874085368355,0.001500412783917817,-0.015711904843454392,0.0062896715024706356,0.005301972154458903,0.002974611165552638,0.08559067361891971
2019-07-29,0.009295138438384228,-0.0021953618178378862,-0.0014288354407063118,0.01767577522123147,-0.016000368474913478,0.017365197709890392,-0.03880328227736375,0.003473138835963505,0.012933348889974586,-0.008596734617616756,-0.003188904027664815,-0.008157437547263644,-0.00822683285509634,-0.02090644404767476,-0.005558967760029434,0.007059887085152096,0.004113760723596642,-0.009577863081623821,-0.004399042989717233,-0.020197543865928716,-0.015873748717480866,0.005196001569197362,-0.00278688494446226,0.000913355434703841,-0.01105932936046481
2019-07-30,-0.0043015024469042614,-0.00483333327209583,0.003596819685848463,-0.015545932375863032,0.011581403345423765,-0.007091528611519347,-0.06632532580017972,0.004363676245686792,0.009411396810796993,0.0,-0.002246787904420215,0.012049918830368994,0.004890045935011805,0.005576661841668361,-0.0006971584835024885,0.0001328928322005898,0.0008847337241571211,0.022430962370165817,0.025180461981847237,0.00863413003727891,-0.0073052312577509835,-0.003123592757864601,-0.012356150314080798,-0.004804977649989775,-0.014074896029827031
2019-07-31,0.020198859541929192,-0.029500867801556502,-0.03911305959608052,-0.022494646761665436,-0.10644361608255958,-0.014182489746304075,0.0012882598452926036,-0.023496006065844552,-0.0033681797231353587,-0.00837073302126306,0.0035408041832492095,-0.006821396169310265,-0.0057527324109416965,-0.00288771312251337,-0.007698953552249815,-0.013225897351115432,-0.009941497380783452,-0.007251868932375884,-0.002443081942571802,0.010563502695877807,-0.016864897630143302,-0.017028842591773688,-0.0076585559889058505,-0.013508131046679034,-0.020487743151832598
2019-08-01,-0.021876663010226734,0.013050272099879296,-0.022780200799943973,-0.020990318405856655,-0.01956620665990372,0.0005375821951770996,-0.005995071168515848,0.0009635212057071764,0.008399391136725824,-0.01238490120887036,-0.026733520723277882,-0.03955977030356758,-0.03952048088872448,-0.02828280270247796,-0.04028942923533002,-0.02588356372153531,-0.019438639035468462,-0.004750470177022464,-0.05728878041181262,-0.03721119304864952,-0.0061578127469772434,-0.004032265907994291,0.0025118980437146892,-0.03441057457230814,0.007260467251134585
2019-08-02,-0.021385170877918462,-0.008438178841561344,-0.022876560741036382,-0.016704377692155187,-0.014165500550265466,0.005968703199023392,-0.006557444397670659,0.0032040685182629395,0.009276780377412155,-0.006862443081013131,-8.826505547571092e-05,-0.0037370620503076957,-0.010594774074630066,0.008042208933399166,-0.003396050429004384,-0.00984675634071352,-8.269469692644143e-05,-0.04043237287042384,0.01700025964503976,-0.02871281403274648,-0.017442009143555263,-0.0032000097716691303,0.015174096133038072,-0.02410968071550334,0.0013619329257003416
2019-08-05,-0.05376806310677993,-0.03485897304291417,-0.06669587246788278,-0.035759034019188514,-0.05050701665112905,-0.0069671485963602,-0.027750098775311694,-0.02015754980971656,-0.01611097131246102,-0.0018377291272986356,-0.030204815065656546,-0.04525646044765092,-0.03742101612499771,-0.027785476985098114,-0.036603281788574034,-0.020700683407089686,-0.01662048815531819,-0.03221139138181977,-0.04286515482369333,-0.038964042475091096,-0.03239082144570347,-0.03457631569177412,-0.0189682974433445,-0.027107947835101127,-0.01913274876538858
2019-08-06,0.018753897992746387,0.01858437191341812,0.010292579398940672,0.006515824274947314,0.030609279144336882,0.004675680509767842,-0.0002705448587404854,0.01305420481656177,0.014689489841477034,-0.007077146423503004,0.00781835845236469,0.012035343679071723,0.021242726210213003,0.016976881195400383,0.016282671356564714,0.009629043992756792,0.00537538575382135,-0.008263962968126204,-0.009155947463846873,-0.014835791289556218,0.012778275729818725,0.018659514152467496,0.017101731949005654,0.029078113659186357,0.01735122905506255
2019-08-07,0.010301925152552661,0.004370815397520273,0.010057461177384057,-0.004909822354489251,0.011369628667506198,-0.004291506968712073,-0.01006413957289083,-0.007398206198074898,-0.001186308663193058,-0.004797315962528032,-0.02197315440966541,-0.018824716515811673,-0.0013113177734007844,-0.024154559939682133,-0.016896502448745757,-0.006503581460892982,-0.0023483599264793368,-0.01692247131479163,-0.009369228129342894,-0.02051345536775389,0.003110618555960309,-0.004271582699621022,0.012763744315641557,-0.00024595559405546174,0.0025237710551396096
2019-08-08,0.021816277934311023,0.026335711252281846,0.028001119738465977,0.009371875597667544,0.15017855378020237,0.011226197913289639,0.007896769884308449,0.0047361356666528,0.005681024175785109,0.015241493632338331,0.016798125648149368,0.017416153639723514,0.006105343445445739,0.023992291356397633,0.024265957623101977,0.02631740216990336,0.0340892659864815,0.03229341462336943,0.03559364979916178,0.01343833657532017,0.021780725021871127,0.017450701267148972,0.00542736919773119,0.020940579951549076,0.010966621429129315
2019-08-09,-0.008274637722583337,-0.00853225147037184,-0.02611852988141286,-0.02555151919720175,0.007928406542620753,0.002730020218002066,-0.014203990552509227,0.004070699041053095,0.009280497473088211,0.0019840487928877806,-0.0010930939917539113,-0.0017630814331755023,-0.00048318886903458085,-0.0021576457413388078,-0.010392607293404776,-0.02150631452127085,-0.006594937567595164,-0.01943560821045594,-0.01239591047656508,-0.019501796860849376,-0.013905054350440298,-0.0073532114135524415,0.01430006590924684,-0.012365169502827011,0.0003115428955815449
2019-08-12,-0.002540676302498748,-0.01404046853396272,-0.017864956897816472,-0.008299051853366064,-0.05284923375523751,-0.0008333901507435277,-0.02676509602428486,-0.022081958503213723,-0.0058633899234819715,-0.016140463359144052,-0.018949926500031387,-0.024657482839006328,-0.026346684317286016,-0.01896900202013594,-0.027786120415858668,-0.0048710411039734145,-0.007131861922393067,-0.01661623547839508,-0.018437622718220397,-0.0075581271077891105,-0.012615288866911465,-0.014435694402239475,-0.018206426383100008,-0.004033509400492033,-0.01453928310435252
2019-08-13,0.04147589505427618,0.020482391488338577,0.02992053256636663,0.026830004296618828,-0.009916402619950741,0.0112305619692382,-0.005382981321929102,0.024452174184365568,0.01239048418305461,0.0074109768627546825,0.015298436176993451,0.0028902423558329828,0.012770053076216422,0.011598675230561784,0.009142408405614616,0.012275206213369142,0.006886910724903918,0.01402056227795024,0.0076704614702135495,0.010450309564939074,0.021844688318190798,0.006356432701539869,0.011765082692199128,0.02024658840986841,0.01796022921338124
2019-08-14,-0.030216676126238445,-0.030577363459337602,-0.039074368731662985,-0.020926292213006292,-0.06000198336707973,-0.023969576108790677,-0.027651722758750597,-0.024452174184365526,-0.03162899464018377,-0.02350123640003384,-0.042408604749586035,-0.04803290636995397,-0.04279179266712292,-0.044263673828244615,-0.054195711522138736,-0.04112346451448045,-0.038733971150661343,-0.03957021479816402,-0.04559860637266006,-0.06841564852523857,-0.03422406490530883,-0.03288792692567911,-0.014901442522445638,-0.027868824111738764,-0.017855099330050056
2019-08-15,-0.004993978251022704,-0.002241241362129658,-0.00870035104298307,-0.0037129345590194087,-0.01902910686834096,0.0021471616298727745,0.006984923501412271,0.004308465723490332,0.0007194442414467019,-0.008222693152555244,0.003809635784452011,-0.006455117278650407,0.003165403400745453,-0.01350917112208605,-0.0014666306258216022,-0.005930252217066572,-0.006732316246746238,-0.01694432468023384,-0.001066925899206724,-0.021566609305674514,0.007436962772528972,0.000991713085615829,0.008234580134269401,-0.018936974555101807,0.006406230520825988
2019-08-16,0.023320447727253488,0.018161569516361227,0.07001850069556785,0.017354057255351094,0.04964043654303202,0.006262070290524621,0.004918399021729436,0.005878060506304847,0.018989228234045665,0.022762143474127215,0.023671860239541227,0.02928111856655946,0.016380480699620135,0.02301553538312744,0.03461883114122653,0.015492783645418938,0.00043194399923674576,0.010939536384291897,0.012992457640008559,0.03324836178183273,0.009219158337593528,0.009175344328502685,0.0009159249545974823,0.009637584837375309,0.010309853264010125
2019-08-19,0.01847274793976429,0.01660993491947092,0.06795654756627238,0.015576723481632708,0.009575535590610168,0.006752434849874669,0.015180015720033987,-0.003996495137915274,0.013197003311408429,0.03252441577428285,0.008964651196914085,0.008839875933133581,0.013844233016356225,0.019188453211460437,0.01299015384390361,0.016697224140146814,0.012869110067419073,0.046873547740760885,0.024589616888763103,0.04131062329960287,0.013051989159110924,0.020894893261656722,0.0014180522965023899,0.010532352958780342,0.0014495803465082778
2019-08-20,4.723560418495024e-05,-0.008343482952102155,-0.017186526090052102,-0.013428676352611274,-0.02443852308006034,-0.01255484208190233,-0.01633532597655565,-0.018768635260101606,-0.006284728870829684,-0.002256062157864443,-0.012778142400241365,-0.02037456765390957,-0.011040192147364304,-0.012676557313382634,-0.01393567702140931,-0.006065801552028108,-0.010109743207265518,-0.02306711427251424,-0.014498622769721867,-0.005882182282801585,-0.00814931406190375,0.043014436744663265,-0.0014180522965024703,-0.00742286845886141,-0.010713235923192746
2019-08-21,0.010780412567197674,0.011084985404675134,0.019817328880548647,0.01173363676298174,0.03140281902299587,0.007095754224376249,0.007484274094541453,0.0007908196429053068,0.014603924418176322,0.01687239527797047,0.0027916468966401736,0.007828569658178332,0.0034943647932840238,0.007136298187986722,-0.0026841260076702193,0.009946010524061825,0.014956601096574124,-0.001518940589167966,0.006887072380450758,-0.00621410546335991,0.012226647744316171,0.015131852421228878,0.010200982083581086,0.027073245514256397,0.0071894883896201954
2019-08-22,-0.0008466130999014784,-0.007303824007647883,0.0014595544728769891,-0.007878276549032545,0.0062892928817749934,-0.001978614065305564,0.006004429562588135,-0.031315231034913064,-0.002188462500911744,-0.00029637741770234825,0.010262353121859106,0.009608322485047381,0.008633117240115137,0.013683865353535019,0.010380638674980914,-0.0021540914522003517,-0.0012729221422978496,-0.0070551182654159175,-0.02239292548225534,0.0005935407023631101,-0.01040746095441238,0.0028093541612919048,-0.005542802245562848,0.006865746169168967,0.0017631518006219976
2019-08-23,-0.04732292542571412,-0.032380939693179046,-0.05415816416656634,-0.0396825202578728,-0.0768606897364658,-0.02733757588295328,-0.02132027985612099,-0.009836133385504446,-0.02073946722016532,-0.02322369766739318,-0.02514812831401686,-0.026837440824121744,-0.03120990151708278,-0.0266564136366068,-0.03114821478071607,-0.030353770718880665,-0.02189777517556103,-0.03584346911765724,-0.05107733388520707,-0.0511214693204513,-0.030973573737141446,-0.016192454636187195,-0.02225154809906168,-0.035057225984017414,-0.01872513684134526
2019-08-26,0.018820793229729352,0.015325300847855688,0.018360526443713412,0.013256965091077641,0.02474214314974942,0.00801330579521702,0.014455157656973907,0.0018193578521461414,0.011005679524565229,0.007400038462586297,0.007985655285609261,0.011643255613190075,0.017431298922526317,0.012527974604631101,0.01235270220036663,0.005320076907709042,0.004850096060261309,0.0186664730418291,0.006944306179640682,-0.013832234411125648,0.010942233772083079,0.005411482500865129,0.010427397857811166,0.02225179459752389,0.018829002076068215
2019-08-27,-0.011347918132568332,0.0021387034845849087,-0.022308133415397377,0.005035495710593944,-0.0026455016020642823,0.01429480526926364,-0.014455157656973848,-0.03590623923206046,-0.004200720757124349,-0.011957832936799136,-0.010630235095337231,-0.011643255613190196,-0.007945112960490679,-0.005126248183656244,-0.017044970873194034,-0.009775044760968556,0.0007772182293668152,-0.0076210167596443504,-0.008199704152264006,-0.010821406232204012,-0.003987853398843467,-0.0020142663448688767,-0.003972850473912359,-0.0026785352313824155,-0.00425789688128449
2019-08-28,0.006688064529393277,-0.0013271073183906488,-0.0026015314205713935,0.0,0.019023201075184577,-0.007432656718295168,0.021320279856120887,0.019632733108554526,0.01116298296758582,0.006072429173671,0.009974957789305275,0.014253712969136054,0.01179444811675891,0.015961310839990396,0.0112887305867944,0.007266274917222487,0.00859627550064805,0.01884872948486156,0.012067554478806882,0.011770553138837042,0.001372654229947393,0.016994080932621034,0.009306294858826322,0.017522571956529648,0.010147376975436172
2019-08-29,0.016790180864590217,0.018708610221072515,0.03522390129040753,0.023311994374043486,0.021533856686351417,-0.003425116849515458,0.007101419615891538,0.014280922289253997,0.0027715254851386167,0.002268040188451029,0.022406138683213075,0.017719339631438288,0.021212217492508692,0.015710544712243767,0.02439541297569128,0.01102061395722784,0.005888727623081842,0.006522970963688802,0.02653029080774833,0.02003821177786645,0.012476729930588952,0.023906755932073646,0.011262921261756377,0.022504383644786203,0.0064692471299123465
2019-08-30,-0.0012927571164312345,-0.0018840812235369003,0.003049041660278865,0.011455596243909025,0.0,0.0009351184529827284,0.006207603575986938,0.014549560425798448,-0.002887058407126693,-0.007274912078440591,0.005842795876439322,0.006564562252090762,0.0023076821452194247,0.00819311056879448,0.0070173298040039946,0.0007303871560230302,0.0017004753100779836,-0.0021057177044070973,-0.0039014458368028908,0.005255858716459355,-0.0056755109689405545,0.0025919548452488796,-0.006447902032673426,-0.00778026195265915,-0.011737405458034164
2019-09-03,-0.014670503272522053,-0.013289858684166943,-0.02014063239967031,-0.009111210002282256,-0.01764283584685429,0.002955961684229772,0.015906351267307994,-0.01454956042579838,0.002079376042487511,-0.005185417262805806,-0.011903811358461257,-0.01686262912903871,-0.02452460947233917,-0.010360674382486876,-0.014557502580256938,0.0011674210989819753,-0.012394115062679963,-0.002686643899600384,-0.0008087666550114139,-0.0065986986324440555,0.007599287077514432,-0.016992167350947874,-0.003861157123240096,0.002010075327262349,0.0021728664075263125
2019-09-04,0.016824145650886458,0.011620315680522852,0.02757517677191171,0.040464265555996234,0.0016168522229130728,0.0009317724294269136,-0.008061097736575824,-0.017011740445140696,-0.006948325816232944,0.014873358397154217,0.011994876409325537,0.016135257773827363,0.013776063779908698,0.00885652132294324,0.013469053970475198,0.010591616428881812,0.008393332244395584,0.02392383467240187,0.01923902289088264,0.03895375603449735,0.006004836143353969,0.006444739640645597,0.006289760261111111,0.01964740363090789,-0.00684377594207728
2019-09-05,0.019362714944767215,0.01743050458696398,0.0630338079325018,0.0238348761479619,0.017614522050273213,-0.0021752744007778116,0.014133495605851885,0.012535143751481457,0.0005805785073773548,0.009744478216758026,0.022498958154893646,0.029228274964013156,0.026029928863606982,0.023800237493479526,0.0315445546462817,0.014044195490617493,0.003320749510103515,0.0026230345285682037,0.0003968947301017148,0.03222242429029011,0.02202580287152902,0.017687861132000486,0.004520749043806963,0.02368947432073779,-0.005739251788805726
2019-09-06,-9.370094127181761e-05,-0.00680648038937248,-0.006082967059864477,0.01623451158986413,-0.030295599008975174,-0.0028815479644302986,0.004393291081222432,-0.0025729071275141513,0.0054441266115647135,0.008763704256195864,0.00213358400009791,-0.013966382806860753,0.0007726285815461737,-0.00991865339331204,-0.005592934522054269,0.0093485919851003,0.005256546924016017,0.0035493450535348777,0.011050177277588533,0.004101958908072279,-0.003924682004765568,0.012977148237052689,0.0024570415802830856,0.00304867594038517,0.0018820361287790633
2019-09-09,0.0042579013260694906,-0.011423819827134743,0.010302031808487577,0.013071954026694919,-0.001965263209246305,-0.00987656562676624,0.009000525154078091,0.007309331542916137,-0.03646596215975195,-0.013698993066151799,0.02447383909807266,0.03194026100221969,0.022759295482306416,0.026372402372365447,0.04185835374605613,0.007864007512728935,0.00950974344161665,0.02467863579855214,0.045520082918782206,0.05766194200015867,-0.00117878144017156,0.007499957633941459,-0.012668949754343784,-0.00022553727809795424,-0.016640612318951687
2019-09-10,0.011743875423827094,-0.010526284890107207,0.014738959177272328,0.004448574936446975,-0.008891889964694429,0.020273819663404545,0.01482318599026505,0.00768686903411039,-0.021555747379486456,0.021946367661717002,0.012657775208875392,0.024837473993360053,0.017071798682926707,-0.002067966959440407,0.002758222719845821,0.008080342905763102,0.020395449828261122,0.02426232178149313,0.0012493813554393528,0.03338631096709453,-0.005914756798134339,0.0005581396921281689,-0.03551244518013869,-0.020969440627601626,-0.04130457818785093
2019-09-11,0.03130007734100214,0.00029367367389786713,0.006257989096935056,0.018545490984854897,-0.01566957599285848,0.012427327349515994,0.0008019380365805272,0.007499935469214085,0.014944602013473857,0.019031518651942487,0.002734420495741251,0.0037408495904057847,0.005411453962760993,0.01111609520106555,-0.0011604187964503999,-0.0019443496391401362,-0.0046887382381840354,0.015504009965766754,0.011543455348823475,-0.003744491351945192,0.0013393751130937493,-0.0014603849078549632,0.0024772348747474715,-0.0009215063591479468,0.006948648997274705
2019-09-12,-0.0022382541559610087,0.01023261121620932,-0.0003252169572189509,0.004158691680582204,0.015007747437327192,-0.005657771676020962,-0.0034808710756330206,-0.017704129413639937,0.004692337960692695,0.019099910589582117,0.006124933607673317,0.007103083626024244,0.008908380463022773,-0.004102664699753569,0.005788744271907499,0.0006949312759451234,0.0011535436589763172,-0.014971667403222848,-0.01680076314343184,-0.011317675658855516,0.011215049350111993,0.004887709502171756,0.009233955694223936,0.010549016522303323,0.011800679749300007
2019-09-13,-0.019646090801434035,-0.0014553225447667831,-0.012725465622045304,-0.008905656752887025,0.015763920940186336,0.0026801643464326565,-0.009974383340727198,0.01984357881599193,-0.0018139846858404494,-0.004528207359728703,0.019485042702098263,0.01671169218421267,0.005289256114578062,0.005534325336775347,0.01560633753256582,0.009127509992220437,0.0006588697170135817,0.01741649823508343,-0.003645788845024313,0.011585544788558106,-0.0022861946565066265,0.0007699825789399406,-0.011091158314198366,-0.004000172484674142,-0.01731140239597267
2019-09-16,0.005243305998989069,-0.007235522254271519,-0.009554019232490147,-0.006492238790994691,0.004551353390066728,-0.009527150570779446,-0.00216986961048545,0.00350400588089729,-0.007045760820334038,0.0009924508545036414,-0.008939200893270756,-0.0013267147040734739,-0.012262356354041118,0.0012259168538542994,-0.007987553977873407,0.014893871736407405,0.021334452248991796,0.0866478159795451,0.07577959895350526,0.05168149321425697,-0.01727409924180755,-0.01286131390969492,-0.01155305550216651,-0.0005726933674324257,-0.011784485493988672
2019-09-17,0.003631391859686188,0.007744784951043129,0.004760570272045035,-0.0048007471170448505,0.005176324990596044,0.001003309183970826,-0.009000525154078055,-0.00818055296779918,0.005834844753575499,0.01434819907282312,-0.004963802273597124,-0.0063262123201035,-0.0060491878159809175,-0.004501962599375437,-0.005024824153923246,-0.0076241761518521835,-0.001854626244439211,-0.02117246370623341,-0.05299072180435282,-0.029428913423532557,0.008103902585268599,-0.0033825958249428744,0.011743555730721346,0.0036602880672537822,0.014764013852508834
2019-09-18,0.009335718061159518,0.00819142166744143,-0.006037727737957562,-0.004050491639377752,-0.018564275074823333,0.005690485905741477,-0.0032930256451592084,-0.008248395849513833,0.0061617685785663534,-0.00461962635497682,0.009986019237463006,0.0020020625270147367,0.005404619729636228,0.0034804542297204844,0.008741289311750862,-0.004794939091204987,0.002337723560270464,-0.01996287954473841,0.0012304370886766871,-0.0036743592103918705,-0.0027967121376823445,0.0026896006560315406,0.002759995669751471,0.005578360519328168,0.0023115257774186733
2019-09-19,-0.008158372720720003,0.0182416072871525,-0.01703523933619673,-0.0032912534698263524,-0.004282634074621304,-0.0023030770167962985,0.0035669055301534927,0.00966649533231044,0.011377940698358664,0.005596975933752183,-0.0031777639845072736,-0.006018027814662787,-0.008558741037542691,-0.0004088587597696822,-0.005149475913220146,-0.006751790720285812,-0.004195878054563943,-0.0006668397603982921,0.0035595418988759995,-0.0071254835158650505,0.002220369938279979,-0.011809628572082478,0.00042762815682324275,-0.004323542700160861,0.006574450045975785
2019-09-20,-0.014726045802194304,-0.011622172921432692,-0.024312626351599018,-0.01661971158526539,-0.007955019672328595,0.011766411928856205,0.004918399286209696,0.00017185837757038104,0.014072124577770654,0.009995742296991563,-0.004029146551754178,-0.007742873364108503,-0.006947218930689451,-0.0057411802673024755,-0.005464703390367132,-0.003462274043188778,0.005323070701463599,0.014074334234319788,-0.007502344723785395,-0.012256559811338474,-0.015123356081273511,-0.015239343543490736,-0.005381968621866028,-0.011698620894900693,-0.016407339936022634
2019-09-23,0.0045367088328734885,-0.0021536777039946184,0.012373761319199192,0.003542741640369105,0.01944368936008407,0.000683554053472728,-0.012341277068407956,-0.0178491813531964,-0.00943850549197057,0.007431830854120679,-0.00016807335990918912,-0.0023683608491250883,-0.0013107283871987396,0.006763013902206416,0.0028799181990323643,0.0006934856497520013,0.004654204913276183,-0.01057831583260726,-0.010799089572082822,0.0008038227468708858,-0.004950486377768806,0.007008154146582885,0.010215432115451152,0.011584585628371526,0.008182428650597845
2019-09-24,-0.004766225559730284,-0.01272952771674291,-0.013300185123234111,-0.021446760485235767,-0.037238309713129254,-0.0014432671472107766,-0.006366507503405967,-0.016616854362830055,-0.009049351486530197,0.00027418742749893784,-0.013124202863793398,-0.019843385716554106,-0.02711399109718761,-0.0063517086961089675,-0.024009774921548172,-0.013820292514011016,-0.009330665775207164,-0.014730755601120154,-0.019787504082745565,-0.0485757584826653,-0.024776514664445734,-0.0037198127998401237,0.002266546849480138,-0.00583301401248631,-0.0098492123430448
2019-09-25,0.015272375242131962,0.01430918237599734,0.03250330839806302,0.02380152097587938,0.0006772928568633279,-0.0042659719286626775,-0.0030592990177609677,-0.012657520311162348,-0.00599909435099361,-0.01185903770670016,0.005694346575827124,0.0106549142447302,0.010915001138436709,0.012460605000965222,0.02156230431368229,0.0029475408318140033,-0.001860656149798397,0.0030307306595748927,-0.023048569421272386,-0.009039386850262138,0.01522560943795219,0.011863167591212156,0.002872643627556371,0.040794471660758704,0.004770693095952764
2019-09-26,-0.005170952777557834,0.0012910019295603486,-0.00500601896949061,-0.0019621144041954922,-0.0023725346462448527,-0.01647222032099995,-0.003348460460158336,-0.030574858544165646,0.0093426809419074,0.02655516342337148,-0.008254349525164307,-0.0041109720228700445,-0.008655225668417425,-0.007948579580478416,-0.0038991247696274246,-0.0053402214393512394,-0.027498045608357863,-0.030729675407697683,-0.022126484945881503,-0.020063997123570484,-0.016242438483099607,0.007381834036135129,-0.00014069077692529258,0.014865310907688441,-0.006106064328257583
2019-09-27,-0.004877890258843159,-0.013055927230106724,-0.03197051031850009,-0.0027531358287801928,-0.02577905317803606,-0.0019418445265517476,0.012222500789670104,-0.0010215120688300938,-0.011631607754733613,0.01101581255714485,0.005878581571475426,0.007523944619110151,0.003595518077222484,0.03695939949583813,0.005051589310451188,0.007160504226648902,-0.013067530226245535,0.0038069520933463052,-0.0014659475457927313,-0.00609828693525802,-0.00830524237371174,0.0003046215672216368,0.0026302941365155545,0.0015179194616439385,-0.01605248984995391
2019-09-30,0.02326245501841277,0.009394506584345699,0.013359306370579797,0.014661495130259489,0.009357214766611168,0.006047014068213766,-0.008038903087686304,0.00952432451083617,0.015201626062088604,0.011555905746661994,-0.0002548427332900168,-0.006152022847913996,-0.008361552357881072,-0.005338983948195299,-0.005485587661701816,-0.01224588556845745,0.0,-0.016017026822095166,-0.010187991384855594,-0.004671622601411664,0.006043915850105009,0.009353087668767466,0.007245517595228215,0.017290807781389684,0.0005657175052663238
2019-10-01,0.0027644719701938694,-0.014197990470185273,-0.000402239612980376,-0.015055566591108908,-0.007965394227179429,0.004703366681418738,-0.014013701435885142,-0.0005061444158414283,-0.006794073790859574,-0.03343702404819004,-0.018350757625021287,-0.025343824206894055,-0.02215127414051855,-0.02774028418085596,-0.013554012512950629,-0.02379038657220375,-0.022080107942329497,-0.032643965549997864,-0.03621792835424975,-0.043973043933891585,-0.00014979419150042044,-0.0040592588775318055,-0.026858386340230477,-0.017616043860788102,-0.02183807058333963
2019-10-02,-0.025387425770493802,-0.017812974505938592,-0.005532167422973956,-0.027360572775843923,-0.015770460552005018,0.015344660223414783,-0.02081941735910102,-0.0021198908916174146,-0.02408916642696771,-0.015135170848023573,-0.02010557851841378,-0.02132300822746419,-0.022148844174728025,-0.012099076143572309,-0.02812504688809722,-0.02645257435721246,-0.03259157215944559,-0.03844468362457903,-0.0251818196670116,-0.029167377142425826,-0.013001530778686167,-0.024222468659313587,-0.01324423646406098,-0.008597671287043552,-0.025641070264645526
2019-10-03,0.008458746169586938,0.012032899704889386,0.04668522871515572,0.012874900204046958,0.01298494611295706,-0.006155220211139979,0.021383869782731716,-0.006433800244941806,0.0136290268414822,0.023566162800421633,-0.001425184503614476,-0.0010779584658609663,-0.005107779420716102,0.00020621285964473677,0.006618676188707203,0.012284806296373841,0.0076297032053584965,0.011056460504668084,0.01478981559470086,0.009089468708596565,0.0065103035515946435,0.0055708557464426,0.018064490877340487,0.007947153172909395,0.00414207954819758
2019-10-04,0.027646159247464053,0.013411130703733409,0.003633473954937659,0.01763287986142656,0.011440579650931872,0.01865256393672633,0.013449249012254572,0.02040721011756483,0.026947970039715646,0.01090838436049806,0.021428552957261055,0.019936563553235774,0.01788823361436873,0.014945612481039903,0.021946431114207375,0.014458021734756757,0.0061673659718653176,-0.0029865572305279803,0.0011288577669319553,-0.0053183612876046,0.008793152669587833,0.004925873408125835,0.007872778395287806,0.009174988818408164,0.014655563951352675
2019-10-07,0.00022029446208618973,-0.007266657471707377,0.012885767654706384,-0.0059089475488293,-0.002761476486260123,-0.003747855602739151,-0.002787119510529051,0.006530096351801541,-0.007202224200983407,-0.004429867668950487,-0.002183477092625188,-0.002117212741602636,-0.0019938279811267147,-0.008161558340885855,-0.0004400604148174257,-0.013869923147411816,-0.005195773172230668,0.02035228416950462,-0.016491670067578505,-0.0025126082530898598,-0.004026085267119779,-0.005234591975144461,0.001085769797341836,0.0010740076110714826,-0.000815027714335978
2019-10-08,-0.011784095795742874,-0.010630776480589767,-0.03927900722291231,-0.017738399819650846,-0.024493903486914947,-0.00996232992041081,-0.011226581925356137,-0.005120859555402732,-0.013120414376294881,-0.010821009004761488,-0.022548513741510737,-0.024312669432147417,-0.015235407538014827,-0.020491341282673953,-0.026014279827752403,-0.0195969242867627,-0.013779971577468136,-0.01290357808946169,-0.01487508163493428,-0.03487796825137314,-0.015793681068500286,-0.00030897160675321154,-0.0038294827698856786,-0.015358520774409287,-0.011009679925435343
2019-10-09,0.011651966890590837,0.018766128856367616,0.019445516948072873,0.014968838941362654,0.008114334442895917,-0.020072744086389458,0.007311687046725752,0.00891041219499975,0.010628881913907626,-0.003132825148016853,0.007217818228674419,0.009365803757869157,-0.002638240581492074,0.006877457942520082,0.01539274579226154,0.011033553257873738,0.012719866451176046,0.019111202687017874,-0.002038910351696209,0.006168057341452843,0.009616472379736505,0.009965122051117565,0.008114379601126282,0.008357801194015501,0.011009679925435372
2019-10-10,0.013388431834193243,0.006201705066339859,0.012755895992794397,0.012402891327631624,-0.0028149183321904605,-0.001239021580113077,0.0027979602982394834,0.007402009736010304,-0.0050017658188808494,0.015566824856596623,0.013930779908987901,0.019880021451610736,0.015225151611759854,0.01033053569665361,0.017494130431527723,0.011938919594901782,0.012734465442901655,0.01696507611544602,0.00465473916227268,0.005486571523163959,-0.00100518069222072,0.011594731003891497,-0.005040170276034015,0.005174462070611158,0.0012804890653956404
2019-10-11,0.026250688775331054,0.004160955413183068,0.016043060096216723,0.01899306686494088,0.0471444898310393,0.017435907638281813,0.008901346657170246,-0.007447081989599911,0.006900445280981299,0.0034011699583731945,0.01675733936544065,0.016039301454741722,0.02378046596105043,0.011444905984386022,0.02133873615980186,0.010639320950565573,0.013522355431362196,0.009794124148427959,0.004921573304229258,0.04438155352618095,0.006755179581182764,0.013083059655264705,-0.013023529161116055,0.009417824211745402,0.004642634138284081
2019-10-14,-0.001440597791491852,-0.0009315390161271094,0.0028992426117911275,-0.008676487741032008,0.025880697245992824,-0.004655613523994389,0.005247983782495937,-0.006687019811312883,0.004141219346826651,0.0017641146871436478,0.0026656683693411553,0.007924352216743662,0.005554419258740859,0.001218788424339984,0.001995325281480724,0.0028951921480962635,0.00025784594451662337,-0.005330268600411233,-0.01542522157707835,0.0027670924083197314,0.0026006849008286315,-0.0020480859635968866,-0.00306663473082897,0.010595552533465535,0.003006057434117974
2019-10-15,-0.0023343194000203234,0.014371864542627278,0.051408281583030256,0.019369494513204143,0.006204056690097772,0.01608788313771535,0.0054943908277990065,0.07844084616502596,0.004124140352701376,0.009982454377162296,0.029696385521901156,0.02004454880492242,0.003104668467793119,0.01690518396620912,0.013855685794541777,0.0034629952186129797,0.0011184005145020064,-0.003212335143864542,0.015425221577078223,0.007341924747523904,0.01766694892629402,0.006130275444616495,-0.005582332426378741,-0.0009488713149111794,-0.001964558524322552
2019-10-16,-0.004045322556816557,-0.008227389362138487,-0.011060453129626748,-0.003805830437385421,0.0029254093469419274,0.017387732581458475,-0.004393291081222452,-0.006728476242511795,-0.006961895119966332,0.0033501902437872415,-0.0023369950148940176,0.014691730083402271,0.004639089880573296,-0.010431648572084945,-0.02444693975737998,-0.01729007192146976,-0.010370831977702185,-0.016706066412974445,-0.011404461289703956,-0.026561126220082748,0.005670218199067944,0.0011879640862553695,0.0051982664747243995,0.000948871314911115,0.003002932952027542
2019-10-17,0.003875398775554482,-0.005141315247019931,0.00041190485550738086,-0.01131255740152397,0.010653851530937971,0.007370804850818101,0.003296945632470424,0.027796951564307854,-0.007726432887042804,0.0052038183222040384,0.005583009764125844,0.002978521916545552,-0.0046390898805734205,0.0004033444769921222,0.0014376808145129955,-0.0013201586499084793,0.0020826828068345837,-0.0014662793315035384,-0.02089743613443154,-0.001879785175058144,0.005638333382188143,0.0036812189428791636,-0.006985447165236821,0.007141529618204419,-0.004855407421385511
2019-10-18,0.004791097386699207,-0.016456479112678963,-0.01975233973888432,-0.00968822922955527,-0.005474174991809355,-0.06422023682472755,0.0,0.006829973229134822,0.01044629670700311,0.01741481160038516,0.0017431284472671767,0.0029698975398123294,0.00029050448565065513,0.007230439694327409,0.0020097140382156174,-0.0078085868340319236,-0.005302229329519342,-0.010693073419608547,-0.03551898929423877,0.01308440430962411,-0.016908737986876143,0.004887131109056218,0.007945250517557675,0.005634739838548006,-0.0030176734062015887
2019-10-21,0.017194029068565913,0.007395574188816312,0.028566181931061103,0.014881068921593365,0.03365395369602269,0.00250277989698629,0.0,-0.005804742358543919,-0.0018912806496951622,0.010926022993824953,0.024498483700542806,0.021835609838504418,0.013132695068629142,0.00975824436630166,0.029249759429197875,0.016575283663858863,0.016166324274740015,0.03657935162287202,0.04876018692143868,0.038851551008978476,0.015889987789337544,-0.005182710121233023,0.006453884918378108,0.0012483077200816097,-0.007935558445928935
2019-10-22,-0.0022891671427928374,-0.014992963772331887,-0.002043117075670445,-0.002304646759813468,-0.01636796247685536,0.009175067366940315,-0.0008230674159056048,0.022538499923461745,-0.03884197589889408,0.007347022235518142,0.009986146212724693,0.005786037085367365,0.0016710303759800641,0.00316558133892575,0.003475339128356185,0.005078742961467881,0.010153529594375646,0.010311137765765904,0.027838488658336064,0.03596333359738892,-0.011223871111253501,0.0021098703688159797,-0.05173230004777586,-0.006464711142806971,-0.022392958856237027
2019-10-23,0.013329445527645298,0.006359380321513852,-0.0026616693253980993,-0.005591526657634062,-0.00477174808801938,0.005403143928581016,0.009289384451623034,-0.006756643914739926,0.01912690057430937,-0.0015421072710792392,0.002641024163964191,0.007026437443476595,0.008172693621689125,0.006105358920002746,0.005397637611498474,0.00950750128167601,0.0015267671639849897,-0.005142364109069148,0.03349913281966335,0.014540868537184023,-0.002018214434825777,-0.010723163747779207,-0.0003008939976005242,-0.03491180884124479,-0.008664374100075244
2019-10-24,0.0016436078150910828,0.01948253777618937,0.009031710714820548,0.00981262173309429,0.011414160174614862,-0.018648478252625066,-0.010388063421893672,-0.01336583548415388,-0.0035054147249061144,-0.012294043026474707,-0.0007193565532039234,-0.0019114230127542035,-0.0012786286932782724,0.003332318910284299,-0.0020729104327847346,-0.009507501281675972,-0.0033963329428324833,-0.001601056855318579,0.00041673996185546107,-0.006246691122159279,0.010505509905438084,-0.003329386226387638,-0.01614306131159544,-0.008921844451313289,0.005304004337111357
2019-10-25,0.0122410537550153,0.005629327091494874,0.03827071314863927,0.07787540015128208,0.030733438441510528,0.006644739344027191,0.010388063421893747,0.0016345282827608626,-0.003882791635355786,-0.0035218574805136738,0.007966173398470203,0.011413975211297925,0.014955057825864843,0.009155797260685612,0.011961715814347771,0.0023131246543156006,0.009227740758248414,0.003377564610226239,0.007061296859158219,-0.0005698903780811959,-0.010982306485900742,0.0020926409915719615,-0.007219270061297486,-0.006359086340836968,0.0024013252004006793
2019-10-28,0.009967187622139186,0.024288884299310635,0.010940670961246908,0.005299135725585348,0.029520203094816323,0.006445520671969529,0.013774806518325423,0.008699979649587969,-0.000729835306624841,0.02324778249426812,0.0038013676984746027,0.0037762174953990804,0.016297554407467357,0.0015499309598776166,0.005723543653010903,-0.008847644526813659,-0.0016024920979953196,-0.011961445728811053,-0.01992674860610189,-0.00199663394941245,0.008902345419024592,0.010272278387994853,-0.014648790923633295,-0.0007702289722343616,0.002634740774986303
2019-10-29,-0.023399558317590167,-0.009477073292891915,-0.018892128536028226,-0.007427001892622059,-0.019784814210598235,-0.0004644466530935606,0.02464038801748945,0.020988542239953167,0.03467195685054848,0.0017857342415093362,-0.0006326544852201201,0.007197540641920403,-0.0005050967192709225,0.010017584509037433,-0.006817607244424704,-0.0029180021769591195,-0.002958431007217488,0.025007957971319404,0.010639647428425656,-0.006589637607607544,-0.008119150571146162,-0.011296715383486249,0.004370606916270271,-0.017432208855052568,0.006320030853596666
2019-10-30,-0.0001232487256425643,0.01238547800765638,0.0003937556898878527,0.0046043730329693305,0.0030230461066343564,0.0284033730896652,0.00704137409008048,0.009899697917917432,0.013075206557643276,0.015051292016136931,-0.005551981318963813,-0.014131040983447038,-0.008444214205055025,-0.0026872387320287586,-0.001642980952094928,-0.010575846910691102,-0.015096825381778957,-0.03656859040806102,-0.030971704849718538,-0.049796465864528405,0.009755331152435024,0.00892910131250456,0.021925842701270824,0.010140919293005724,0.0007128541857360969
2019-10-31,0.022357606979685446,-0.008611820857954844,-0.00980132890796911,-0.0012376021804710756,0.023860339238488917,-0.006040692915942937,-0.002862857804388361,-0.008275923924018434,0.005090291251608366,-0.0013816503715817414,-0.006463202148684576,-0.0111307305054518,-0.011323589921100686,-0.007717494000481224,-0.015328863264562724,-0.0022174755684648867,-0.0018923743734949356,0.0029026900710303885,-0.004462856931500585,-0.012464014452088149,-0.0018725073161205933,-0.007051628084195531,-0.000965285283284139,-0.007121565309311013,0.0043853313607391245
2019-11-01,0.027985451184447264,0.0024383129676514895,0.007779891918232063,-0.00035390411614421495,0.02790064991467197,-0.006382058533992019,0.0005210711612161782,-0.0019408810302352663,-0.020047320098138786,0.027279732692125296,0.02279313516727502,0.016807005172250408,0.01861831220295216,0.01059623536647315,0.034303051021088125,0.029600403281560862,0.0006023764162971141,0.034716452665056546,0.026201301612418352,0.05214922713458113,0.008284550823414213,0.011696923952500002,-0.014131045856367113,-0.004140183086019717,-0.016093932950229876
2019-11-04,0.00654572285996892,0.005758443193555604,0.03830134439729334,0.019278750576732118,0.039342008747980814,-0.007420625880925781,-0.00942158160066153,-0.003813758433294593,-0.01231951300829538,0.015054412509914137,0.0079494897191672,0.01869213431342044,0.011343575459971852,0.010295797771952376,0.017585811801812234,0.029307848502658114,0.04509127874736396,0.014763480781555033,0.03507686819788013,0.050944655548096886,0.007352477288485275,-0.010248407450015462,-0.027602252086466265,0.0075962559199400145,-0.010146578572726756
2019-11-05,-0.001437703372095296,-0.0006224167877890794,-0.004236958941952987,-0.0010421670766633483,-0.003865255638643031,0.0014578851940595806,-0.014568051016265147,-0.0037881643550316266,-0.011749686809686298,-0.013954149364436317,0.002171290263962194,0.012879772681622067,-0.005610016050005848,0.010941336586865087,-0.004267381541658392,0.019618935216302515,0.003038941629366273,0.008754456565095778,0.004332914923951046,0.013158377566505394,-0.001635984259248522,-0.011646002059559816,0.018486016895817914,0.0002222722052279765,-0.005844129581068984
2019-11-06,0.0004275729038973658,-0.002773199975717771,-0.009491141804273778,0.006356982938113103,-0.006104381195376657,0.004131888901453294,0.0034625477456829306,0.0008784352209768634,0.003972171728469147,0.00292823135274706,0.0015478996616260987,-0.00091438573297602,-0.0010069035483949622,0.009337351801743547,-0.005494101270665156,-0.022133809980474352,-0.016871100323463672,-0.015154261648437311,-0.035622009909307376,-0.03210018880969162,-0.0033023668647886115,0.0077647436494507486,0.010352944010036714,-0.0044599891444229,0.013343071795749768
2019-11-07,0.011474984961577181,0.0013875052998964569,0.003413842098432517,0.007782081658552391,0.009693981981164175,0.003582388396013479,-0.009169236640043928,0.02343380150850774,-0.004454362445182978,-0.000853260420975846,0.005399102601820469,0.013329368484593929,0.022051750797077642,0.013235468622888309,0.018505439835995403,0.021038853646304388,0.01646104169734871,0.03260510709160554,0.04543716621639966,0.014517257093991673,-0.004224307928792128,-0.004583254851146786,-0.005681149373805657,0.010229365031013089,-0.01261040272412752
2019-11-08,0.0027333065060011694,0.011715157153160108,-0.0026915855249084273,0.0037828425139413845,0.0002756548528557003,0.011874725686199471,0.003785552959358177,0.001986787414201768,0.008529908840344278,0.03827779007098408,0.002918668081117665,0.0009022838797508342,-0.0017032813186634748,0.001850109117099853,0.004080955915793008,-0.019173451300020218,-0.007907473372784758,-0.006402554941625312,-0.0005354777280406229,0.007180508492447769,-0.001298291684538671,-0.000429468514763552,0.0027414303935489014,-0.006548148998797827,-0.002199080593653476
2019-11-11,0.007887376849550733,0.0010273785703238478,0.00192337899793877,0.0013719176191966049,0.00055097679446554,-0.00769872668227262,-0.003243839503402995,-0.011270972704394316,-0.0037152531556780078,0.005267057521891178,-0.0035341930870296428,-0.0024080814434220836,-0.0175595646904882,-0.0009249578113287785,-0.006854739153377517,-0.006094384594809853,-0.0009924980535130586,-0.004234990579063412,-0.011849918143269848,0.0019244249267663244,-0.007999998745449705,-0.004476176042108239,-0.005022516106701805,0.002668458607658569,0.008038942403637655
2019-11-12,-0.0009157030662083708,0.0065486755580403625,0.006845506232811112,-0.0025740586262424764,0.01095594932175591,-0.004784587638206572,0.0010824004596290309,0.004555003151998567,0.010035632211326681,0.009064774035734734,-0.005866989433225278,-0.0027162437903971654,0.006281004502460469,0.003140414932289826,-0.007035519621318912,-0.013886342923472593,0.0012407419060764006,-0.011609995394247206,-0.007205771157910451,-0.0055082032830610535,0.003577876408002885,0.005678238726401499,0.0033166007539509636,-0.0061263653463409385,0.015725732789527366
2019-11-13,0.009536366327505394,0.0016307093870849918,-0.004974081663428536,-0.005340705862515299,0.021824963769259156,-0.0006094468344622267,-0.010058490281416404,-0.006603403341552674,0.008287003645492235,0.0025416826021316787,-0.005278734097858075,-0.009107327130525499,-0.004957514227128317,-0.017300950901477673,-0.015573011218235865,-0.008250936849505792,0.010853519096510767,-0.011572853138087154,-0.00932161583160656,-0.03313099314211089,-0.014097774253444028,0.007180819016096257,0.00885980356735516,0.019802528541481325,0.007413377099116426
2019-11-14,-0.006944018884664153,0.0050785262105833145,0.005832196641949896,-0.0013829014565801565,0.021880351686478724,-0.002364352927271356,-0.0013670584738963644,0.008873114680723696,-0.00318827011752902,0.01113082697642094,0.0009336640349227258,-0.0027486628765282257,0.0005011475410233304,0.003745963332851418,-0.0009474547483451924,-0.0043697665906792735,-0.002620321261878045,-0.005400084304536708,-0.0035870178397375834,-0.009176849750590148,0.0008495689742594642,0.007425551805756628,-0.0051414431166849454,-0.00021883876265934243,0.00522821833601716
2019-11-15,0.011809295295605723,0.012817743206085148,-0.027056170295900576,0.0025911029636771048,0.005461017331710937,0.029938168154492552,0.019775791884750354,0.05168430114801054,0.0041314174528781855,0.011347458452603196,0.007205718262311276,0.007008977770755073,0.0037299456935781074,0.005778320467527685,0.007555711396485115,0.010022615156685897,-0.0010769095466362103,0.01731630501209878,0.015497990925999012,0.018553805676166733,-0.008648952687683294,0.0031232254513660906,-0.0001546597659727219,0.019207434080546152,-0.002016721297280238
2019-11-18,0.005029730976534609,0.0024640138220360483,0.03885554435282713,0.004991334547566851,0.033659466520129945,-0.0008153048905048204,-0.0016107436518405175,0.013017985504605934,-0.00911100894789273,0.0011275500881825489,0.00837974758357075,0.0009105680128022069,-0.0023635274285070027,0.0037111008630375474,0.0,-0.009730751936040997,-0.017476027194555443,-0.02696977299486282,-0.030678320451284664,-0.019130136362955616,0.0074684960238794,0.006552860506531189,0.001596846422074132,0.012178103875078616,-0.0022587816025569454
2019-11-19,-0.003037146469725332,0.0003322395399156159,-0.02041633032675304,0.001715228434093868,0.03474539019423193,-7.433040247093114e-05,0.01175216446935296,0.004751691140917963,0.006161888159404071,0.0032631038372502637,-0.00030628912868152264,-0.0006068853699544942,0.0014098289222601156,0.0005550609904035983,0.005628995612342484,-0.01026840964853693,-0.017872987674888402,0.008254851316399364,-0.012142075988761998,-0.01101432691099449,0.0001483515094221294,-0.05592039549727929,-0.004333089868173798,-0.006070469188690066,-0.0042939661855386085
2019-11-20,-0.011709764231952297,-0.0017363665392030265,0.015220820499253027,-0.007742138896021098,-0.007536230430762671,0.008272958287162978,-0.016330224903176,0.004838753027255128,0.0072975014722026525,-0.020656956524876723,-0.007301813400383231,-0.007618572264987942,-0.009727180706850535,-0.0091102634936691,-0.012237252260482447,0.003091370593610426,0.0076137409651104455,0.03759135996913937,0.023305792740574555,0.051963249896056184,-0.00415064502033856,-0.022205295260823037,0.003560758336043127,-0.00600051520625892,-0.0007173696252428188
2019-11-21,-0.004493403435145709,-0.0009357444368766584,-0.004746422787303328,0.005511611725972702,-0.036277247177581226,0.0036714195901991578,0.018452536269991687,0.003585862261608077,0.0022258770884964352,-0.007828700934574979,0.0023116487835027574,0.0045782001841800325,0.001467164718856716,0.0003733931719283544,-0.00013506524468813062,0.02382096095906767,0.012113085236441579,0.014217879515069915,0.017334728373953796,0.013194423901696646,-0.006217986458149935,-0.010740911895505082,-0.009211402604543744,-0.009610374278793233,-0.01567265028576537
2019-11-22,-0.0008781004253731404,0.0007355937364050315,0.0033724025076042343,-0.01053289505155214,-0.009406423050748932,0.011876110576783425,0.015512030670599558,0.0010481501222371434,-0.00011705819010420034,-0.005447195861237614,0.006596980592793838,0.01029994546465592,0.009350286713474884,0.013353266250403763,0.013040563914079144,-0.0043150816846009386,-0.0011794103069449097,-0.005161878030699994,-0.004511317870005703,-0.00027294091494368825,0.006326901323545818,-0.002336706781446323,0.004098852480571547,0.012722411193325744,0.00871057086093606
2019-11-25,0.0173815721600216,0.010903323798042031,0.04777600095447571,0.02061603480920356,0.016215186035810944,0.0004373917142885623,0.00908996106983793,0.02084015535300686,0.002921550765890102,0.019677451714327478,0.005338035717525286,0.008702310342385819,0.011150377438474817,-0.0012905035801780691,0.010760471869530152,-0.006652958247451314,-0.002109525468920521,0.019016789500821144,0.007235212614655171,0.012756162498590195,0.015979589635143454,0.0016957981713653482,-0.006493077787044926,-0.004725246763902715,0.008754958412198257
2019-11-26,-0.007839221780922301,0.005276353020653344,-0.01921531752289849,0.0015292438478394935,-0.020310401404664398,-7.315014135979276e-05,-0.010134007466012871,-0.004503013244244867,0.01895556755916549,-0.00045589737816641916,0.001368001081502602,-0.0035918496814117125,-0.001347640329301381,-0.007405785064104245,-0.002911080679947215,-0.00247033185595182,-0.004996212234287448,-0.015517036577547917,-0.022141879850633348,-0.018783851826850963,0.012938516318668469,0.010747680209187739,0.010987076863989479,0.004617834057305513,0.00962497940811633
2019-11-27,0.01334277856478563,0.0019056782132085104,0.006435537086484408,-0.0066435069683503266,0.0107143412919525,0.004219384880893591,0.008840368987420242,-0.002597143126055412,0.003086803698983917,0.006929896075668785,0.0029575519965948107,0.0020967909229750678,0.002245139099835977,0.009801122356295856,0.003439664940771511,-0.0005820903720092708,0.0023737958887845366,0.0038190196893762565,0.006099869505503414,0.010388388955948402,0.011932253434933026,0.010095817948082517,0.011734448573026204,0.00864171497879074,0.014207883758154667
2019-11-29,-0.002205558274056887,-0.006190073377263518,-0.006896788058713261,-0.007893109600230371,-0.006619125923099029,-0.001888957888178214,-0.0028515989811882534,-0.002854956086350595,-0.004920431246701546,-0.006815845562504991,-0.0022743905667947616,-0.0029967057482054825,-0.0015800826196725795,0.0022059300250756525,-0.007955712291280947,-0.008331517922554337,-0.007992913084842618,-0.006651211818555258,-0.020245073778986083,-0.015623149513180778,-0.009786452277548634,-0.011228882500668861,-0.002926507007062289,-0.0043228325869126465,-0.003972160583751737
2019-12-02,-0.011629176923660244,-0.01216278601502745,-0.03516874820508888,-0.006740965040955175,-0.010785979704702566,-0.0009462484074015633,-0.005988770006231998,-0.0007503029994552822,-0.001607116374224984,-0.008011116416569125,-0.00220338575908673,0.003295936474775005,-0.01690287243721109,-0.015544519392785025,-0.00801912957727894,0.004247667020514219,-0.0028212711567426932,0.007148491958741427,-0.0015522276968774255,0.00440998064658799,-0.010719163262200036,-0.013192391539275228,0.0035929420965486254,0.0007485866870675944,-0.010117587239009768
2019-12-03,-0.01799104986953304,-0.0016059912442075931,-0.007627528339099064,-0.027962875776756033,0.004379808142774229,-0.0014568044262488816,-0.006287558591949342,-0.009918073464046875,0.003898541771889396,-0.012487292103347394,-0.012938264647314403,-0.017806427775174834,-0.025124367733739664,-0.019586083364010604,-0.016097727228566065,-0.007923687379408042,-0.007821856020575089,-0.024821222142205758,-0.028805078020369374,-0.024559852800824334,-0.006554897641658675,-0.01677441273588741,-0.010610274732623605,-0.011826768623089453,0.00295197396089893
2019-12-04,0.008787459439078556,0.0036101019221902583,0.008439643980558725,-0.0008920049636290296,0.02010494234446594,0.016055707324031956,0.002362309535201468,0.00870158287341821,0.014655434045821158,0.014438700466404327,0.01953404782788672,0.00939562002322361,0.017282527872211066,0.012473889760668861,0.012198400820093368,0.011279670235455508,0.009019733788272505,0.029118497784696544,0.04644721101913555,0.03372054475630408,-0.005251180813047949,0.006842549621466174,0.006142661517163959,0.013535316425784993,0.006814526906590507
2019-12-05,0.014564487598152459,0.0005336516026529581,-0.003252427271268021,0.0010705418600253566,-0.0017652178831314403,0.0012907388751261413,-0.0028880735164068345,0.009548892424590795,0.0009014409735471319,-0.005519739143182298,0.005425832514606785,0.003632755682878759,0.005541979896536474,-0.00018767525008943562,0.006445622268052008,-0.003502154174506349,-0.005230105074690467,-0.013115465897888492,-0.02047194287979445,-0.009439591746004818,-0.011544817962785503,-0.005151030353538488,-0.0005144588782549726,0.02184659091513181,-0.011186715792765194
2019-12-06,0.019131975130565384,0.012065701240511264,0.016298258148548673,0.012932923582884361,0.0002524198431186379,0.005858502671025946,0.006813322573154711,-0.0026022012132705654,0.0011263771603018638,0.002993587704057897,0.014770800698334224,0.017376067116137386,0.03382312558546023,0.021190458813333608,0.014616305286374403,0.015951668158417903,0.014338404065610481,0.03497605709784374,0.0466359483056049,0.028597108540082995,0.006368715753630064,0.005991297348174522,0.005852575204112728,0.012552551361930316,0.021902022328732954
2019-12-09,-0.014098725884157073,-0.002573264817878287,0.0,-0.00494068030271734,-0.017821264693077307,0.0008544197730266554,0.0007831901116299349,-0.009502769717840805,-0.0014641288623009367,-0.0062275139925877685,-0.004676106181108062,-0.004763456619452682,-0.012544369638752799,-0.00831109590155103,-0.006351671966610552,0.0021557046254300546,-0.0060346759427805175,-0.0022615334259301614,0.007409085714202503,0.007292425680418304,-0.0011939050988062398,0.010445589220661087,-0.0034355853139930045,-0.0038215355954590398,-0.0004634501076777799
2019-12-10,0.005827217578292968,-0.001520583384099411,0.00849489252593725,0.001060735882163682,0.01301532545322757,-0.003636498792190059,0.004166827074597655,0.0071091096291427,0.004273708051501156,0.0013872984528717882,0.000669171968461604,0.0005968401463777536,0.00031560846791186853,-0.00427488321078734,0.005955762090459671,-0.008650768448647832,0.005017288292717425,-0.0011330751547716893,0.004419149162068736,0.004832081718399317,-0.005904754434733096,-0.002913885531627284,0.0013860501456671454,0.00392478725464746,-0.002785729935511438
2019-12-11,0.00849315539480689,0.0037648540532271638,0.015580229093948704,0.008446077779390692,0.0007604256874389209,0.007046960624404936,-0.00677992074861585,0.0034996311379374,-0.0013475908665805598,0.001615971417555267,-0.0023818948368320263,0.0032752776017704465,-0.0031146690551919205,-0.00973244955076687,-0.0030395387205479196,-0.0014490372034739148,-0.014181145720009749,-0.001295951545386983,-0.0022743919954774433,0.02799241771590092,0.005453040216112708,-0.018228702112429145,-0.0011805143507039916,0.0017509931624909664,0.006372268000129091
2019-12-12,0.0025454167373559727,0.010099946693105802,0.030495672360824223,0.008375639181799774,0.07607856691571749,0.0025502510564756873,0.008337962660924033,0.01102643649618977,0.006608850172936875,0.023144248248911366,0.02821637550401892,0.03044746051844065,0.021734163886478513,0.02213440744846234,0.019659731472961073,0.019814178487657565,0.021954793601192377,0.014645628852615411,0.026953815685536116,0.01729753428900252,0.0066172609838292965,0.00018846955074703487,0.008132473761898535,0.00554142714310621,0.01853573501956537
2019-12-13,0.013501480806078853,0.008382962593785686,-0.00035705863602803574,0.004161733724431207,-0.03439552331386349,0.00028310291127581634,-0.005464012702360934,0.00657210772742888,0.002582063478954971,-0.010081239288537325,-0.008805518152316578,-0.006944524601788627,-0.004656023975335613,-0.010540842921436646,-0.008602879913785421,-0.015906388775319132,-0.007180109981834554,0.0017560709618888372,-0.01603179600679762,-0.0017933105666516468,0.0003464055904998532,0.009574938238656069,0.004117545230533908,0.000511412760758212,0.005201518546018608
2019-12-16,0.01697291854830063,0.006450542328048244,0.005165551714498348,-0.001558639898485994,0.02874442086388915,0.00289586428097365,0.02091201126778879,0.022684399263439892,0.0011208304639096335,0.017939247044768722,0.0038666157898570998,0.007520850476327818,0.013420837803242444,0.007962139150867397,0.006784463914841632,0.011060853477571044,0.011798468901916735,0.0019119053534722612,0.03155430505714723,0.01020400737031174,0.004685424827782585,0.006750124275667063,0.003847856951094485,0.010580942232168464,0.0012397529338381568
2019-12-17,0.0019636249979681974,-0.005415405403468552,0.013849863798057962,-0.006956396492910985,0.009868547873867976,0.01240590623083164,-0.006150522489948818,-0.005356120736841472,-0.003028440794033754,0.00724199187258182,0.0060973909837512726,0.009750675038484192,0.013545821443799413,0.002210724393019187,0.010733812070856297,-0.004581761046463129,-0.0063875271360659715,0.011081351911457087,0.011485421784903922,0.0015219009736170143,0.012051086000576885,0.010109730571312859,-0.006896434173286662,0.008465289307758202,-0.007348612764230847
2019-12-18,-0.0023924520212525767,-0.0020711377831351104,0.005329746924083677,-0.0022715226586139687,-0.011049864925893705,-0.002580585463412046,-0.0002569636302403473,0.008330818650859948,0.006717130461612697,-0.008360934112780851,-0.0010135547432511124,0.001995570490890818,-0.0030328648503180635,-0.012406717564624553,0.0023126757425435767,0.0027229789400223955,-0.00042157093746312944,-0.00505047056332499,0.02233459462633672,0.00404618565151532,-0.003709385461905557,0.0012852265140251731,-0.004539176850558254,0.009189871117409825,-0.0015897561756728087
2019-12-19,0.001000687243130768,0.008643307175540573,0.02559426091775198,0.01372363027485059,0.012451766363125746,0.014972113192754193,0.002054768324659479,0.005854949405265579,0.004120195898875836,-0.006288244373503181,-0.00501117332116979,-0.004567769006953899,-0.002215498167393482,-0.0007451443062092448,0.0035871896513205584,-0.006893822143554125,-0.0035490822249267845,-0.00015818449087085272,0.00815654907804764,-0.00025192632281318084,0.004613685162964642,0.010132135472436523,0.007283367908745334,0.005750556876881702,0.006005499984734373
2019-12-20,-0.0020735033907895183,0.010858259173345746,0.016469753600824918,0.01693682689496392,0.03035412723224796,0.004872789635696728,0.006649592900198954,-0.00691384212264722,0.017514384876729714,0.00584036122632198,-0.000800973444964575,0.0002864234388593853,-0.004402116837049237,-0.005609916819274993,0.003956477031714928,0.007894994616451972,0.013035577690728434,0.008352266948100498,0.017204776084975355,-0.0045548642457023236,-0.003230170321979381,0.0043950901084619095,0.000405887248879776,-0.011834427270203533,-0.0006782680191726552
2019-12-23,0.016186294428344235,0.0,-0.0023004177090655054,0.004738555914140762,0.029239836674000128,0.0025982192314251743,0.002291404396086951,0.008508068830321248,0.0017454080154352346,0.01069421557115765,-0.0002917775356437001,0.0059891310716613366,0.0006986772343385665,0.008960656333812895,0.003179043328341094,0.004991892695871392,0.0054165565115293374,0.013715934539558843,0.008672815211149704,0.03391016419627808,0.003631847326724357,-0.008991853541176277,-0.004779746376951598,0.0008000252531644149,-0.002603253793190208
2019-12-24,0.0009503908322943744,-0.0001900398552144759,-0.0008377563229193759,0.0030343689247853203,0.02347937926077142,-0.0034886111780614835,-0.0007631260795587725,-0.001865475156796771,-0.003275475952508723,-0.0044417007299123535,0.002765911824248655,0.0014205830036654158,0.0035728772028731045,0.00018565251946065764,-0.0021605960741240627,-0.003848455781372004,8.316468922445253e-05,0.001082992740190085,0.005143599809962282,-0.00343853452873471,-0.002116000655262421,0.006638148272413818,0.002392773751405538,0.0009991115634813462,0.0032815218123629546
2019-12-26,0.019645920389835637,0.008162828028355508,0.0023857337001635085,0.006877462712537898,0.0019319561804270835,-0.0006853609661591959,0.0022879781152917804,0.003761432784618889,-0.001093929461973248,-0.0002227310802643089,0.01055622353793953,0.008481753340951194,0.00563847962700217,0.006112895621580706,0.01565460006415584,0.0015697232061359322,0.0021582716638008414,0.005090051074708048,-0.001910512485644507,-0.014370401669614126,0.04350624357368459,0.0006795097975786354,0.0019810853766665066,0.005676060651080131,-0.004983088645043305
2019-12-27,-0.00037944612350410687,0.0018262053605396843,-0.009746720535414638,0.004337089359352207,-0.009697323191664048,-0.0005489386944436316,-0.0015248520357330835,0.0010817435043711866,0.0017498835141905146,-0.007038087642724771,0.0007186240342288856,-0.004797729838742899,-0.002381516704024176,-0.004256521094103629,-0.0020060668326281656,-0.00342819139153545,-0.002490637162803456,-0.0003077783071677801,-0.006115615039136821,-0.001749069096929465,0.0005509958634310166,-0.0038567019026222744,0.005616956872710677,0.008502910163424363,0.0005673448359816047
2019-12-30,0.005917899643347651,-0.008655934826012594,-0.019395708933185634,-0.007686125562019111,-0.014395010660351384,-0.0030922122032739086,-0.010481695030211402,-0.007188696306048476,-0.0051499309913000165,-0.00765238363549304,-0.0036717901933664867,-0.005673860474308784,-0.0037356580001282813,-0.005952385894746984,-0.002010519106603681,-0.0058835273686341,-0.003747919667510301,-0.005710459260703851,-0.009061913947800714,0.009950722514749393,-0.012328332134618607,-0.012166402888368972,-0.00637873075435879,-0.0076098843361876905,-0.007859716508151406
2019-12-31,0.007279835199300507,0.0006977513512289094,0.012745677741085482,0.0038504111999206722,0.007441490864381016,0.003915289399895636,0.0069150773783892205,0.00044217990795876683,-0.000878969421922509,0.00022591455751426652,0.00553882960932131,0.001989836972100569,0.00056563599039115,0.0037240897099872798,0.004767981404043828,0.004308336658388216,0.005491858072936975,0.006479727487441395,0.016491402122083422,-0.0049628742516558905,0.0005142525969060166,0.004911858697756243,0.003548771260698063,0.00504697762662171,0.005474083611764139
2020-01-02,0.02256006440682187,0.01834664832789643,0.01940224352528661,0.016406125174362098,0.06826571298473463,0.0006849865406640307,-0.0010216618489339072,-0.00504705247829036,0.011913098714233333,0.011342434114703493,0.012050491349726302,0.01185433859610743,0.018912648629911193,-0.0009296189793547086,0.01663407428409229,0.01592313157049554,0.007605448761028066,0.006590148408602784,0.004526500171884476,-0.0007464885442466059,0.026788570977962715,0.0058440451857179445,0.015964402805663826,0.00874641013083004,0.016134096230352273
2020-01-03,-0.009769599314961085,-0.012529821532043154,-0.016135125527972253,-0.012237843139576366,-0.01023550421374865,-0.01164518279927825,-0.005379609071516656,-0.010171172046333037,-0.00862000546491679,-0.009537176900002933,-0.01328428636818844,-0.020981596400387097,-0.011762038026151382,-0.006158360596141484,-0.01901489416433707,-0.008072017925525055,-0.0034649274443094755,0.0036599707418523107,0.010051864873881588,0.00966180828847282,-0.012213314472679244,-0.003328584587392027,-0.0035423376734575376,-0.0027435316023298557,-0.0058367803456517466
2020-01-06,0.007936246342120987,0.0025817390051682903,0.004184748864839444,-0.002832629964708803,-0.004330331317710639,-0.0012480462129263823,-0.0012850463962438476,0.006918137301990402,0.004265085119448515,0.007861101393365872,-0.000795325892697452,-0.0014340003480130803,0.01018198153754473,-0.00600843530371794,-0.003141609286356796,0.007648784092825386,-0.003393822559341847,0.011802258729560465,0.039790663137710736,0.0063900916960236125,0.014775871094842,0.004693466205966899,0.0111826842397902,-0.0008832897656650081,-0.007911682988313198
2020-01-07,-0.004714175404976376,-0.009159791826464737,0.012034068688984718,-0.016826764624819364,-0.0028973404070567043,0.006088114499295185,-0.0033492338671486407,-0.006054990702229075,-0.026987332855049808,-0.005721149141728367,-0.017146899380327194,-0.00662129691746117,0.006561039378163749,-0.008320726081494118,-0.008722970288242156,-0.008217783060778595,-0.012852104322064914,0.0,0.009565009145233214,-0.005158169736764771,0.0020894360230744357,-0.006567886783762037,0.0014815915838485183,-0.0004910993154246704,-0.0030683317177616523
2020-01-08,0.015958323344014032,0.01580283069830492,0.0018737288446721914,0.0006785115570407215,-0.008742731810233476,-0.00013812056519080704,0.007967845995613766,0.020865052155743725,-0.006748865972224062,0.007062434184744806,0.007770781158822434,0.010058991763257025,0.0095932620360812,0.0030337891220249963,0.007589178654029931,-0.015195136539899484,-0.011488297773653278,-0.023437560772555203,-0.022081181030080072,-0.029994715169689733,-0.007839287338238509,0.014853139769588975,0.016057685733842635,-0.0022624143883532453,0.011542866744057637
2020-01-09,0.021018324654104494,0.012415777577569445,0.010922577939691255,0.005580423820176035,0.023554794667034595,0.002962117026395518,-0.004361442780893723,-0.005693747535177323,0.008765209900607524,0.007678028473478589,0.0036448611350809903,0.001714108686379693,0.020152215463105288,-0.0017054108525426201,0.009031743173114748,0.007626429514099757,-0.00161552534883534,0.017250706732677652,0.010365402292215635,0.011353945713072836,0.0047876954600311996,0.015213526017839013,0.011780316252860367,-0.0006896672758061508,0.018393749819794747
2020-01-10,0.002258131546801949,-0.004637833305356347,0.005335045230053565,-0.006089282665888649,-0.016471508012013057,-0.0022723309025590886,0.015310372744487027,0.0030879692239058174,0.001676497438275109,-0.012829848244388938,-0.010018143158453278,-0.008312863440967419,-0.002021930093859897,-0.004371484505549083,-0.010418521029899791,-0.008927330064502177,-0.00914749148824207,-0.00988662621778522,-0.02269162228858954,-0.0007530802016903618,-0.009455156242405591,-0.00431661544282565,-0.0051975152225364595,-0.0057317205304608185,-0.004095176553490148
2020-01-13,0.021139685860051896,0.011952380179279822,0.030871034043404993,0.01096788408337796,0.011968814814073137,0.004402340217233674,-0.002028096780814487,-0.031948613477722744,-0.00022359555563434424,-0.006081738437686762,0.008270112355005192,0.009168975700015182,0.012723006825640698,-0.007456096180777407,0.01751117948790038,0.009500650718807733,0.001887659459207294,-0.004442795789442775,-0.008731872295492773,-0.015178448781401281,0.004313262739376531,-0.003932645359842755,-0.0036733865003540237,0.012410448248291059,0.010152548341397205
2020-01-14,-0.013595446338885939,-0.007067934023647447,-0.01882832398358602,-0.002688580478830158,-0.011138748016728782,0.005612184809334782,0.016608453402831343,0.008325946150874527,0.004681682107209793,0.009798599508291178,0.011594259368153455,0.00738853141866879,0.00183344996011368,-0.05543278026170283,0.01550241430737938,-0.008633342313802677,-0.0030905112355634505,0.0001537671220550446,0.009426927058002653,0.007617966372457436,-0.01162552704635962,-0.0023757362799040893,0.0039147386450183765,0.007411561857175662,-0.000989103753849661
2020-01-15,-0.004294655179865984,0.006455336078125822,-0.006939123687082346,-0.008279303604547757,0.007027729595696447,0.0033388256535070255,0.014862907017694103,0.027950462734471354,0.01774401342153643,0.011946294365970684,-0.01509898615529229,-0.01857486522217116,-0.0018334499601136503,-0.020078664605763952,-0.00821370154201143,-0.0015908362985207626,-0.0014627950478816017,-0.0021513588745346594,0.004738044065794558,-0.030826842145764272,-0.003977024437111436,0.007957052879141845,0.011748317734575884,-0.0012638236166254118,0.006026553717278233
2020-01-16,0.012448682132147818,0.01815740941731076,0.013589314870762165,0.012142000225968924,0.024818223045221202,0.008061879391762054,-0.0014767168612001608,0.0145023469037697,-0.003940255052906118,0.0,0.003869066945876718,0.0014413760889685973,0.018225201324133453,0.019063694943202956,-0.0029583115599265963,-0.003915503117007928,0.006522942460035726,0.0010759636768122919,0.006548448376434121,0.011671311973389671,0.008513567549042408,0.01865932615083932,0.005135311564866492,0.005626788154786116,0.011296854100020194
2020-01-17,0.011010396872402435,0.005580915462310869,0.0014053004304623773,-0.0010064874245688943,0.023039744820531383,0.006523769099884708,-0.002465224470491228,-0.007576735439753175,-0.002305476094008345,-0.014216724076282947,0.0068977526208552345,-0.000287827338362896,-0.0010417262666512091,-0.0014221263787147242,0.0014800733536518382,-0.00378531778949116,-0.011270320537773236,0.0,-0.01984642883697303,-0.010628522837722445,-0.007064556764163625,0.013413736589202217,0.005344954240303137,0.011159157046781335,0.011171127899028035
2020-01-21,-0.006800153303165005,-0.00359711714939307,-0.005389873964406949,0.015814016362579456,0.00235338277715275,0.0006703249068933119,-0.004205472014125294,0.006878428484160847,-0.011053878730704724,-0.00011374613080268951,-0.0098892546627383,-0.013049563429657919,-0.015187225532038794,-0.00489190025232209,-0.015153417994825493,-0.01439704525788715,-0.01983567168110625,-0.016111692770325765,-0.014998482046555952,-0.037710307960074366,0.014523546068980422,0.004474276976166379,-0.0038756833377720052,0.00047818252377271195,-0.011711100373362924
2020-01-22,0.0035629744430921563,-0.004816016415553003,0.008713775585250204,0.03537022821573116,0.007416136054904166,-0.006856589837995502,-0.0037250656368348215,0.00019938873370763913,-0.0035631607655612517,-0.008903973149320357,-0.0011701696595246087,0.0029146478686749885,0.0054794484537545535,-0.007795061763462342,0.00249991172986891,-0.0057876837413930295,-0.0036247802910476757,-0.016058263948546526,-0.011368510255776867,-0.0073340245947215495,-0.0024024329949914906,-0.00021486242673337917,0.0013248028072266442,-0.0008608135649325433,0.0
2020-01-23,0.004804208790432823,0.006136816489078512,0.010935211418428327,0.009361522247378492,0.005429502982461713,0.0018871630755622427,0.012855324377271044,-0.003766094067687169,-0.012232423348981404,-0.022496390622316613,-0.001024824480594566,-0.007009622975897743,-0.005967998715085439,-0.007026347180922476,-0.003752035797583286,-0.00627074476074592,0.0017698356420632545,0.0020612980826508554,-0.01528057752896261,-0.0068388213037817195,-0.0015270766138824048,0.003215362680138563,0.009320788455256487,-0.014168161804537662,0.01309895625989022
2020-01-24,-0.0028858200661413995,-0.01012805581920178,-0.009456981734487417,0.078194475695791,-0.02665257984396443,-0.001415313833936404,-0.022104465754761556,-0.02245715989872552,-0.02956596339284264,-0.02049704662450981,-0.025141335203541518,-0.01714479179729352,-0.01501558677636452,-0.013571627671487153,-0.017444869746846933,-0.0067623499591644666,-0.011113753762489048,-0.008269891854591276,-0.02449422243926688,-0.01828290306620625,-0.012247117354348039,-0.00708689762755806,-0.010266718217021508,-0.009656448310919828,-0.01851697027294779
2020-01-27,-0.029846192764418317,-0.016864485244740244,-0.04190723382671287,-0.04144908063770817,-0.021886230240365095,0.0028950497260577697,0.008502203302125234,-0.030232329545936718,0.0013951555595946587,0.005729010093565363,-0.00844701425033506,-0.020787036214095608,-0.015748380181613248,-0.009929151744706235,-0.022046700481654604,-0.024112085521978348,-0.013139006624016162,-0.025555364644245817,-0.041030970483890254,-0.051926500900322047,-0.018049378179086927,-0.0034974968520224826,-0.009035622511869333,-0.017699610614261195,-0.036516748896611974
2020-01-28,0.027896223104986913,0.019406180738559865,0.03183623486653364,0.02436199021019891,0.025454836527063377,0.005029400979712535,-0.05160803992670339,0.006245863906456221,0.0017403082432502525,-0.002979936801458495,0.018014367146911105,0.011802448470535312,0.018472790804412748,0.0057161194026061615,0.0068852501978757105,-0.001391186593274066,0.0065914447637546066,0.0022909262601544774,0.005336146785580811,0.0,0.013532388730052893,0.011482731022013293,0.005003481384278977,0.0016946192934711606,-0.0014660371730715544
2020-01-29,0.020716438140111825,0.015472529692681026,-0.009848170738394868,-0.014666247142307411,-0.06162701527570521,0.006932353583703555,-0.014791582734792124,-0.01044395962816487,0.011412570978891486,-0.006827342672356162,-0.0014887017447821151,-0.006943722690209673,-0.01019280389629437,-0.0021131437098769,-0.009888319219192906,-0.008387693087042791,-0.006772592700362871,-0.011342443823568225,-0.02510198821111434,-0.00679561357116106,0.002559818728975466,0.0006840754811634327,0.019066847205163356,-0.005692818146193234,-0.021447235810113516
2020-01-30,-0.0014503585861058764,0.02781698724659582,0.0010989303050516742,0.0021082448161468975,0.02638018789298566,-0.0011964186612837958,-0.003500749242430229,-0.006809603460070089,-0.008518395404249573,-0.017214757409790032,0.012290934816737866,0.014137852384020246,0.016562106566270815,0.013448284529896626,0.012345180859518138,0.010550925654889453,0.009288787168676373,0.006590935926380806,0.009009231044794551,0.009148674206278204,0.00680130777131683,-0.005269825928341092,0.008081412632940542,-0.016664407792620555,-0.010199777010153383
2020-01-31,-0.04535149877524818,-0.014868463140317324,-0.038906568264229405,-0.03896191063207672,-0.037172766053051066,-0.009959034909137503,0.00457569732440795,-0.030828477660336674,-0.012329987405553843,-0.00933654516041029,-0.02632049837545113,-0.019605709062505493,-0.026481230306115097,-0.020454207059313,-0.033175515060215606,-0.04208346496946075,-0.03899071127426214,-0.02426983758636768,-0.039136593067894965,-0.015692520736853375,0.07119570893188107,-0.02035254242479319,-0.01027560438449671,-0.01943627154739493,-0.011835820027190039
2020-02-03,-0.0027501468463325698,0.024086402006479796,0.016360797274751315,0.00763532911910287,0.021469998615819642,0.008694607141635334,0.007224147915846232,0.005745818780893515,0.021994363700595636,0.015675137662900705,0.00760181634661085,0.004255673096264684,0.0052857976895118505,0.003827478383904748,0.009629492891636986,-0.022630235994158053,-0.008059469067887267,-0.004215548579853842,-0.021347991459712817,-0.001493066803899534,-0.002252704013802056,0.014968281566505216,0.005638993465443044,0.03037484802539708,0.013814386162143345
2020-02-04,0.03248040676472318,0.03238643681833806,0.02790128758579412,0.016015028093035857,0.029344473171345236,0.009477322322686813,0.004786744099656361,0.02458421046108391,0.011610740429250678,0.02472199278472635,0.014293473124703426,0.01952299390627291,0.012184271153755437,0.0029669691759192,0.018070931942123242,-0.012593177538535996,0.005348876229130382,-0.046520077271959955,0.03103892583963195,0.018066511106662513,0.022433811849720944,0.014832858047246213,-0.002605795245490187,0.021032640630744545,0.027182156962169426
2020-02-05,0.008121035593775148,-0.0012220315974873232,0.014581953026736687,0.0283152805960794,0.007855804043528872,0.015642524453355254,0.012655465021521971,0.05166154358389611,-0.029050874805483195,0.026552856169295775,0.016857663308490593,0.03190683044389181,0.009707336962532655,0.02197395494733117,0.030256499491031347,0.04499544067160688,0.03159685360872296,0.03973813062519158,0.045538415854295654,0.028928816091999588,-0.004792703414039184,0.013147341767970496,-0.0011655957470518264,-0.008320230716630822,-0.004671590919771801
2020-02-06,0.011629632714996722,0.02052167657110936,0.01382195955185456,0.0011932739079382668,-0.01048820543227692,-0.0029918016254818487,0.002354851649927509,-0.011118998926913157,-0.0017488319220067897,0.006328765931880214,0.00014550952034992135,-0.00115354875060587,-0.010203408569081928,0.0037588138752433736,0.0015205924100983067,-0.013643121040916953,-0.007189438980115809,-0.006314612383475783,-0.015433637965722393,-0.01609684626035534,0.005065879625856511,0.0030610968581588714,-0.007021919030700061,-0.0026892475269399917,-0.01623437684233299
2020-02-07,-0.013686127444223883,0.0014145638954057604,-0.010517566658705709,-0.016077599376404014,0.008278691413191194,-0.01073933634635518,-0.005503752185182816,-0.011140237949938188,-0.007027675998828308,0.05696099832156545,-0.0032029503492649004,-0.001731730367589909,-0.015922909866240925,-0.0029220224450609263,-0.0035517728298859984,-0.006647489004346793,-0.0050358230608716715,-0.007216529852934797,-0.02023765342485666,-0.002611589918290777,0.014069692433392624,-0.006468768118399629,-0.005936764015940185,-0.008311747164547006,0.003129092434788276
2020-02-10,0.004738213183839019,0.02582081795715982,0.0442392356548148,0.005589021035421707,0.0496228644531795,-0.00019743245790337756,-0.0063274204843805,-0.007600822756211221,0.006794145869253832,0.02630603769026491,0.004146902370300549,0.002308863271244378,-0.0026928408563384877,-0.0014643583118025528,-0.0026723139652652748,-0.01061747037880755,0.007771842575682634,-0.002071230995202922,-0.008780782498392788,-0.0020358266378360254,0.025934357987387625,0.013852123658071883,0.0075330060621129095,0.005815546596783307,0.012762534182191816
2020-02-11,-0.006051593814757327,-0.022834007284538056,0.018536658762816186,0.015246783483504639,0.029042225011861475,0.0008556376685421301,0.007378014986515177,0.013014671379402022,-0.004797940214626937,0.013106326198851645,0.001885954980426056,0.0023033529473349542,-0.0037987043902801007,0.0045947900590938865,0.007742909651028638,0.009461574844933464,0.012850994230634736,0.014410795371554808,0.014681540779803796,0.01291560051697172,0.007883866478429244,0.004271761341740581,0.011749921168972772,0.0,-0.00022833265143878275
2020-02-12,0.023470174413187068,0.0014625979039595953,0.0172088286642665,0.0007414106976147702,0.0016714676328194948,-0.0059390810231128915,-0.009231002293679349,0.04271426063541675,-0.023739990391058053,0.018474012186765098,0.0,0.00430475370684685,0.009218664701538511,-0.004176368381044266,0.0030296677012424593,0.012151435351543985,0.007435630315584321,0.017726518480873532,0.007857747767405963,0.021921367589766552,0.004268347229322045,-0.00020698758096968585,0.007987317388787073,0.029358823822886633,0.012039819152288883
2020-02-13,-0.0071464041098639585,-0.005428468413889945,-0.0064786836299647954,-0.0002962303135452247,0.011806065932542764,-0.006640721413153526,-0.02169634954817184,-0.004226759708917193,-0.015494552337081968,-0.02526789353096292,-0.0008697922314659522,-0.00028643324420376615,-0.0012576436729314403,0.006881652175858309,-0.004168493558332493,-0.005564910872563438,-0.0033975702251128575,-0.008801350741000882,0.003971683691522677,-0.010900930773531017,-0.004700848772083054,0.003182179150291451,-0.0001839596662472948,0.0035859392491410834,0.015238280169080484
2020-02-14,0.0002461606650508179,0.008887418869389006,0.06784987125361536,-0.002524225793615927,0.014202762283498729,0.00026678214075391316,-0.011438206503211118,-0.011381472216189398,0.008261117153357018,-0.013727508045033813,-0.0030508028586194286,-0.001720388301353032,-0.005342555359213011,0.002075814019245494,-0.0026619339658984003,-0.004605818312091194,-0.0026307396217374107,-0.0034062058397356806,-0.010092528181756238,-0.007237123722448836,-0.007001620314183051,0.010956543094543617,-0.0015189395840865614,0.0016431074782124963,-0.00725396870515671
2020-02-18,-0.018480237928119054,0.01009179259566637,0.02312666922999736,-0.01694050819977399,0.02816581919836074,-0.006616651458512438,-0.005217450313172577,0.011183033617524787,-0.002301068221818241,-0.0046895236569413305,-0.01332883352468819,-0.0167826955691837,-0.01645827449159885,-0.02583891724744554,-0.015476427454564647,-0.01277723844085799,0.0014522858615475848,-0.005473949370010807,-0.005219514284762382,-0.022624778107599518,0.00969583372641929,-0.004458509202757861,-0.004339545896692292,-0.014985081403845827,-0.0005600778503967496
2020-02-19,0.014378669525979642,0.0029948500762111874,0.05933653869931851,0.014559252217486688,0.03472154852987446,-0.0013415988971243083,-0.0024810862046776012,0.010437030240628035,-0.005594365349258169,0.005645830321506407,0.013547132017242568,0.013045653645873002,0.0175121070367787,0.0021260555876592637,0.006040238439285463,0.007652693228289454,0.00452516134228539,0.016332526974098198,0.03623328166864001,0.01884146501381276,0.006726973190216665,-0.0012305542929256896,-0.0024085651870974275,0.004499582486079712,0.01014655833760836
2020-02-20,-0.010311963073288697,-0.0153892473644817,-0.019249878064747938,-0.025046602078761616,-0.028064182164958408,-0.0038345536720222452,-0.010544222703713555,-0.010469807825522308,0.005957522081595768,0.0009554971528344081,0.0,0.003737041923310611,-0.01957251142029476,0.005294745811524276,0.002175569733221063,-0.007986794786657387,-0.008433402851486516,-0.006433083229589155,-0.016833112138005063,-0.013506248754154028,-0.007919906743473367,0.013777610031959948,-0.0025539567548665395,0.0006829105739100382,-0.0172320656190107
2020-02-21,-0.022895004904428407,-0.032123141054357554,-0.048552036594435494,-0.0171049082480399,-0.07221593107780679,0.010459574078831845,-0.00363266632033487,-0.002319832554207054,-0.001819588085824269,0.007717109184886056,-0.012294511873173123,-0.014159784822656568,-0.009107733932300811,0.007575629364404042,-0.02301909109671221,-0.01227000077872178,-0.007312148316472599,-0.007501055593161429,-0.02370303507515899,-0.01309153196031093,-0.02689219882130043,-0.006824285862129724,0.003666197489368697,-0.022488465492518938,-0.014094453083889402
2020-02-24,-0.04866552010511591,-0.04407254018244642,-0.07332108084620503,-0.04092551349189219,-0.08129474122716897,-0.020822083782529206,-0.0298359147296449,-0.08167222336494363,-0.012342163591752529,-0.01935197091997631,-0.027243562437385016,-0.0486012033345395,-0.02671737494571837,-0.027847329724675136,-0.052505983033794286,-0.04797873330869703,-0.04024488502567362,-0.035885991540768734,-0.05969025945147271,-0.07652999517233064,-0.042235023870589,-0.02325708358670393,-0.010945531975352179,-0.044256658737289796,-0.03304906413819497
2020-02-25,-0.03445889872639786,-0.01663935559412186,-0.04196149084434232,-0.03342164909895037,-0.03206395806497891,-0.008673092565954443,-0.02157548475633643,-0.053229651180027614,-0.013119487328190814,-0.043446920043463864,-0.04566991357446491,-0.051727473418233985,-0.03134943044476657,-0.02775830374830341,-0.043681356028457,-0.03907881650804767,-0.03894945801358978,-0.04628347520018824,-0.042665302133983146,-0.052774958760786576,-0.018357980231590378,-0.009725696257374286,-0.006672716038405696,-0.031886671516912844,-0.02795440754521535
2020-02-26,0.01573884348532941,0.012417616110966383,0.021144918801705298,-0.0013399764592852133,-0.001683106124277185,-0.00672830077872775,0.023016610854819448,-0.001482081619149101,-0.004119425026048093,-0.008671528126463822,0.0030049653712203206,-0.014584644504779224,-0.008445055064874434,-0.021959357957770837,-0.018167392438360633,-0.022200252127434084,-0.026869701590585132,-0.050677541529514265,-0.0582391633301012,-0.03326704857024954,0.0034663008478504113,-0.008885842580158624,-0.009474550145898611,-0.00973499210584095,-0.01866740586478884
2020-02-27,-0.06760243501895848,-0.07306465075422945,-0.057274746214631515,-0.06618300309610221,-0.0761023552199193,-0.03225171999017666,-0.01801843935094137,-0.035134705030815006,-0.02354258333417451,-0.03440504007898982,-0.04250451210753763,-0.050211288151793355,-0.047889037415743026,-0.03856831825997558,-0.05626184159179833,-0.06206379004656938,-0.040698756044725684,-0.08224372562325266,-0.0519596725594789,-0.055791386045707124,-0.04933339043074011,-0.045876631078027356,-0.044278268022355134,-0.03822120224254302,-0.029946383224597577
2020-02-28,-0.0005852226599688863,0.023924407709385576,0.06687374639620594,-0.00556812933960985,0.03285581613247658,-0.033921305127641424,-0.020142899894989328,0.004087325907001868,-0.01965887742122811,0.0033892239901514546,-0.044305624745884085,-0.021864496385404393,-0.018114916982381886,-0.03889123509046341,-0.015479939523295617,0.031999274009823,-0.008427822431558594,0.027003286819378244,0.052908625201720336,0.009271461763121555,-0.0002918893180325476,-0.031139067447904744,-0.028332989124437817,0.012100294493491034,0.0017862820707406637
2020-03-02,0.08901847660578299,0.06441899978777439,0.023276515439180516,0.04679845980963728,0.04261457289994176,0.04036955245352343,0.0427590666046153,0.06876801255863957,0.060931757254286935,0.03417786652567421,0.04554059294831469,0.03006965729870966,0.04242078499206825,0.03393425399164787,0.06305027690585789,0.046343349792895346,0.03422649159764836,0.016590317287138844,-0.006342916013981624,0.025511718063387902,0.036588515664058845,0.05405779849700865,0.042252810765304134,0.0362557983757816,0.04913631540536274
2020-03-03,-0.03227478995717267,-0.04910567284596461,-0.03887511904548104,-0.03872595964022973,-0.015072975982416803,-0.03214957180659841,-0.01676837009133608,-0.04382261889419502,-0.02791441589443709,-0.012708639429912634,-0.03824672752674077,-0.05673787066018764,-0.029258677730711512,-0.0417987185362561,-0.03830376247550185,-0.049068650288609704,-0.023039827125818917,-0.022805512230646405,-0.006864212006869644,-0.0359014922275627,-0.02327866936677437,-0.008736081746776507,-0.015122385599537715,-0.01906313340781647,-0.04697094451272295
2020-03-04,0.04534125727962079,0.03605709407998372,0.06768594476733222,0.047283265721967775,0.06940634541717201,0.05655976220279634,0.0594233406043685,0.10182702834058298,0.047387052861853025,0.04662902587032246,0.024408909349184365,0.022801171337181597,0.025767611566891474,0.02123846805184043,0.03534039673448206,0.021597422579657785,0.0429255541565637,0.026859612208593463,0.026086353899666376,0.010020635428344854,0.03441420829326936,0.05604628016418997,0.03695108792110331,0.03096870965792683,0.013521344384713726
2020-03-05,-0.03297478491778881,-0.025415616726321383,-0.04023505245516016,-0.02974976120750322,-0.0407305327539216,-0.010298058466647527,-0.026163299373972524,-0.022573709366743584,-0.016894973557838772,-0.012502967058791612,-0.050305689422273106,-0.052021174870725155,-0.04884049317266361,-0.06228656973141144,-0.059614211889839605,-0.045067497679671345,-0.013693129060172641,-0.03562591789990924,-0.035096831681343255,-0.047259112208878074,-0.026566581546027906,-0.02635203565725896,-0.042933398271594536,-0.03482482259381866,-0.04466284259298614
2020-03-06,-0.013369389531514802,-0.02867434554721861,-0.026886663990286087,-0.021112956767223533,0.009927683160179838,0.0001407315788894783,-0.012485985172927613,0.0032110727684463458,0.0075709645904580986,-0.019952929456267122,-0.053063605436430836,-0.04077533970478743,-0.03033629264161361,-0.047646776830691136,-0.035428910022460805,-0.04949877850612776,-0.019428142648146057,-0.05096258800276948,-0.11226270505518651,-0.07975225455683795,-0.011994572145720599,-0.027196641321941696,0.0027190801633190987,-0.024814134121628896,-0.011219253218185584
2020-03-09,-0.082395043327062,-0.07017856679085893,-0.08059435732139743,-0.09235618250801012,-0.11595818674209393,-0.04015318142048137,-0.036642666041500745,-0.03743415216336615,-0.040213619523829576,-0.040789141069862075,-0.14555190471878895,-0.15902437600987115,-0.10971986164348906,-0.13272303859737544,-0.17639906234047822,-0.13039127872985165,-0.16687289504177227,-0.2855515578589313,-0.38576885495997476,-0.320499658244811,-0.05430184971456644,-0.08228433799885931,-0.06224125573123311,-0.049293774573721555,-0.061728310077916224
2020-03-10,0.06954619734537672,0.0661476782855161,0.06177428506645016,0.059733638786108594,0.04761193807279908,0.03740371235079126,0.02428798074864551,0.023707538629128905,0.03802155175972806,0.02615893884028197,0.07482597051324505,0.07381471739833112,0.0646434258020723,0.07700679845529995,0.07876897043121067,0.036359309601919236,0.052049157693471355,0.02349599452966872,0.10109623754941448,0.04958739579166939,0.04941384267449439,0.06991108321132203,0.0672574316311682,0.04861436433355484,0.055470550886808204
2020-03-11,-0.035347870450322255,-0.04636043574214349,-0.05758642465751098,-0.043930123410179246,0.007026811705844959,-0.07200304450103455,-0.072530223994885,-0.00796032120415509,-0.0343558760408142,-0.031096629131654268,-0.048214388594655815,-0.0406277610284642,-0.06998167778022636,-0.081635484954456,-0.0901238951425318,-0.03349680866304667,-0.023214352696281856,-0.06882879670420816,-0.06813479252953485,-0.04555183780220442,-0.03823045590681022,-0.051763076015010234,-0.05984640512058753,-0.04992336563171596,-0.09184348143621537
2020-03-12,-0.10397787193499346,-0.0996418036123638,-0.130527616288322,-0.12609238723665112,-0.15828033410268996,-0.049697284146249014,-0.06917076045671254,-0.10372976156395768,-0.06247926369681303,-0.0763860160205558,-0.08602638658326274,-0.10013018115431015,-0.13169658376815227,-0.17277873522917642,-0.16047126644334586,-0.1214220250909639,-0.08505292172587607,-0.14376252280581947,-0.17872540981716342,-0.18670398189777365,-0.08253503819368388,-0.11065117725259882,-0.10120790132529969,-0.1240525218534264,-0.09516368624698507
2020-03-13,0.11315734835872811,0.13292903346842133,0.10741993715331129,0.17832419861416604,0.11809637434720022,0.06841350040574509,0.08581726343797579,0.08717166740284071,0.03865259714722883,0.0824957948699531,0.16561998303174735,0.16378588258162705,0.1619517376086617,0.12721552098318983,0.1653813336530655,0.024967959207538845,0.08973923622321296,0.10684857757375915,0.0683773678821769,0.1139228636675933,0.06264454451479513,0.07614863834666533,0.04032118176751343,0.018427557045611394,0.11860553153083166
2020-03-16,-0.13770793146248245,-0.15945344708068465,-0.20397931853188284,-0.19895723921502823,-0.12581641390055623,-0.054791670264707236,-0.08050170340761693,-0.1896709718479129,-0.09320175148424421,-0.13928767787987073,-0.1621053939765539,-0.1672045381498281,-0.1358807555379601,-0.15328788412782393,-0.21441434312502897,-0.10006957403654844,-0.1796876325532998,-0.18500208994431572,-0.11240951930447544,-0.11461668198596427,-0.0551930111496119,-0.2205698809435934,-0.17287069188052237,-0.1236384652387581,-0.1767876070907858
2020-03-17,0.04303083365588935,0.07912209716620777,0.10098745323227741,0.11566367532088828,0.07871047056788939,0.07177346372191253,0.06354427093477723,0.08179127258895685,0.06317882548998328,-0.01697376492619317,0.05931865290311836,0.07263909418108894,0.0255976915766856,0.11164283931539014,-0.02308519557756115,0.06510013614239497,0.014103897084157515,0.006497459885679258,-0.006775322263852795,-0.028864954473495446,0.0679073394904408,0.05128095819413174,-0.009371683269820316,0.04465342928671455,0.006634449677157301
2020-03-18,-0.024784663386085457,-0.043007699747800845,-0.06882189894870142,-0.05057895432081455,-0.06817459364346297,-0.012004989499548414,0.006199547570388075,-0.1178955528717377,-0.039016437313287425,-0.027630825492635083,-0.11123189607624619,-0.05566075982927301,-0.12504140672936592,-0.05230633159659018,-0.09971754748550543,-0.10563236723624073,-0.2500622834695012,-0.14662351001883236,-0.03726742226284774,-0.14999248023750678,0.012183223280898315,-0.10950273244538698,-0.07247338609532711,-0.026110901206594594,-0.045971341242474005
2020-03-19,-0.0076914938153822485,0.01631904097057635,0.048832423063789154,-0.03570678242394497,0.017735473109111104,-0.060397885692318354,-0.06182277510688041,0.012544455086669506,-0.012644080102994257,0.0004222369921337769,0.0166681566151879,0.019529071390614067,0.06544441053134911,0.006027318064941615,0.08444611305746742,0.03879106791127469,0.041628150740403894,0.12115915172633814,0.10998689073011733,0.14066325984351885,0.027450380856149172,0.034729995310450755,0.08512838979409444,0.03324462033792548,0.08634566889654993
2020-03-20,-0.06559044253000114,-0.03828201910341841,-0.034489417591652756,-0.002397005820342204,-0.00528766392931594,-0.05800591433674647,-0.047459686139494625,-0.061982154719873984,0.008867580509909663,-0.03203039930824576,-0.02132786017270927,-0.0749067132307714,-0.07700919860892846,-0.06536382578374164,-0.04067472301676871,-0.05033068834595451,0.034255645685517346,0.04769181465470673,0.04904826621799404,0.029131904116873487,-0.018696493799985222,-0.05734448205865406,-0.006779069963629887,-0.041953834619644595,-0.05661286514866999
2020-03-23,-0.02147276220792874,-0.01002463020084823,0.033173969280720375,0.0786484495862236,0.04997960204609734,-0.07578417369015866,-0.018087475379046685,-0.05845513303851082,-0.07204043244178297,-0.06482913180193792,-0.05501895764226783,-0.08428785214709902,-0.025167949410676654,-0.0483183564599571,-0.07273458251258506,-0.04019855054160097,-0.09107559443867136,-0.0891817665444898,-0.010082173153688338,-0.10707386374828645,0.03027242280070844,0.06513396745044335,-0.07980718145316816,-0.07143155749633864,-0.02583463250895499
2020-03-24,0.09560570412123665,0.08699944567971661,0.15833954745716708,0.05531921012199225,0.1043514021679971,0.06984438654508597,0.041594004566293995,0.12043728775838473,0.03913393077773353,0.04531435753266121,0.11238381133198315,0.15114335637551773,0.12929933883163347,0.13570725614933704,0.13881522057683346,0.11944206282191226,0.20490353333393874,0.22485321496529936,0.1417485564241023,0.13265410915766906,0.019397213114498144,0.12884036542422575,0.16657712532857072,0.1412839228324941,0.13741388886759429
2020-03-25,-0.005523948589904356,-0.009618890967671543,-0.014389778759949536,-0.0219961040805033,-0.035006328683094605,0.0018442289881343307,0.0016821718119632702,0.06469489018524086,-0.012093082972061325,0.006203701549331098,0.0366380933839663,0.0033231132246308685,0.009911378120959448,0.0017273513737859675,0.029086110296841796,0.05088415525968574,0.04005797626317545,0.006484964230872355,-0.002767665619844791,-0.003418686350065901,-0.028366146785043376,-0.016154066757002063,0.006339838776504764,0.08833541478239912,0.014232668284713607
2020-03-26,0.0512851536234245,0.06067258003268903,0.04622384837885812,0.08019291989943957,0.06232340846674343,0.05831630512252409,0.06506349588947344,0.08537862968645268,0.07495575116259806,0.08358184236873241,0.06734180320349312,0.07397248888011054,0.06645875747743966,0.0644953268969685,0.09474560034864982,0.04021065664135834,0.09770917394748795,0.03649454560085752,-0.004039243917786019,0.061107873400367975,0.036267437779002064,0.0713890681399245,0.02646021899192683,0.06480744309734804,0.06029385921210368
2020-03-27,-0.04228372535945907,-0.0419276781984912,-0.01768766851993697,-0.058769809779731084,-0.019558407274511157,-0.027311198659538464,-0.027136638553029127,-0.05199631484995956,-0.0247845722602883,-0.015836368096580785,-0.07390416920472659,-0.05055243755776077,-0.04597740644662576,-0.020268725147955528,-0.04944265011877524,-0.04937041008650096,-0.10480790378748728,-0.09266472317064264,-0.09354068394506136,-0.12036350521829144,-0.028734293362178455,-0.02416160144434818,-0.02016010705017817,-0.012773916036743072,-0.05227276674960075
2020-03-30,0.028138524596659862,0.06797680545395611,0.049632169129531556,0.057868973311470534,0.02710879146699609,0.07694007893657029,0.055700961437004724,0.0357722863807523,0.07024668941350443,0.034754169934604964,0.02567453164389145,0.02016586256409435,0.008051307928184249,-0.011960309863220008,0.0063723523701227,0.014775502264116842,0.045058222345831525,0.0013663298309538007,-0.02874255082436234,-0.03550670657190524,0.033051285657682734,0.028710093654504925,0.024809942312802657,0.025503999080393636,0.02265390717914358
2020-03-31,-0.002042994377311304,-0.015851899349405844,-0.007521264129282986,-0.02499893144528196,-0.051007436415909636,-0.014235141839188704,-0.0009183802026479554,-0.007589864526135051,-0.00013000739980751434,0.012547475104135657,-0.0378187064594509,-0.037443727211705725,-0.03201982700474358,-0.04162993053203929,-0.045483400820451436,0.01245530649536171,0.007063468280760881,0.05026858397076058,0.026517866161578207,0.015689105442016998,-0.007271999966000075,-0.04906806127347957,-0.016672884271997843,-0.03140904256517091,-0.03173909513023404
2020-04-01,-0.05405194845590371,-0.03615424422451546,-0.08108329808499305,-0.04227041129995714,-0.04084031119028591,-0.017850672975696546,-0.027645942681327727,-0.04956848211986016,-0.04166698884695051,-0.037033915856304826,-0.06504965247639556,-0.07124973529038343,-0.06204434826938308,-0.07711436479353034,-0.08960474709170878,-0.01165572009903499,-0.05532516914826335,-0.03906472528020007,-0.03744075015723104,-0.06904531637891917,-0.021787422792954095,-0.04423991941785262,-0.044394111248093365,-0.043347814692664924,-0.0486227465978901
2020-04-02,0.01654897462625997,0.02049716889460463,0.04975551256362117,0.04651114378951553,0.018832134917897515,0.033137656290277095,0.03466771433447435,0.013061213643867557,0.04075709185086976,0.02302335778112862,0.036659831479207323,0.03966812708391516,0.03143682410008743,0.02416917771004588,0.01852402362492145,0.07368926377853606,0.10460149651929433,0.13378449510587434,0.10159637819793199,0.09754582867835543,0.005817252037933636,0.014891635643821965,0.02083458476464719,0.011420174206512836,0.0373022735328044
2020-04-03,-0.01447575255603781,-0.009252836700717413,-0.046305533551849444,-0.00405603368384707,-0.04364499502694415,0.007631260179246613,0.023155446213272843,-0.046611122836998926,-0.008098511917806205,-0.023704553803133518,-0.03000350496366414,-0.026602384886694155,-0.020212134427465056,-0.037048395495063655,-0.04536766944338602,-0.029898171618061804,-0.013357201606476828,-0.028457668422626554,0.040675298692074216,0.029111293842411973,-0.006399314195321289,-0.014500026501468283,-0.007270706147680517,-0.016101005188282867,-0.03045916456011675
2020-04-06,0.08364013120041751,0.07173237563898832,0.09567903748714465,0.0764410109616876,0.10953119716962477,0.04081917257884398,0.02727028011282399,0.07893925896079175,0.05187669270916702,0.031659131481505225,0.06237973009040103,0.06569218945995753,0.07409303964577271,0.08755145182723473,0.09242063918536764,0.03162914263081627,0.06793599061467273,-0.0033480134118146158,-0.011598283361275141,0.09218792214274572,0.04662517920980072,0.06829128935504478,0.09914160705423711,0.07061466709415108,0.07248679943407392
2020-04-07,-0.011649874506542798,-0.01082862587226802,-0.0355345733637718,-0.0005135508543856495,0.0008414160100335373,-0.01644814189867635,-0.028162406967182956,-0.001208698434475669,-0.0220315362202546,-0.0044998723841611285,0.013103991201265246,0.0344622309996082,0.048058842791189285,0.0048780812148134425,0.003156398480776561,0.018847878851269716,0.006571204580928671,0.014227358846659703,0.04706165329597509,0.04979236259907628,0.006988976113008468,0.005004997545925896,-0.00822430411650284,-0.005569091690555648,0.01347967192106262
2020-04-08,0.025272765129313316,0.009981307456818526,0.030117461554319127,0.0098824526580849,0.02553329189490013,0.04118269757695733,0.029029925967530068,0.07676247403542771,0.038211822528292805,0.04118792194381249,0.03958545822309672,0.05748486424663971,0.06381541464728434,0.05115428993175909,0.07042990602675213,0.0613660369054708,0.060653703059664395,0.0699343415083092,0.09149756528627614,0.048009123115729815,0.015488887252484514,0.013071543011522403,0.010762594150149407,0.01345472077479852,0.04078120226554095
2020-04-09,0.007190096987682835,6.031032778244883e-05,-0.015097463781061252,-0.031694167529022856,-0.008438865332896586,-0.014271510506102281,0.022575443544170615,-0.013911110475435879,0.010602542889635016,0.015033986541036925,0.0859151166452754,0.05838937239200972,0.040424108350100484,0.09206255806085376,0.0687522193987135,-0.01655592214925145,-0.019614083296241598,-0.026986437733253113,-0.010431940028794091,-0.048009123115729684,-0.00011749136016948301,0.033861969887737736,0.03438953803340506,0.017316710687871474,0.03176623319064879
2020-04-13,0.01943731338489675,0.002238149133133114,0.025902287461385443,0.026935320511391622,0.05156191533281873,-0.010391447260082785,-0.007089116417292953,-0.002350211337982601,-0.023922883158932658,0.006873119478255266,-0.04549157827380886,-0.03854486013274588,-0.027956987701686753,-0.05478727378828511,-0.015517524532840452,-0.008615762744700458,0.0070914942263286046,-0.012458454897844176,-0.03473279938707711,-0.032081471148463686,0.059904424788693234,-0.013689163835644294,-0.019680474131962073,-0.02721328727950766,-0.029114795369584476
2020-04-14,0.04926902791414545,0.0482980793706969,0.05093192389361985,0.032845013369905265,0.07541121031793117,0.0438138308691441,0.036327187523440996,0.0261808284803799,0.02815683316106768,0.03733779903782134,-0.027778276858993093,-0.007974994762187519,-0.005315969890263848,-0.04058321193106317,-0.027363338583459337,-0.007747458426739924,-0.0035398138210960602,-0.006434586449635383,-0.024790682913218905,-0.026041644375320767,0.05142426317898339,0.04129099186206153,0.021258070179455264,0.035017992515176725,0.026268434637559266
2020-04-15,-0.009168861635620274,-0.010533243674146492,-0.011013139285008819,-0.029952937763109536,0.001091728132600071,0.011100395556466126,-0.012981985739773669,0.04049964281347516,-0.009337878356920539,-0.0037817114505567908,-0.050577260932468865,-0.06709834436505878,0.0016256035891604132,-0.05938299447122395,-0.0580133949596757,-0.047047673491623095,-0.025375445827023,-0.05674438899073483,-0.048085634423740455,-0.05353129285013601,0.01061218674730437,-0.04285164039670825,-0.03399712339058893,-0.028174144971904916,-0.015319595903280678
2020-04-16,0.007914305201836298,0.029579147626046378,0.048173032540715706,0.03209355313091951,0.03502232224699455,0.013520553494806898,-0.0025053334738091297,0.057763759180068604,0.01126764340546017,0.0004888661946092513,-0.03885514779880497,-0.035316626393610974,-0.008324681172895148,-0.05604201245341658,-0.05614324660972001,-0.03340732820581951,-0.03077515162196027,-0.03572374385215367,-0.08826552564577436,-0.04726359656335719,0.04263271487419671,0.006879004949003271,0.009290908658441167,0.014707875572597475,0.013145619204711577
2020-04-17,-0.013661577664935058,0.00877326030348929,-0.008108847774896202,-0.007098615177900205,-0.006164745039699532,0.015579113631058388,0.028302566470435463,-0.026725529860993965,0.0055270152196332965,0.019236913168108553,0.08607599947458089,0.08326966120518442,0.0357845064930063,0.05392996900486395,0.1148172349376302,0.09890298205872233,0.0859585981078892,0.12650633214839005,0.13599297098818058,0.0839223856254875,-0.013877991515518644,0.04677447466872982,0.03610904849580039,0.040979340006417994,0.047681463527133594
2020-04-20,-0.020975258111717857,-0.020019991483969993,-0.018192629180521558,-0.019742833349012535,0.006515876669280138,-0.002305202794900282,-0.022743699602004903,-0.02940661798893516,-0.004322742296127335,0.006450244943365305,-0.037138470799753416,-0.03407923144190979,-0.016983742585055254,-0.02497434312207786,-0.032196196462642344,-0.0483507820728448,-0.042175673618608675,-0.01976279265714125,-0.016143179995362716,-0.004591815868144138,0.007805217491159297,-0.016222943366349808,-0.024202628267590977,-0.02260933665648145,-0.023357647799381872
2020-04-21,-0.03139807831991258,-0.04223685575607555,-0.06305101057093068,-0.04882409100304983,-0.07374353027310003,-0.013207535715602955,-0.012831410766089044,-0.028581912882638314,-0.056182353392108524,-0.04418128845820395,-0.029433212073672388,-0.03897209787891503,-0.03721394277207785,-0.03081671603570019,-0.05703809650814445,-0.005356823354194648,-0.023365340913917725,-0.04073770926533285,-0.01640787791143488,-0.03478614776238317,-0.027741595250859077,-0.02675614167625859,-0.02266041434290362,-0.031198346243870793,-0.03512877172830867
2020-04-22,0.028396479005654847,0.033400742527379415,0.059910651814280604,0.0642502175010058,0.055140760535046136,0.021873146891658105,0.017531772121083703,0.010268140517555572,0.01791439444201856,0.01371846844504644,0.0032511375615977174,0.007366567121497077,0.01240743359668509,-0.0014916673180842349,0.01598873060917641,0.028164163897980276,0.03372218363262026,0.05252794235747959,0.06338059255765899,0.043296951488842314,0.015078276370104332,0.01759042820605929,0.048903034556867085,0.04104753116295864,0.06301579412739582
2020-04-23,-0.0038827849330068773,-0.012176137693250764,-0.00750693971102099,-0.01779478704136513,-0.0003576577237371221,0.01633737446632936,0.012065237063675582,0.029557029942394016,0.011189531427913787,0.006971664263448262,0.0005596121328922578,0.0032060259433659677,-0.005298388527081891,-0.01012558313436289,0.005194828500337913,0.030850665711324603,0.02756527670306574,0.03373013444854529,0.024494810692591094,0.0741078149765289,0.015100238852103837,-0.00910234312889372,-0.024097654692347984,-0.016125756276651425,-0.030146332392186205
2020-04-24,0.028460820176594667,0.018094811198768244,0.01945694041640062,0.0037194171047632424,0.004996419650570216,-0.00418870589173912,0.01863162515690692,0.020673009700830653,0.006777177085139889,0.01871706291926913,0.014658662441277726,0.01407508017517381,0.011077973751212115,0.014593350852680698,0.014960394093815362,0.006423449638572436,0.0024164456403914076,-0.002490701616179757,-0.01964007298325274,-0.025131259423033535,0.004478467862372162,0.04758426508362199,0.010818021213135276,0.011609526944784178,0.00570526928206791
2020-04-27,0.0007064186281862037,-0.0028688455694656843,0.02553532900351136,0.0035374051230819287,0.005502833941601373,-0.0036874462919900272,0.025096723459375535,0.009191955523315892,0.030835007912948516,0.013073873659220822,0.04220128611250146,0.05653199251876348,0.03628285821996052,0.053871615984808954,0.07721919582404074,0.004790824764070455,0.03055941272987454,0.028948045123894272,0.02685041005865497,-0.003731663077302058,-0.014299615622890208,0.025958592942234453,0.010110648351150367,0.01125251253368253,0.02817857766074075
2020-04-28,-0.01634202613276008,-0.024662537314098534,-0.01944201029521895,-0.012180746494827248,-0.01750050658493351,-0.018974376421066707,-0.011017764990134226,-0.019302057533727594,-0.03390977458624417,-0.02305261629725468,0.007056059524893166,0.017737095545276433,0.01872957943029778,0.016061861606568813,0.013863826230905917,0.023170517777350446,0.0022264770821513657,0.03517480744465496,0.009830362370171755,0.006211320025942114,-0.02640620627237362,-0.0005971723028422336,0.00021495167557306535,-0.00639831902037009,0.012146009699623924
2020-04-29,0.03231659327047556,0.04389605008798215,0.024076585012304856,0.05061219703837499,-0.03389531231100044,-0.007625195025805572,0.005524373593464608,-0.0024649778098580558,-0.005063063955290749,0.012010918774442601,0.0266130116190406,0.03657676691979768,0.016019969993642854,0.03839435675676724,0.06260392890284093,0.05389161225849027,0.051059582677725306,0.09251835993625551,0.05913254165518505,0.1195014690261698,0.025020524430829326,0.019024698762902654,0.010113833406124493,-0.008255013297550167,-0.023530658545472583
2020-04-30,0.020877454422886285,0.00998209436592679,-0.02092389573247159,-0.029892020411790517,-0.023952120383897862,-0.0013324059949173766,0.006275984190587379,0.016617576078632016,-0.01786320327731821,-0.018800676013142368,-0.02169308139794613,-0.029902237820780442,-0.03540356663884944,-0.03217892554068909,-0.034409560501959674,-0.021080394456189144,-0.02807995826105926,-0.002609787988959935,-0.004410727609567953,-0.0788530878648593,0.04180350395260793,-0.008966534720221325,-0.0013853825617154633,-0.01015678409764202,-0.0016926311056671493
2020-05-01,-0.01623082737499692,-0.026232561552616555,-0.03304301413380615,-0.04274836847764617,-0.04909557954444132,-0.011732018017683348,-0.018948009682665287,-0.027593551970994768,-0.021273464808640834,0.007755920129456593,-0.026560595881105445,-0.041168249330008046,-0.03506408280451034,-0.05156496482634115,-0.05409032304996974,-0.07435619023178852,-0.028220448247986026,-0.07290259087611317,-0.0638788792803671,-0.06572807048129016,-0.07901516917994282,-0.005748365685322972,-0.026472245963009605,-0.01899095739618313,-0.03906944324346764
2020-05-04,0.014049781717646155,0.024165957545891004,0.029650351173024055,0.009007629405551788,0.05233525807888523,-0.00013497279661410023,-0.0005314750901253504,0.01059319132964053,-0.01048332864124226,-0.011900485533756583,-0.01197520595584255,-0.006520233650167917,-0.006060037991613637,-0.008736749037044607,-0.008826265895933235,0.03954164505473556,0.022114967247349616,0.030694228762611867,0.047539205874360876,0.03002090136991579,0.013016157575810133,0.014850180343962266,-0.004334166448146176,0.0024520015505630132,-0.026086454475788914
2020-05-05,0.014897379657097878,0.010678639736426156,0.00837556278416439,0.013020562445510017,-0.0070645209623945516,0.008261808825686836,0.0233819621794486,0.018947336826108867,0.01485114960879318,0.04198410155195146,-0.001520587562180672,-0.011845300235684893,0.012813163510118627,-0.03838768648459185,-0.026272947313501337,-0.0011147954297440403,0.015732921229117354,0.013779842545930862,-0.01487238254654996,0.0012318325225036534,0.0007812169559819208,0.016851392475300472,-0.014566395142014597,0.016768260025569574,0.013951958241592977
2020-05-06,0.010264376381316144,0.009798835004368608,0.013693365462437424,0.012925443313415247,-0.0005749646490074342,-0.009543862976842558,0.0,-0.014678787131715275,-0.011474247992334418,0.0005855867702451524,-0.01898356819943527,-0.013774578603339728,-0.0077699597891889155,-0.02734609604028063,-0.023015868039548432,-0.01891514613207837,-0.031050822949848435,-0.01056386363919947,-0.004570499677352844,-0.026818209936801302,0.014332930141282023,-0.007519004148859148,-0.012745667275109285,0.014120115982953058,0.0008226336758745884
2020-05-07,0.010291703959791712,0.005790216551029033,0.023497031783302185,-0.00016907238095420878,-0.004034182461746167,-0.0033148373078006597,-0.0311650833053641,-0.013141242143664945,-0.019905891439613892,-0.014147996268716705,0.010359607247406215,0.021686982745418366,0.030065888093151617,0.005165978246370408,0.03859361337989115,0.005667150826164906,0.0283556564000576,0.04656463046625565,0.05248131224185833,0.05592869924594155,0.006929629421755947,0.02439633686859499,0.02317959318463343,0.0013560227293572035,0.046457094872671925
2020-05-08,0.023523162524922425,0.005865091823460149,0.024718864450725915,0.00841463653779953,0.023588650704361728,0.007492857634323646,0.007010081859680219,0.006993279897642014,0.010526130323500157,-0.003091919413208721,0.016203881837898882,0.03146142043716126,0.01669845916506463,0.007895713653028229,0.03694357232647668,0.04291739059690223,0.030091566613163888,0.025389341390545023,0.06297191853554078,0.07594201606262539,0.005055588339379015,0.02147187387943312,0.0006072670125889226,0.021227313431784862,0.024307677207473927
2020-05-11,0.01561232803794896,0.011092821539016633,0.03187085683198964,0.007679591524388557,0.04682766923059894,0.0027535123081404364,0.02336770483592984,0.005871241985164748,0.019571728962631027,0.045859729756154884,-0.02989234196447149,-0.042910156068876555,-0.012101792579907693,-0.025892755940004324,-0.0497945521372318,-0.009573799185144127,-0.022242397789590605,-0.01898101151525985,-0.03179289079187474,-0.03897685962082218,0.012275095742505182,0.009044847085347132,-0.0019330279814349096,0.005181967075679131,-0.026019347459222967
2020-05-12,-0.011493505165110038,-0.022912350838718384,-0.03315170048759562,-0.02936443000215544,-0.03616838717281781,-0.01329991250425884,-0.019613246655060895,-0.0034353137240207563,-0.009284706116234257,0.028707772100583968,-0.03322320422017036,-0.031948582632733494,-0.033024626355034434,-0.03031763841880824,-0.03981099312026998,-0.01685624233307218,-0.02461203325920236,-0.016458400840233967,-0.002410204620680986,-0.01626037691582072,-0.021843256899331476,-0.015592894959124786,-0.024286354061500103,-0.02980279132250682,-0.020238136935477918
2020-05-13,-0.012148207191942893,-0.015238014904552469,-0.002887633759562946,-0.011194307067480225,-0.029830379436310558,-6.770493578313327e-05,-0.008332449589027244,-0.03429712534853101,0.009027568954216313,-0.017733104560350006,-0.03507883773758454,-0.046803385461511374,-0.031004647783207103,-0.06487139299368509,-0.042200358307546246,-0.05091168548105903,-0.026697860269076775,-0.0414937332316634,-0.03104873781652357,-0.07473881489743046,0.004643522716731099,-0.012095015415963178,-0.021297039097170435,-0.025707178366804334,-0.009866559999371565
2020-05-14,0.006124749414316573,0.0043298479989019225,0.0316904003817262,0.022942294166379038,0.04368485472718056,0.003460260742452393,0.02321025904514395,0.04436104852235276,0.027353978149446123,0.011968031369891087,0.040693154858329826,0.039460077835806406,0.015307469829859952,0.0657029829962288,0.03532914254101073,0.008785650081450823,0.015105068304648332,0.0010029360067953111,-0.013366570402576312,0.01564969784744591,0.008800091486279958,0.018856384054888275,0.014875457826394815,0.006142335664300557,0.007712552606796613
2020-05-15,-0.005929472135312621,0.014463332525142883,0.055730623801838505,-0.013633390631668829,-0.005703217762308876,0.018787308278128335,-0.004228264145701375,0.0012040403693216633,-0.0033788414435089024,0.008524934352396266,-0.01868323245019513,-0.012514622922124843,-0.014900028692662678,-0.02952534654696901,-0.003334228853859518,-0.007117474397402916,-0.009932805821876875,0.02326786945600478,0.002520162597548656,-0.00936024855470213,0.008723388257937748,0.02047310254409055,-0.009163189233032843,0.0050710354481546685,-0.0004043641656902021
2020-05-18,0.023287977884928198,0.009509402711452179,0.030104630762300168,0.027751084668505746,0.007169796066854011,0.0005318181189891553,0.008176273732150059,0.008214130659451133,-0.0007521844151828499,0.008342948817354413,0.05161329432702604,0.0671881449058849,0.056608929565596364,0.08411737904103199,0.08567880497401022,0.07652009564568393,0.051890849467550335,0.06466086392567583,0.09515732284611081,0.11813086392182638,0.006815562402388709,0.024842146524601122,0.03404912971718671,0.04550608053607721,0.02753005182772529
2020-05-19,-0.005795558680829536,-0.00694644740098916,0.006294412431804325,0.006156128096669443,0.015991637484860995,-0.010015706627452332,-0.010297058463606915,-0.014800389467425474,-0.027597454790029247,-0.0029557986921694055,-0.019875677888965593,-0.03190377966789228,-0.02251923200094273,-0.05917440442574213,-0.027526822372376716,-0.031364494037996585,-0.03217075166873107,-0.021561191344350684,-0.034532911983028006,-0.047926864437548046,0.009463506026665746,-0.029994796396062142,-0.001446980731198337,0.005148946535489032,-0.004865481359004164
2020-05-20,0.01926169385271183,0.013775175817051758,0.018508927935284858,0.045554451411279194,0.01644947092164608,-0.009032340779523619,-0.001327884179233065,-0.0036743070763028017,-0.008547229524361684,-0.0001097323068225953,0.02955790185578187,0.03103114920704713,0.02009704590253838,0.023520704129652077,0.023138025162664295,0.03202572690649394,0.03702097591109805,0.03409701034130439,0.03852961259759775,0.062307957579259506,0.0196519053240098,0.0003781017780343379,0.02491417235806948,0.015613421577009297,0.02473789821234431
2020-05-21,-0.0074833135383790845,-0.012083833400703547,-0.021950136095908367,-0.01790909837511989,-0.03134258445185669,-0.006590165072512812,-0.009880989044402206,-0.003757061971715044,-0.004431584779762441,0.01986909593201646,-0.012782569229865107,-0.00043664916955515784,-0.007412856394396552,-0.0024500375978610545,-0.010390510092353719,-0.01801440759994367,-0.010376232110972676,-0.009787486595191642,-0.006287460995992926,-0.023334306451827637,-0.020709907813958355,0.011229992015821331,0.00530906514620693,0.013995387816468417,0.0037223372482131385
2020-05-22,0.006417592464146985,0.0004357665095656818,0.028201561951710544,0.0045074675904635,0.009470051551542024,-0.00917036941588566,0.006420172749694018,0.01050562689842315,-0.0023540932079347534,-0.009939159283947641,-0.007793628409232309,-0.010536020605284557,-0.0009441874792827815,-0.011926914810933073,-0.020202688182592334,0.0008974843306028187,-0.019307067522083964,-0.010114978124459707,-0.0007650429974190448,-0.01187484380607706,-0.004037962709445318,0.004142851812886966,-0.0036267761637957096,-0.005425575098791241,-0.005524402987366858
2020-05-26,-0.006796418659175471,-0.01062752791246004,-0.034775792625044315,0.0012841837685774408,-0.03654891115938875,0.0013152924408099062,-0.0002665823498668752,0.016928032872583695,0.011586092851905278,-0.01520735446643113,0.06856800839245417,0.06905203747259361,0.0858528454438332,0.08293475718192388,0.08827659087393651,0.028948907453545756,0.0329040075850454,0.008970766404716984,-0.016197815633686767,0.04558893582231488,-0.006182687942355892,0.0024774685889915457,0.0023291156159786267,0.030154408699978236,0.0018020657391537092
2020-05-27,0.004347415405959654,0.0013207241673693683,-0.022328770339644755,0.019381169473838812,-0.008496170185182688,0.002280227911003704,-0.0021363592324215004,0.029668531646431944,0.0037468146601533957,-0.008080409268961215,0.056306027322820265,0.06767401158308291,0.06706642453945845,0.06237035647081971,0.08149496463333347,0.007162379083179234,0.0064102541798748336,0.022640702357330466,0.024768412446126254,0.034716433851291355,-0.004747292931811086,0.019925684324663323,0.01546094786148222,0.033083548062112514,0.010744394745532385
2020-05-28,0.00044021459984678387,-0.0022577498644986522,-0.0044967236777643405,-0.02970048964966343,-0.019143003552156937,0.01425387669959826,0.020373977570671952,0.000658110366920251,0.01903100521930702,0.0005558081936694062,-0.015008064002437397,-0.044067062473666006,-0.04108852602956639,-0.026465289975305735,-0.061150804193366645,-0.026294045265314866,-0.03280026078203074,-0.037869454759914864,-0.020887762442506473,-0.013742124670189508,-0.0038615979869802697,-0.009015399028863566,0.0053658848308855735,-0.014218951587768005,-0.0007639321861880212
2020-05-29,-0.0009748093214178414,0.01014680901300133,0.04475900822426995,0.01973904254647391,0.03904224378841563,0.012038334496402367,0.0002619045858515978,0.0028909057835321424,0.021032316670254625,0.02890144043293045,-0.02586749820870931,-0.03021868115172087,-0.0175554817763354,-0.02793998170692949,-0.025756323077253125,0.009501574362242492,0.00909255795011055,-0.019486230662943308,-0.013059451931042755,-0.01717741937446561,0.017041909136995572,0.013532774432482204,-0.006206555250593398,0.0037094497376532433,-0.007027220198286982
2020-06-01,0.012223067407819359,-0.0022945718686624875,-0.007833052878857648,-0.017149194764961517,-0.003164820075498496,-0.010542624991133797,-0.07416838414324624,0.0035365755467726377,-0.014474745971122504,-0.021487271036889997,0.013169422751972156,0.020111600170720917,0.017355452614580106,0.023152823043749476,0.0316380651489471,0.01765725562181964,0.011815983288029127,0.028283003087514157,0.01634596247369459,-0.0021677338044627033,0.011670253098244966,-0.004800626395027513,0.0058331327173628406,0.009691029395306788,0.0042223881629362865
2020-06-02,0.004618839449022094,0.011312805870056257,0.0021553286622746047,0.004194266702965059,-0.0016795777191274887,0.0071757383206483465,0.01954799454095235,0.0012411309308308746,0.015960530924187095,0.0037416927386886333,0.0033412854116175277,0.009302312900222326,0.020838953129630213,0.011378168667399038,0.027721373558290484,0.022011596044694694,0.020270072832160504,0.01849556348190733,0.0562896816664559,0.029868956890144363,0.0005542421239081785,0.021680904637842432,0.0009601068215840185,0.011983459456770111,-0.0069187763477160154
2020-06-03,0.0054899534640506144,0.0024301489412609776,-0.0063371609607782995,-0.003063460858498508,-0.015244510330979429,0.0026943432590060485,0.0,-0.0031387312713237604,0.014978634274896202,-0.0016487646824755132,0.05257111056993286,0.04525655382465063,0.031012007415405787,0.050873192814610835,0.04800297901051761,0.039984747910241,0.02595608274801875,0.020600796864764796,0.010164970641914661,0.03899643096122939,0.002419803318654912,-0.0008361138515362655,0.02993259759221615,0.03290509941832986,0.022878754083098165
2020-06-04,-0.008649685111016105,-0.013250848689713735,0.00011430010602406572,0.01665385068457369,-0.0018982252006169093,-0.013000412786182193,-0.004156537934692509,-0.02409683408592258,-0.006234422157747182,0.02337946487705761,0.020597868576586933,0.03689352337351885,0.019982277064150674,0.047087902908322495,0.04239560175190985,-0.002847268788857535,-0.009304485645168965,-0.009128752019438423,-0.003981171778835138,0.03605780111996313,-0.0072079631824282725,-0.00820107345947939,-0.00025862089293078686,-0.02755899133474111,-0.010611596097142156
2020-06-05,0.028082953111157303,0.023128904806902727,0.017358524637383792,0.021523068479358663,0.008890579851457686,0.003877195773456745,-0.0005557493289315383,0.045160553545508395,0.008668471913813125,0.008668145532648688,0.0440186356295689,0.048470047160769865,0.014327474020450506,0.04686595298445495,0.05607944795286103,0.07794123460906222,0.04597729350516709,0.0832209793603763,0.07272135292166852,0.07849025835504427,0.009062306094701045,0.023619334397387205,0.020083061721570084,0.014020471852719176,0.04227373592792431
2020-06-08,0.00589539269745097,0.006177316939133518,-0.012976624216464004,-0.01046816691239587,-0.0024511609103295313,-0.0036045426730070456,0.016533977322431444,-0.00762907975805061,0.007750292311722944,0.007854086487514346,0.019762113113717693,0.01518109212004956,0.013174620606951475,0.050787661859660216,0.03963898384579865,0.03079442693703671,0.02381865156164791,0.03478604571050534,0.04612895819189618,0.0727752889103226,0.01640122058468097,0.007309294596384467,0.027464513744684126,0.015265758009550087,0.01713941620773372
2020-06-09,0.03108957623947746,0.007616106002593166,0.027003277307512157,-0.009943814226402139,0.06256608839372142,-0.005534462139613239,-0.010439640390106555,-0.0008727573379959931,-0.007750292311723018,0.01656579415582509,-0.025985042382745953,-0.011275621567528923,-0.012348775984861433,-0.02092560030149605,-0.028824421943825354,-0.022539397863544645,-0.016702030416690373,-0.03396338524266424,-0.043434702262407344,-0.049403376158569934,0.029973414532654237,-3.893078312150199e-05,-0.015566074820546139,-0.01604500252548077,-0.014343220055512801
2020-06-10,0.02540204718370895,0.036420057314566705,0.03484339386666689,0.013080135607990678,0.018449073836363388,0.012527872902768267,-0.00804093231252514,-0.01125278817297223,-0.005974516431706226,0.007561572480118532,-0.04137212030163122,-0.059119589237126874,-0.02122326034548621,-0.09374845800961865,-0.0631278361571521,-0.05511633395106113,-0.03968181857114623,-0.05755773817207067,-0.06674963619171663,-0.07134391122358437,0.01775474019639406,-0.009037314792513981,-0.018820557675077135,-0.004981806683462025,-0.04164684846399089
2020-06-11,-0.04920122765975293,-0.05519375769135425,-0.06284066029190982,-0.06751757085597625,-0.08366165499610154,-0.04802262860014159,-0.07573710074666291,-0.07474438841198769,-0.055569783645088335,-0.049068612786079026,-0.08713155383507831,-0.10577841240090026,-0.09520241927404201,-0.10345488887991555,-0.14355524651383578,-0.09239210490381257,-0.08788720864445561,-0.08616018636214541,-0.08395999883313511,-0.12430491768425816,-0.034386807792203426,-0.06067624498071818,-0.043261489076196244,-0.07048368534763516,-0.08502306391548381
2020-06-12,0.008596489347645323,0.007860715523452468,0.015370659287633068,-0.006216868110704515,0.01260240806636387,0.009045124106350624,0.013423176967911447,0.004991988392827471,-0.005750275562660132,0.0021653940727837575,0.026995664861880986,0.03490410076146621,0.03865004801269941,0.043103737294177324,0.07674672882249726,0.021210996910375497,0.03323343647975232,0.03751161797868542,0.02738301679970352,0.026128348724909323,-0.005071582137180358,0.012367288626325393,0.008813714481474675,0.013152724895537569,0.05116916288322214
2020-06-15,0.01229149933636172,0.006371498241708205,0.02664994105217151,0.012894575831089012,0.021816363534910524,-0.0063514204497073755,-0.011622927471349317,0.003954800102621084,-0.030337504097884223,0.006683233243102495,0.013723551943130931,0.01482082652546635,0.022201783856101318,0.008543907272354535,0.013874608393252899,-0.0006360963607515533,-0.012635061130563703,-0.008727539144634054,-0.0068714733376444015,0.016701623112722334,0.01080967380014712,-0.00450587418870427,0.001690236585976798,0.014516065560549173,0.007565076380658232
2020-06-16,0.026156844570792495,0.02420957355997485,-0.01153898160229633,0.0049792678792012395,-0.004031547002263153,0.022471272613853087,0.001198421467295862,0.02320247394609482,0.03908022981601282,0.03151384952589558,0.007968227100863479,0.0255166749749546,0.01577346686627431,0.010929196751730017,0.027368474303724227,0.022237245950826618,0.030230296562240293,0.03979736018983686,0.04475997600522789,0.01183434437358211,0.01641919546995653,0.0349714505067538,0.004370702376555986,0.012190242343877486,0.011369865239708758
2020-06-17,-0.0013924747940796767,0.0034553263749669007,0.018301561887589225,0.0014889019189441692,0.001651227858413688,-0.0030501342124612182,0.004778820078242399,-0.0013662141771152928,-0.008873874519633512,-0.0033369420875724127,-0.02560418671154417,-0.03149840797718294,-0.016355393811430377,-0.03823935523772632,-0.026990970266198476,-0.033114832428836324,-0.02683791378307522,-0.02446023099007513,-0.039602093210444854,0.014220863206998738,0.009782656419923274,0.0035940980070244075,0.002466176955580701,0.0017149057802725582,-0.009552358606419935
2020-06-18,0.0003981245752666698,0.010651389009008017,-0.0019506692784702433,-0.006801094402842402,-0.009393168259363252,-0.004244698528278088,-0.009580747101345289,-0.0038351511053970762,-0.0009179576738218232,0.005105142434198314,-0.005443262743571249,0.0015983971052292998,-0.011462549568106328,0.0036363201673362496,0.0007544924287746008,0.00619970836277881,0.004360245699604352,0.009721002024437007,0.00853835881920235,0.01749632319495059,0.004910408831544251,-0.006559178196231451,-0.006836879332136748,-0.00769007618238892,-0.01029909185736897
2020-06-19,-0.005731108460994474,-0.00597732739353841,0.00468068534220316,-0.007685649332123149,0.0035097223781585395,0.002924346861214434,0.00540036071867182,0.0034737368254144176,0.021802258929777,0.004975343067977924,-0.011486569438492767,0.008351661031970267,-0.010901084932024036,0.0018132528159720451,-0.00226509862568414,-0.020237310260907748,-0.014351111140301317,-0.017016675699711575,-0.011974085843664628,-0.02356618556963325,0.007892706403668376,-0.01032576494878087,-0.015583293747031227,-0.02749472224667553,-0.011996756300789764
2020-06-22,0.025827501762392895,0.027394865502846838,0.02826478922516247,0.007852232310042635,0.009725717357101047,-0.0030639519066451367,-0.009319062108840285,0.004898034786833911,-0.014872497118054119,0.005773982610744361,-0.010896867652422131,-0.025267014081015587,0.008838606468046968,-0.009099084927560515,-0.016384180860218908,0.009523888591899362,0.010536709440341572,-0.0032087185325995683,0.0022920196198187256,0.005565363497522743,0.014404049034053084,0.010125119469279955,0.004812563135922655,0.038204064596450184,0.0
2020-06-23,0.021120087850692228,0.006658624532062416,-0.008088840938516797,-0.0028333348127798823,-0.014161094450247609,-0.003703203104397966,-0.010322015235795274,0.01670475962636109,0.004809281841063732,0.0004109343985416693,0.01212294889331209,0.006881250442982,0.006663498916295896,-0.004397721668792791,0.01695098096739189,0.006013768264955479,-0.0016387484258082463,0.005722597739295786,0.0007626169253570585,-0.012693917521122195,0.018470070932883553,0.004604901334872146,-0.004491339753358847,0.023930118914417715,0.0011927871286031894
2020-06-24,-0.017809853557265255,-0.020363456150353808,-0.022960052205855154,-0.013948291698237653,-0.030083153548696295,-0.02150896113471372,-0.01785762032644706,-0.028700849974307954,-0.01634138809567368,-0.02255206175933676,-0.033961343079301466,-0.04033462959429675,-0.033568332779101845,-0.04161775295898263,-0.041254873878208406,-0.04825534265788905,-0.04244578683340507,-0.06653421224969443,-0.06925150338796535,-0.09143423947020417,-0.010915222785479236,-0.016840163868181164,-0.012563633621765782,-0.018218324950674717,-0.0248119595644686
2020-06-25,0.013188454779081402,0.01255736879022072,0.02718389322994125,-0.009864232739357425,-0.008819058037070856,-0.0010734610636976244,0.004030391846527126,0.02405295665963925,0.009184292749334223,0.01925825356556727,0.0342674233469972,0.03750713543538749,0.044833794453051995,0.04674622137544141,0.03614269312597722,0.014944302736973671,0.0177557618544444,0.02576976710754664,0.03571787712183913,0.03087349278959509,0.007352966946613356,-0.003052047335610424,-0.008336576531493523,0.013103146356931106,0.002847762343036486
2020-06-26,-0.03120789528378064,-0.020219079324063926,-0.0359383572815772,-0.017412634413179483,-0.03587568609874967,-0.013406374433837723,-0.008701004031150171,-0.03203861038093937,-0.018187212791876507,-0.00890629754444251,-0.05637800524889615,-0.06561801178137608,-0.09044988829791635,-0.07706312329163506,-0.060648366063166446,-0.03491741591332835,-0.03131114489263385,-0.04150609073234488,-0.039606951114539185,-0.05467032282007927,-0.022657517035347675,-0.017969448099403523,-0.016662546511115258,-0.07929480135934623,-0.03136007339156252
2020-06-29,0.02278500296572955,0.010690127142155368,0.004903088743663069,0.01330239064263426,0.0035863818097873453,0.008885534415591057,0.018553377970084498,0.009989607006091606,0.012292504867900112,0.0032195671929364,0.004418439074071643,0.010313406641263281,0.022370334141149233,0.01410671673905281,0.01421893936767533,0.015920294102293207,0.013897766946536706,0.023270891014398647,0.01808798107577364,0.032160682447670653,-0.004648937652200358,0.020980596668220167,0.01688125447919836,0.02321519721445114,0.0263371591349944
2020-06-30,0.008313270358332256,0.02522818230548653,0.03185164279814733,0.026419692001168695,0.04529886790021084,0.011370588939957979,0.00183637397173342,0.017752596447245004,0.015771024491362022,0.017881439760870626,0.011333298165822769,0.015274390373405207,0.021223488065640422,-0.003898674048810564,0.015978015543554266,0.008984683617552332,0.017637630041567924,0.01728330247425183,0.020138352654724686,0.020879724977163127,0.02884445591830274,0.017679648376050572,0.009094221993291948,0.022484403085939807,0.0014962420842838092
2020-07-01,-0.0018935214453555847,0.005830310743799096,0.003389801361839643,-0.01719521475855811,-0.000570373218250814,-0.0017790420279608023,0.03130926555318049,0.00938100283069349,0.010164302191918424,0.009730256555351636,-0.008541244337755346,-0.020847635353568823,-0.00025281748149561125,-0.020122855532931194,-0.014785970881143485,-0.022843827996779708,-0.01820788729271976,-0.03093537480199347,-0.015917537369429132,-0.03711338522762786,0.04253577590541981,-0.009465438427040247,0.0010294050817113449,-0.006651547960656268,0.00596115645676152
2020-07-02,0.0,0.00759207253895887,0.008593533899525895,0.005426742836202558,-0.00457495410858073,0.0041941806087810955,0.022565051832707874,0.001778726660003576,0.008412781399224072,-0.0026258942171732006,0.003242462896390768,0.0012890524631301347,-0.0008607128663262001,0.009914812842688803,0.0039644564339951964,0.0084291512500956,0.007843772114617807,0.02520736269584613,0.013150172907524403,0.014566368459108775,0.004021512351305945,0.001409594599316463,-0.0061925755250702265,0.010519452377646727,-0.0033827591581181075
2020-07-06,0.02639849407012534,0.021297774657068752,0.023341226607787417,0.00690969659255903,0.020049874523339464,0.01415722595554665,0.0,0.015139811021741407,0.010103955578018083,0.001314004329638098,0.024940104147759077,0.01576184843894992,0.04922415231484519,0.005901923356318037,0.027703739765929526,0.007008060220293293,0.0029399928056424583,-0.0035966560607701447,-0.0021795720789705856,0.0419337478820829,0.056086861548230546,0.004216338929846291,0.02677406005001261,0.015324387456132897,0.022250090522747686
2020-07-07,-0.0031072423469303456,-0.011696130100932628,0.003297545619683408,-0.0208745794565648,-0.00884048290511527,-0.0009095719049331855,-0.014006562305382242,-0.020552382904493155,-0.010865769596244907,0.0034281864029036472,-0.028615965745570657,-0.027857134644060852,-0.039344107367075734,-0.041247203195374726,-0.0322641806571468,-0.02624824959363057,-0.02584779467273161,-0.024068480698866874,-0.04669964109616908,-0.030871612078812973,-0.018794894393650154,-0.008854787790878558,-0.01431930984559768,-0.02923776869217343,-0.015899850785476476
2020-07-08,0.023022877348050516,0.021754356745763485,0.03427801561376421,0.005131802223094521,0.00940210004582868,0.002935919617548297,-0.008262124858133784,0.005747449816901506,-0.010214353656554766,-0.0007048372667826387,0.010559301743212757,0.003903873398541899,0.014392274577386194,0.0036728090607235685,0.011067447265911419,-0.002315353914358818,0.00046340480431081727,0.009794829484783696,-0.014024101649401868,-0.006069175416464753,0.026637631211038765,0.007330853471764728,0.00016173241580360332,0.018070094340590266,-0.0014826980936713443
2020-07-09,0.004290980580024681,0.006976918220744077,0.028276775375459497,-0.003247294607532849,0.06922987867551803,-0.005459282971117813,-0.008629641943018391,-0.02442745271264852,-0.01591120287966133,-0.013589145672578268,-0.021888676349627077,-0.01438888054386151,-0.02716424221067034,-0.020992693663379126,-0.028507816691481568,-0.04213656855688494,-0.042705764512218844,-0.06779319194911775,-0.06757830969495643,-0.05342160995655179,0.032418003431597016,-0.004867798126574327,-0.00821239548270504,-0.018894292066314294,-0.007717891583337854
2020-07-10,0.0017477241366257374,-0.0030377407393343747,-0.002834695058946139,0.01882223744306085,-0.02439571685368468,-0.0008423912062744414,0.010997087987367293,0.00024017679899053913,0.0005212571711235701,-0.011398460734638202,0.05322520590795651,0.053442981965415345,0.043397603152644564,0.05778225383466472,0.0627040299773204,0.03071319107954791,0.02965063179662647,0.03434492161452676,0.02362443532966351,0.037805261100227555,0.005442909266691453,0.008633147144703096,0.0029792276634130125,0.010257347108164266,0.009738857460161785
2020-07-13,-0.00462370119635755,-0.03137582089454157,-0.041600825386265625,-0.01608718064892882,-0.041844067149127695,0.01975190492156125,0.0399819895830083,0.028702066426655883,0.008047597369522293,0.010581219073669358,0.014233060426930054,0.007052534088078509,0.01602189254939739,-0.0023586313380579123,-0.008583779768719433,0.00023455434178879688,0.001992470612610434,-0.0007558270428282487,-0.009961486940342776,-0.02331651063094813,-0.030459227148096752,-0.0019609190518147445,0.00021610624077704585,-0.01573702869673633,-0.022322556836862784
2020-07-14,0.016412993208186365,0.006162313869411324,0.03179533940865967,0.006805165133695759,0.02086680926838674,0.018490418028601907,0.0005679817506935386,0.028971128290791476,0.011568290325760079,0.02239938276574484,0.005718358063841652,-0.0020690524696420957,0.024262910300363802,-0.04672600444368192,-0.0400638518103869,0.032517591570902164,0.03395986041762309,0.04076126629539249,0.05053651854230552,0.056486915868986576,-0.006464146747407976,0.032205573675193576,0.03088340134133117,0.0031052094476197115,0.0011002338531827457
2020-07-15,0.0068537567475739644,-0.0014887425893204006,-0.014535871446026328,0.0008473624141498699,0.011266681493594173,0.002295886009341488,0.013812855286425167,-0.0145282659017848,0.015093304828298574,0.01615282673458236,0.015358493485461564,0.01887609070472042,0.013413552619904453,0.04436196796499443,0.033143397739623125,0.01262711951010506,0.006093606444778972,0.00747619187939236,0.0037999329097102613,0.02735498407811912,-0.02466286482562469,3.870720783450779e-05,0.0054902357775446445,0.018229252908303028,0.03883476664126784
2020-07-16,-0.012381274317582092,-0.0200028413440511,-0.009085843240202068,0.0018617605477276027,-0.007618429556688859,0.006655500780931446,-0.0033649481351979275,0.010077984981975978,-0.00050389314476951,-0.005589012874086992,0.002803633004604369,-0.027613457905956488,-0.010334284969767994,0.004329678894137032,-0.007357242027192289,-0.00787339763975492,-0.005980382661624951,-0.0007213310544502267,0.015489532195258896,-0.004241701923194651,-0.002985648858511928,0.0010855043350654035,-0.004442132659600893,-0.013074980122406293,-0.01626704847214994
2020-07-17,-0.002022071031181531,-0.0051128117096918375,0.006564665096988312,0.014436950331863839,0.0021826626995713355,0.0006695404636789976,0.01809331317424607,-0.002020475666633131,0.005902113936192569,0.00906630218180918,-0.0186716019005513,-0.0301191495091029,-0.01530275558711785,-0.02023463835505087,-0.024391368771393262,-0.017312295278716795,-0.013329437382200384,-0.029830558569063248,-0.013897606536300046,-0.010684050690925333,-0.012724365220700149,0.008872579364318787,0.0029288943994091794,-0.01012731559976204,-0.0030966160223719766
2020-07-20,0.020854654773148087,0.042082967539684095,0.02986404340578618,0.01898534067406084,0.04302882735890227,0.0016722219938972657,0.006873155339595522,-0.010065673036840394,-0.005775981063674474,-0.01287649576403949,-0.0087996469780854,0.015384989493195337,0.0014181787657273832,-0.015347611210836025,-0.0015942946233059706,-0.023716773760041016,-0.022266957065458056,-0.015891426036819502,0.011384940557067317,-0.009713827941766059,0.07630823511693882,-0.0008067906685238106,0.0006786157136406456,-0.006564855532416048,0.01072952515217349
2020-07-21,-0.013897762635625024,-0.013560457088563889,-0.017491615533924327,-0.007386029642798476,-0.008037769783294508,0.000935817987226879,0.005192042898828582,0.005422137380234638,-0.006569831280640671,-0.0217332977957914,0.021453694799206936,0.035003790200295176,0.0014632289094729644,0.0642332006100359,0.03121863575427742,0.04935049565532281,0.06931319604353116,0.057553780685831134,0.055456866085196524,0.05896427640653569,-0.018484694634580835,0.00861104091113846,0.007124538064138438,0.027938360091700868,0.006383278687084476
2020-07-22,0.0028052448471597704,0.01426901727485636,0.010617727817024126,0.0057492731557394995,0.0806902860550938,0.0018013922607807915,0.04971136947992566,0.005230330315660448,-0.0013954875873694328,0.0030753610480073945,-0.007268886823393409,-0.004514845334211471,-0.028804823696522812,0.00228751101744122,-0.0013539550063316474,-0.023567841192199162,-0.0038370786309035614,-0.018655820932308484,-0.004572435053733373,-0.020140049575462726,-0.012305027339411448,0.010424804744835462,0.028806633417743675,0.0055764372290244835,0.02357942711047566
2020-07-23,-0.04658472512459067,-0.04446880111747864,-0.03004822030242769,-0.010704011712041222,-0.036589467372025564,-0.0026701830340053628,-0.003897810621342638,-0.01226861057693078,-0.00918127946156824,0.003371940839973714,0.002934199585232354,0.009416807371180917,-0.014571134539442938,0.0034213203650132504,0.00809717803161159,0.0020613970708429187,-0.00032960011314512206,-0.010571369185698542,-0.02706124402174635,0.006758332481225342,-0.03725419917985109,-0.005142145732383055,-0.005401515748807304,-0.006186328905616506,-0.02464075009645989
2020-07-24,-0.002480266649275177,-0.006141397781315974,0.006371815178914115,-0.17723499539185802,0.15273480298186803,-0.010008849734687363,-0.01971933857477026,-0.007221632834975067,-0.012374177670430746,-0.009429158394337224,-0.007097541761488333,-0.007772718755491463,-0.007664180282522408,-0.003421320365013352,-0.007903812115231655,-0.006197661139241996,-0.00971641240686748,-0.0044589772821079674,0.0038819339247895515,0.009283655655533692,0.007458986752838637,0.005669827847929455,0.005904948267751096,0.0013214810338898018,0.005558103857342089
2020-07-27,0.023423542859779867,0.01258821900063061,0.02202258883357245,-0.02036835545854533,-0.006215244357241691,-0.006366461382379304,-0.0031915434592893256,-0.00730704483374336,0.023457912315880486,0.0005147004923627066,-0.014140720623680847,-0.008661506264629469,0.007664180282522491,-0.029760639175616232,-0.007381264619379471,0.014628956773683173,0.010046012520012628,-0.012742589420018898,-0.009836235555501796,0.01021411044512908,0.015270459525145965,0.007921805823699838,0.012651162092788498,-0.012472241778137338,0.008932781828277015
2020-07-28,-0.016563716182948898,-0.009017773331665467,-0.019964783336108773,-0.006679464975447539,-0.019915735012124233,-0.0023810439277890502,0.03866750653266454,0.004443793351919428,0.009582607907160711,-0.004642461956348042,0.004324931996924284,0.00907219644284544,-0.006919985620821101,0.0015681623461736116,-0.0003898180739911709,-0.011869922871285013,-0.02142735003448672,-0.020577309266978393,-0.026924455816568542,-0.027300116537912117,-0.018126069617507432,-0.008034710743797137,-0.025209607764466943,-0.009716856848945955,-0.02409091644725155
2020-07-29,0.01898696217390482,0.010047447191201826,0.024178107722948063,-0.02404800594153192,0.11816089192965466,-0.0019768019717206404,0.006131544298672917,0.022255920697795344,-0.004275330790873143,0.0030973681178709093,0.02396031903631356,0.03667555436926818,0.004750155477265211,0.009744596044547346,0.024088078933753924,0.010961640193710149,0.010715478482496687,0.024843022703651383,0.025687954095867955,0.014515425627689838,0.011004699826417956,-0.00233989343281143,-0.0001528140470213269,0.007245193231574442,0.036568878765098914
2020-07-30,0.012027613555856744,-0.0007845294655108839,0.014089552356569272,-0.0016655443048573186,0.027352806466453612,0.0020449105341099902,-0.003607334176398523,-0.004739407084821522,-0.004547610639899221,-0.010049307445964148,-0.027047920038920058,-0.017162773198491396,-0.01517031526707843,-0.04482189512901949,-0.031920854051554655,-0.050301808669085325,-0.0431051842765024,-0.05931096104699462,-0.04039238608888962,-0.052295634502738685,0.0060308083157400725,0.006214990364225331,-0.004085668529947834,-0.001548207897618834,-0.010126142112299584
2020-07-31,0.09956345545406275,0.0054292872425370795,7.068431252964992e-05,-0.005432571127756374,-0.009895302186284602,-0.007382351741245687,-0.006733840504427367,-0.008058984500643386,0.01570096676299397,-0.011835677205657024,-0.003924409782385889,0.0016090374901493692,-0.007899555514037841,-0.01594827587127268,-0.006974144008097489,0.005003227458611062,-0.027379808728852914,-0.006664056236172479,0.005779551376448706,-0.01640306287407111,0.036294147981264194,-0.003084105286710043,-0.005799488666442802,0.008126405555448014,-0.001436314024866009
2020-08-03,0.02488539397396748,0.05471644745916221,0.036582055743881424,0.011871404359096562,0.003094752516811947,0.010849630119814503,-0.0033840011711676397,0.002737223534230174,0.02826121663400305,0.010793997073020173,-0.0056034247107635835,0.004411462161791015,0.0071975145644702495,0.0012357788274141215,0.007569857578335955,0.00403167299048173,0.010311373949652449,-0.01835438979451152,-0.01029819303541329,0.031472953621560086,-0.01682166001089732,0.0025958279025265095,0.0006176328043022371,0.0073493453793776016,-0.013550217633808795
2020-08-04,0.006655917637498075,-0.015122546936224189,0.019561630519313332,0.017038306296264474,0.0906526859427801,-0.0008827060830489527,0.0010424354987938025,0.0029273200402447934,-0.010596685806518735,-0.01734797972723687,-0.005739773794711556,0.0008001009917203676,0.011221251992245766,-0.0028859228040854713,-0.004973552587712636,0.028466833409554505,0.019615289844631456,0.02501844603068406,0.04408615191744387,0.02687941607790869,0.008619861276316521,0.0063288230907658045,0.025194170920681845,-0.010222036937728171,-0.004912756216223877
2020-08-05,0.003617961657005944,-0.0016425122940557071,0.005241123040268986,-0.004283434106595161,0.0031699075030121385,0.007983172437402996,0.0015616528374102008,0.02583728801723907,-0.0003672675995355136,-0.011091067058847664,0.01722423499816311,0.015079638428809813,0.014181996291160156,0.007404298362828163,0.017790418453391726,0.008703569743852795,0.00817543301241983,0.010045237065192942,0.04617302115441443,0.013942804909833122,0.020871316739287018,-0.0014567448524181793,-0.0005017286429189652,0.03641917268888498,0.008614685841074077
2020-08-06,0.03429450151897292,0.01588724000503055,0.0043101195658759766,-0.000411825819862142,0.016277554528022938,-0.005744098096259203,-0.004692500482710831,0.005075543073073414,-0.0072529605726286105,-0.007318850847319454,0.00030846682491806726,0.0031456006838373484,-0.0013212620395965263,-0.002472262870292679,-0.002943359836615122,-0.004800675137142246,0.003091625108465173,0.0007884788301851215,0.0027547700738843432,-0.009273644363908191,0.0062115284906952865,0.007040877263125426,0.019481759587868033,-0.004866207261833121,0.0038402945359511287
2020-08-07,-0.02299832815641811,-0.01804972182906836,-0.012070240635501755,-0.011180177548935825,-0.021684233133587787,0.007091177599050574,0.004692500482710891,0.009412537487693823,-0.0003703140633156248,0.003773859885961672,0.02176870365837605,0.024817337285233727,0.019490961373043656,0.03366793516655955,0.023882503552745012,-0.004593264605362645,-0.007689317771067687,0.0065489636661320546,-0.04173107521137133,0.015918094524442816,-0.01800293843304236,0.008392021962377668,0.006964943922745844,0.013939164258249606,0.0017168220065066546
2020-08-10,0.014430241524531127,-0.02010851742819919,-0.0030855032726923703,0.02447418315130218,-0.03124319796569391,-0.003843573988583723,-0.0015616528374102067,0.006508142475022829,-0.0013585978312916048,-0.005828674974562854,0.012598979211382371,0.017087726827003918,0.005315184969847704,-0.014868617386975437,0.014097851913896233,0.024333449604894433,0.03319866204254304,0.0343886515409795,0.03324566263452492,0.029613219854037455,-0.006111826385309402,0.011311046782707645,-0.002348973092917204,0.034258064273071424,0.021924036093535146
2020-08-11,-0.030190813626887338,-0.023663144080315446,-0.028618581071453646,-0.021148447828946558,-0.0673960467948259,-0.007186016913700786,-0.015752632855868854,-0.01118729976763746,0.0,0.0031342939434884087,0.031108622662107968,0.013463567246376642,0.00799175101958978,0.024791367944039657,0.016882845048830097,0.010281615408557458,-0.001226691138487459,0.001764264049620801,-0.020826017438473766,0.003948593095094944,-0.02167112480516848,0.0006914596083680721,0.004301664450094603,-0.0027549302930643177,0.01791012133324688
2020-08-12,0.0326937835100463,0.028166879728649865,0.052972660904477546,0.02053868510224756,0.07188501702629979,0.01813736332002258,0.014188399930143659,0.02107242728354526,0.02164004414373052,0.030186428111904414,-0.008512235339499767,-0.007083337146373937,0.005056829485535032,-0.005147602537455072,-0.007655549401103228,-0.00022697910874795775,0.01219950199048288,0.04793840927834509,-0.006699616679665579,0.0029515917954749987,0.026133573522779383,0.023936289916459814,0.004963570621535392,0.0009508226820284624,0.005311273740759534
2020-08-13,0.017542700028943925,-0.002345041748325753,0.00024038117845794334,-0.012890000582647228,-0.00936466906657552,-0.011154043206809936,-0.004183036539019451,-0.0023297044904950232,0.010347918057362272,-0.008728336413317024,-0.0055524219134170435,-0.014318163623614318,-0.017788067994129138,-0.0067717583714907836,-0.00865966038276648,-0.024800355669925268,-0.009970461118472322,-0.02503441786202935,-0.03461124809969075,-0.024361381811996943,-0.0003859062604570367,0.00028420793576053966,0.002278537089632264,0.01227935562796949,-0.0034110644238274064
2020-08-14,-0.0008915226986455612,0.000957678665809458,0.010518647199563384,0.006772357651792205,-0.0066200228054273695,0.0016206669636815586,-0.0028858959335631745,0.006757377540565772,-0.0007183338224337278,0.004110685142904035,0.00039068594495692455,0.004543733862808419,-0.002017401056191164,0.011129249821216936,0.0007561123311541197,0.004407752063718314,0.005883675737529026,0.004665517952598502,0.011531641789149531,0.010015283171602917,-0.004121037907113718,-0.003948899212847518,0.0026116793747472025,-0.0008449719714674618,-0.008259747905113518
2020-08-17,-0.0026140687091441715,0.00658442128111673,0.0647061993811339,0.000818007684725214,0.013682049603765255,0.005046488266516164,0.007590729899513976,-0.009903449245940058,0.015216545917559108,0.013374167401186706,-0.026718416949809375,-0.021769075331192298,-0.023843026206879985,-0.03335660716448977,-0.02894317289165948,-0.01304755949473529,0.004637561707378293,-0.0029442058314759325,-0.030263646890121725,-0.002993980442793667,0.010865072977043023,0.027041525027203774,0.007890360016554882,-0.007261361151250051,0.007373418299750835
2020-08-18,0.008297913139328034,0.005737890325539236,-0.006199850583288266,-0.005738583075196626,-0.009263772957280701,0.007355676044594146,0.00026048748273381554,-0.011611578570015827,-0.0023625633236412646,-0.0072917283582491915,-0.014038589724041511,-0.014388635599617637,-0.008704780757669894,-0.01772878809774801,-0.021227335737507166,-0.0049375430995251355,-0.02089161571106198,-0.009132307117206228,-0.0040907800739405226,-0.012066702507977317,0.04006138810950659,-0.011304240059742293,0.007876335407201049,0.012322219720972801,0.0005067732511412345
2020-08-19,0.001254233950988021,-0.006085401564579034,-0.010020957965773103,-0.006599537855582067,-0.007004726941828169,0.0019969498882643267,-0.002610344183512743,-0.004460857684056858,0.005543178639541717,0.004693291139459892,0.0023365924319401557,-0.0011757985932923578,0.008458749283246412,0.001247089295267436,-0.0009936095091180742,-0.011138585979933663,-0.014251411397193816,-0.017004696352159628,-0.016094553374816346,-0.0025320587617493084,-0.015825714532805114,-0.007537349190475332,-0.0038588069843496007,0.01318716487850301,-0.01736756473266985
2020-08-20,0.021947003660791206,0.023004499349564254,0.00020606166645613036,0.01723112747537594,0.020506032544515634,0.00682541136132379,0.011951495473358597,-0.006584851095073143,0.0,-0.009409114514718256,-0.012045813683287564,-0.015810258940052852,-0.005779886685587451,-0.013383636052165302,-0.014218777388533985,-0.015370138055509045,-0.018458479477685846,-0.022444700224559848,-0.03366708689722591,-0.04937340507764445,0.011250743012291311,-0.007736600036400611,0.0017646916699850979,-0.003512086686056578,-0.005295332053297069
2020-08-21,0.05024848979014151,-0.007296444994482406,0.043713593867564016,0.002234716332769691,0.012486666640631734,0.008810676404170157,0.004123876000665781,0.002582247427290796,-0.0005883278321460335,-0.00357777567492529,-0.0005135988313220882,-0.0047928584627189375,0.002869130894712053,-0.004642719366068052,-0.005663624988474222,-0.007530317408308432,0.0031785089351437402,-0.015858781664353984,-0.01623090694065275,-0.010174213780925399,-0.003843813244746528,0.009044165563791224,0.008019819141466523,0.015981406329507095,-0.0019445462539889465
2020-08-24,0.011889219771643108,0.003140320849617933,0.002893337044943483,-0.0028450128262687206,-0.008748281932996328,0.0026324541530135187,-0.0010294944952377956,-0.017015761580408437,0.005164501788997256,-0.003696638111829808,0.02776527113999499,0.028026513753264207,0.023966060224626058,0.03532495428238145,0.035077426083742445,0.029077909757738264,0.024612200568006556,0.01843497899815308,0.021432457565642257,0.05088930431601636,0.006899163550113672,0.012351585794417096,0.004950679831167941,0.018774794023202316,0.020675109421785912
2020-08-25,-0.008237479350789943,0.012925522878475613,0.0023359484032216683,0.005884132018231656,0.03860476587425758,-0.000591689501430306,-0.01113280855557908,0.010885059039382342,0.003038966075259573,-0.0047727419737375295,0.004387625331054793,0.011994586967260686,-0.0064841698943076745,0.004888226052067454,0.011488853563961994,-0.032253061787045886,-0.012346613328700332,-0.0005146128518225477,0.001127689356023712,-0.014944956520756334,0.01173146611135582,-0.00216450725018778,0.00014093883621580042,-0.0028656200617114555,0.050072161676426745
2020-08-26,0.01350741057229698,0.021389157729688257,0.0018023699795169292,0.0024247485028063404,-0.0038289985912722648,0.0015769444421431982,-0.009416759618946637,-0.010949622515454492,-0.0016350721560176168,0.0030784993367403354,-0.014129073188406381,-0.01706768121117125,0.0059051346701502316,-0.023433914211482856,-0.015610205248471192,-0.021511555769994195,-0.01579790095053727,-0.03376833544674715,-0.02556069417689592,-0.03111223617660402,0.02809711446991023,0.020067535044057724,0.00520611373563715,0.00017949983462837939,-0.003754580440707885
2020-08-27,-0.012026552403077824,0.024256945372733152,-0.011397155944126477,-0.0030317478507510998,-0.026146744425359178,0.0044550756517194,-0.005006014777863232,0.009186520992794552,0.003267698572575747,-0.0005301349963273316,0.032369787571417064,0.018989027629106998,0.014040468458877851,0.022620823494693854,0.016964583930880375,-0.00677130684384906,0.0015322128290118232,0.01558603066729362,0.03832238244701227,0.0016057218115455784,-0.012233678809977448,-0.01136838973228784,-0.007371576218378213,-0.006206171784010266,0.012061581765004993
2020-08-28,-0.0016209423339031278,0.010230881646252658,0.04031409895778221,0.020635662745261647,0.020667992105220318,0.004304958423070653,0.001319847793825224,0.008625659851434611,-0.0019829258948644833,-0.0013794648467958452,0.004095107085388309,0.00955099509212772,-0.01167838565294228,0.004058245962172983,0.01076931810013728,0.023624381801237923,0.008443836627224782,0.0060108789745904,0.027645378956011147,0.037779851447420396,0.0005292501453169122,-0.008140212918110526,0.01273707811564109,0.015210245389619655,0.018882977422342944
2020-08-31,0.03334966420875747,-0.014875760895114692,0.017099477811748386,0.010258587449607233,0.05977848629916381,-0.00149772299345492,-0.0031704824765192855,-0.005806209097577045,-0.0044462820475137214,0.01684789230508134,-0.025425059919547285,-0.021522590460714773,-0.007731209602482531,-0.02211378335823373,-0.0224383418801847,-0.018604118528527936,-0.02005250896684575,-0.01284922879903513,-0.01900669715760109,-0.021338309468116073,0.014347795491567642,-0.00437606455907495,-0.0006553398155161439,-0.0035687153452163625,-0.006254995218245077
2020-09-01,0.03905974573080943,0.0076854367037475215,0.033138443508054546,-0.003145378053653408,0.014863668293434523,-0.012396645960539078,-0.024374987873821224,0.0008950963643394985,-0.00989996488504254,-0.03755579246489301,-0.0004991392867470596,-0.0011662002761564148,0.0028756759386856226,-0.004149356949926566,0.0015640437043692363,-0.012851332005147207,-0.010178912586588157,-0.019454582075469525,-0.0028710927724027685,-0.01359507038894866,0.013858994770032553,0.0031527102764355914,-0.0038947948513552363,0.02602352596860151,0.018532332154870334
2020-09-02,-0.02093626994790558,0.01908909289521957,0.03731680381446286,0.02834045997469476,-0.021492045092469172,0.015130401714223512,0.008639340000069256,0.023411108178960933,0.0291802289335183,0.018368733247428222,0.014966309197212929,0.011985565690584326,0.022046551920139074,0.021391141974663082,0.01454208255286053,-0.006105471507930902,0.0013228775809101246,-0.021213811716852375,-0.033970072580992036,0.007486842281519242,0.009197048337934825,0.009656566265741007,0.01650683739247678,0.01692326083039188,0.026377764750561673
2020-09-03,-0.08344767965794667,-0.0639487779655028,-0.0973652351497949,-0.036247083384905766,-0.08896811009418486,-0.028217285581302258,-0.021740182823887982,-0.012600977978752537,-0.016703685853302206,-0.022388060665690317,-0.0031531199932594216,-0.00699028583015944,-0.011877690914668795,-0.002037106521343175,-0.00869975834961866,-0.002043038473343852,-0.010999014454190154,-0.010777666830415466,-0.01312959221662452,0.018475093128862648,-0.047389460231042485,-0.04475408270472872,-0.011301468392753576,-0.03440371164318517,-0.021393163562725484
2020-09-04,0.000661706212299407,-0.014135555672979512,-0.030659785021624465,-0.006170948057253507,-0.006441818319624988,-0.006440051852353283,-0.0010993124193228146,-0.013466572749202209,-0.0029285622460946577,0.0,0.0213825054016706,0.033719535722983376,0.01615337539374207,0.010951209458867394,0.019612102333150895,-0.0007676554663831583,-0.004263004289553649,-0.003618913794347945,0.0002316854968244446,0.009888013927234696,-0.02202820804028703,-0.01826281999427541,-0.00972923151860955,-0.003995313023768776,-0.0024311942409404965
2020-09-08,-0.06966631195553187,-0.05561358128645747,-0.057850678767448996,-0.023640020144477705,-0.041325103524219683,-0.008991035952753128,-0.011896676031210416,-0.015341394992700366,-0.022662233564723338,-0.01812332012229973,-0.0353950315498287,-0.04075902983084292,-0.040932584422253976,-0.033637441982570876,-0.028584327501676304,-0.02329896563056137,-0.0367971041074715,-0.05149880167827623,-0.05503302830753746,-0.049359962742516875,-0.04493916629572862,-0.0014846275630697003,0.008699720328046973,0.0028428446604347873,-0.010018723845236239
2020-09-09,0.0391116295239233,0.041701618702938516,0.06515195433178896,0.01441225779599947,0.040105014663936685,0.016433344244953057,0.006933922389252452,0.015405731489195232,0.018429862036189383,0.015507566388654439,0.009462607688246723,0.001176695686790999,-0.0012849762606409795,-0.0054381272684058575,0.0070284835370383,-0.006042353792779381,0.013333393844468367,0.011675663048640494,0.02491336927314945,0.012436088475731445,0.037013109131374684,0.02848468307534408,0.009923408723873412,0.019155278087704185,0.005254687290839086
2020-09-10,-0.03319038176983058,-0.02841845016629025,-0.03222829815254378,-0.013390466027873879,-0.03642642987435772,-0.018813095221952698,-0.014757476422199364,-0.024067890949035175,-0.015553884806707843,-0.02184570556840536,-0.0103636316956485,-0.01461037245882894,-0.010988744340729993,0.004603678462931247,-0.008793350322798458,-0.025351609017168538,-0.02377107869747773,-0.045718999167036915,-0.09674444227085427,-0.04956964911068102,-0.029022560577017922,-0.015789636543236056,0.007067934866537692,-0.000957734552655878,-0.01147946027483752
2020-09-11,-0.013216013315843607,-0.006545981207807428,-0.012032295050639066,0.006514807858582708,-0.033997699016053,0.005904758605988996,0.011712387528647538,-0.006183583541644665,0.010830321236100093,0.0005578376411091272,0.012344447003972145,0.014218180514571575,0.004539324031132976,0.01327243279890884,0.0009807447252817244,-0.002706095858883482,-0.005903824136148472,0.005755204852315358,0.02725665107753885,0.008993683905507102,-0.0187214757293059,0.013223316367801122,0.0034922262299533972,0.02758006055190673,0.004583915371637245
2020-09-14,0.02955888466680678,0.006740958739715641,0.05655204761694631,0.002634465227285067,0.020228973118324715,0.0038497991058724277,0.025726716236180884,0.023244922420893842,0.003451888790202312,0.008768180833219298,0.013756835265991946,0.009756241279968108,0.0020883288150502903,0.022005904552183812,-0.05750436889299806,-0.00652558373908033,-0.005161952192985711,0.012306721891641231,0.0030681403934260327,0.00891411389474519,-0.004261050710177225,0.015512782010428675,0.011674790289279223,0.010789071871229183,0.015823816751711243
2020-09-15,0.0015592097578340834,0.01627302974970051,0.00918299215410897,0.011870224149575255,0.01313541512235675,0.0036333275620250545,-0.0013520364941755167,-0.004352123881217943,0.000593837803211503,0.0046309104593406465,-0.031625914295127296,-0.018420938962140317,-0.016727749126658968,0.0028178431723386885,-0.07188983018196962,-0.010695495174692947,-0.012236739967250042,0.008318465599250207,-0.0149177623953588,0.009384327221414825,0.016986906487693396,0.017413353481372146,0.008172538552023366,-8.362516986688224e-05,0.012389562417087798
2020-09-16,-0.02995798009227986,-0.018026937568165678,-0.0373689013771259,0.007372736001426783,-0.02918127986351564,-0.003296867551304569,-0.00488170654804347,-0.0023136717290992283,0.016021076114318963,-0.012507644676544975,0.004221471341579299,0.012578436533795118,0.013444425308849666,0.03281532746135955,0.02664470328053231,0.04158275194188074,0.028534822982257967,0.03717063812160768,0.05715825222451568,0.05244655551847117,-0.02503409881608985,-0.0139277103295584,0.010913071610755805,-0.005717892647258592,0.007609912214583147
2020-09-17,-0.01609234782080825,-0.010491511038613297,-0.004083540262183752,-0.0009932590487554142,-0.0014359457533112462,-0.008322489202836087,0.001086694142197339,-0.005036683911110136,0.0008177379216205191,-0.0016722080722353003,-0.01150026964470388,-0.009813432678663376,-0.029584373230605993,-0.023613698513774185,-0.010704695198271564,-0.0002646166675829957,0.0029234246087249775,0.028384677979726488,0.008044001102184995,-0.005227381357579045,-0.02279449983567252,-0.0059476853378051,-0.009968931500544875,-0.018983048201255282,-0.018615340359743195
2020-09-18,-0.03223424176308799,-0.012496907058960388,-0.022249854582252336,-0.008582063093747478,-0.021389813520863596,0.01356520542668537,-0.0051736061855508966,0.009918438924553305,0.0019828227769279083,0.005341061646422942,-0.0021327424657514252,-0.005538106100484118,0.00015385052872113214,0.0007960013374781421,-0.014825057113463967,-0.01626901332631564,-0.0073887438683270445,-0.006114842130074307,-0.011721793287612576,-0.01851418515971831,-0.018049831297685878,-0.01718481287321804,-0.010432381100159056,-0.014717618361114045,-0.02096743327596082
2020-09-21,0.02987495937677522,0.010671744381344201,0.026553307454329347,-0.0034131871125757753,0.039384982785707345,-0.027730621944747326,-0.016793283683214588,-0.029085915395057508,-0.0317296655389544,-0.011384012951140207,-0.031397904236940874,-0.029792959135975215,-0.00442313776504248,-0.04434309408134295,-0.020948820175953203,-0.02064723352008432,-0.02472421508513051,-0.04300823109813988,-0.04779595447257505,-0.08115554305425392,0.0018798451658920035,-0.01037397057443828,-0.017679366233923903,-0.01131465692950661,-0.01255638187569399
2020-09-22,0.015593658454848058,0.023808130417555425,0.009580442283705241,0.004615075335218274,-0.00308411313729967,-0.006152598041637629,0.006364928220713272,-0.01661533513153522,-0.002288272960107211,-0.00551535674338871,-0.010971625079138892,-0.02189695422807033,-0.012343609925787242,-0.01635602653563333,-0.014675834311801703,-0.025015154480916166,-0.01014328423992637,-0.0017474197099697842,-0.009318980574425567,0.003468035561311224,0.055362197019776946,0.003518983085760412,0.0,0.030405502714324326,0.0007148590459022095
2020-09-23,-0.042851156706953324,-0.033482595553959396,-0.041521890383254545,-0.022882259887667393,-0.03897355523441136,0.0015940588243921405,-0.006920341869396955,-0.007230285336921055,-0.0037445455018552645,-0.016615753904583253,-0.016363253667531445,-0.028815661766586866,-0.02912269674132447,-0.03528771025680601,-0.033829731948754375,-0.03261162112992721,-0.048558764428776297,-0.04106521550635693,-0.05533975945286651,-0.042433989262902434,-0.04214463095521935,-0.025044798603944294,-0.0066763630167820396,0.08399069939629551,-0.011501084928355517
2020-09-24,0.010216426812793094,0.012878468017228225,0.018327782403260634,0.00694004603385561,0.014480443200157673,0.001590660383564804,-0.006688842719452461,0.0017781813632594193,0.006273499415115302,-0.014215654032297105,-0.0008631449826309185,0.0034336191306784127,0.0471717400413871,0.021236000323404884,0.008091187770892391,-0.0020377002832309477,-0.002086547694684695,0.02044553210188067,0.007394349767167891,0.0006018244313819189,0.0066217097971920415,-0.003194010553444954,0.005335332867688299,-0.018741228756487215,0.0006022100979898202
2020-09-25,0.03682974869215889,0.0225309600875589,0.04169619232222796,0.015742056177913636,0.02911562441326166,0.006820137841727933,0.008076762308319971,0.033069813967949016,-0.0026495345014802764,0.0037176129596611235,0.00870370725928652,0.006406048114517178,-0.0008203514577642074,0.01362847034606834,-0.004037576165955312,0.009280876748655496,0.00041775219905569686,0.0029719366293135567,0.02159325763860625,-0.04303055695463619,0.024642604582375296,0.010669066652615182,0.009486627356202487,-0.004176906359707599,0.015059448550440165
2020-09-28,0.023588319396606938,0.007764956455592312,0.012447634819563744,0.029399494184570666,0.018027729443373726,0.00990532702607876,0.009387283456628145,0.0024105335640844374,-0.0020520977049446444,0.012103302854479712,0.028373037587120786,0.025221990592097163,0.020913652170692177,0.007585597913236026,0.030930411140114585,0.019157174536124887,0.028816329774233457,0.00029666008108093604,-0.0002670913761853617,0.032749171134732386,0.025178461064278568,0.013977671754363022,0.00948797361330008,0.0007240747376056799,0.02077896690262785
2020-09-29,-0.0075967300043370345,-0.010463208110857375,0.014527694073041669,-0.004677571118163749,0.028404927200700356,-0.0003401371693411173,-0.006063881644458934,0.0030292954254484937,-0.010445650548476827,-0.004478178579725566,-0.008459194340492804,-0.013372716292207565,-0.011519645548359474,-0.023790266161139065,-0.021455967402754805,-0.029604328453683233,-0.027842499311995703,-0.037785930369489705,-0.03395667381045708,-0.05305454181314574,-0.00923261654532486,-0.0008081636563923224,-0.007199006413999433,0.016197074634701752,-0.014865260487219985
2020-09-30,0.014963371874034709,0.014703718946309103,0.02278084813326526,0.011459988696144974,0.0026868754327966037,0.012300119423222122,0.014546417009522463,0.024744574628654377,0.01273889489193689,0.008023698931595297,0.009602419197816032,0.013372716292207607,0.021018488617216863,0.010690509462190191,0.01613503345550034,0.0014575814916664629,0.0013900516975218463,0.011638829628826253,-0.0069320519481361155,-0.00256749518218225,0.0012233973846267278,0.020370897110096126,0.0036971903341678444,-0.006431597536957024,0.013121134795790053
2020-10-01,0.008426637500446666,0.010075949612431344,0.0061888857935831106,0.008844360364771051,0.03440558441331433,-0.010533634985480341,-0.00903244508137191,0.004161074578157423,-0.01591889227715264,-0.005150782133713299,0.0072447374844446365,0.0004151424087094762,-0.012114556531057516,0.0021246206208770553,0.0076252055365202106,-0.03558018550137598,-0.022188818370353216,-0.012563300368788279,-0.0305108068558175,-0.035986651240569496,0.022773457377156782,-0.0003241891091303923,0.0004555259393604055,0.008723992060344991,0.009498178550757465
2020-10-02,-0.03281259938210413,-0.02995573289140955,-0.041408982542638036,-0.02382683798124091,-0.036725566050378425,-0.00735795668259214,0.0002750288794036131,-0.003487753738436032,-0.01034215074018112,-0.011774419192347445,0.009442846253724038,0.004553608700022434,0.006776058593500275,0.018086739741989506,0.005052102751585185,-0.004537963609753272,0.010874862733270898,0.019542500754902305,-0.001435372456902874,0.03662907429985588,-0.030338326155417573,0.006069057524774922,0.013928603403354401,0.0,-0.001961607751891123
2020-10-05,0.03032632255457891,0.020117486695896903,0.04346353214172385,0.013242646982952778,0.05181269976957014,0.013516193685496145,0.010119239893860458,0.01958398841782759,0.005430844126159897,0.020799576693416748,0.0209159165790219,0.01679368770977289,0.009459936892550824,0.018993284710560956,0.02822821529451804,0.022782833326550147,0.020989124927734373,0.035935381536337595,0.046311325059395246,0.03160840194491731,0.023466537334268914,0.009939364895088372,0.0151541466211408,0.009978635258514841,0.021710067071514995
2020-10-06,-0.029088404731740986,-0.02147632907931552,0.006866506950144642,-0.006209785308787945,-0.019575120991443252,-0.013379362030764402,-0.01590824070141444,-0.011697749813786879,-0.02001712027218142,-0.023473552364603512,-0.010352092034461096,-0.01020623330042674,-0.003524452328683879,-0.011104342887343167,-0.011195807184598785,-0.010427747539735889,-0.005517105094649225,-0.029004552986499673,-0.012974733263184865,-0.025206014499461638,-0.03151160525254176,-0.020159086102575486,-0.008797085241861635,-0.0020347756743891955,-0.01664021570457895
2020-10-07,0.016824738519278497,0.018858402494374753,0.016426071152357877,0.024991474444195437,0.02582370534865822,0.01101520262768504,0.008259706583462392,0.027353328675266353,0.0051354871199120675,0.01364457720197533,0.017295038392928723,0.020711300702906648,0.012404761987388635,0.025720743346535405,0.009635894919589286,0.003288950374984836,0.02026338202685798,0.030462182177240425,0.019807846396243046,0.01771037274577384,0.030413812448158245,0.022602165163465814,0.010608769357157547,0.018703622717141925,0.01641406120417257
2020-10-08,-0.0009563899188253761,0.0035679479660098786,-0.009009887427221459,0.01320279879484599,-0.002078526157304676,0.0068067623698511845,0.011450617720097632,-0.002354481031452079,0.005482508545830618,0.0030961357351954703,0.020346984736107635,0.01436561568099101,0.021284440944566836,0.019557774638296853,-0.0026799578466437236,0.05120369304328441,0.01932944273810203,0.03435785313912532,0.025814863576627236,0.02965039214092832,-0.0016097349459189387,0.006098726452567724,-0.0030069448746474874,-0.0026946640795824537,0.012136362957572616
2020-10-09,0.0172462644368641,0.024532867586741575,-0.005506994069087434,-0.0103589278350745,-0.04021535538629197,0.013873236225612805,-0.002714431151472433,0.01670151437757038,-0.0014923372455369229,0.004113652283747403,-0.005714893360773539,0.004743327752351076,-0.0021178220054567333,0.0,0.004684965192982747,-0.01485712786208165,-0.01635206357246159,-0.011321916019499228,-0.0029243309542394073,-0.012247564181209826,0.02967554216621051,0.004908719874828771,-0.004305125569534586,0.009743416218519985,0.005347168102782772
2020-10-12,0.06158471146504775,0.025572595635177203,0.03310558640299428,0.01986952792004239,0.014218561371585382,0.0057460075556701375,0.0008150889643248183,0.006476330650943644,0.0,0.007044624918354837,0.012178619333885135,0.012539260700143284,0.03121261741838065,0.014907818786992556,0.020923593044181833,-0.0031717157366772837,0.006868516709907381,0.013009286498062345,0.017157555266417813,-0.006800708756558762,0.0464540159772508,0.0034564692185452437,0.005677164841711863,-0.01167255868539009,0.008517991381053625
2020-10-13,-0.026885489580235802,0.006572826715791205,0.0015630671344889929,-0.00092844442439377,0.011676701232445932,-0.023185186280642606,0.0021704947687086413,0.004384566731389963,0.004345978510757445,-0.0055635752880252255,-0.01633745317558637,-0.02883863405430911,-0.015579316423604685,-0.03729096263677801,-0.04913885549957194,-0.011909690478437658,-0.015009584402697182,-0.020151386543018575,0.011190832741044314,-0.02449109381824013,0.0002033158031418585,0.011953259412777584,0.005469028784238312,-0.0020105811124377,-0.006853051553098421
2020-10-14,0.0007429232655123311,-0.009014774252471202,-0.01079647870006716,-0.005215088613256786,-0.012626277933527687,-0.0017541502506132254,-0.0010846942530077653,-0.029300912409730873,-0.002480934220401462,-0.006716225728102146,-0.005572037359803549,-0.05477995788003387,0.0019905357185857407,-0.06211643039716344,-0.014992748955046853,-0.0020479036843413655,-0.00614990703107724,-0.01008460961884564,-0.026752220275472725,0.013888974615080549,-0.023481628688544316,-0.01132615279623112,0.0011868125872663237,-0.011990970050370666,-0.009472231874443623
2020-10-15,-0.003968802542417204,-0.005448059228808005,-0.008925477838357319,0.0055866803322608335,-0.012908053666550418,-0.006163357462417479,-0.008445773772863768,0.008415888025355065,-0.01817408356780189,-0.009807348416663647,0.014855911491682215,0.022190433372066925,-0.012529145909088749,-0.012987114748590257,0.01338887532583138,0.008746465329686745,0.007647444567983283,0.02488310067375603,0.022171038895994616,0.029041540539962513,-0.007478033616218114,0.001566442524709789,0.008835383645884588,0.010442037520075277,-0.005389094329456381
2020-10-16,-0.014099335056682767,0.0,-0.011410710466933776,0.005740161577949687,0.000481069361393517,0.006163357462417478,0.037588232810396575,0.01628833669534007,0.009691877111780649,0.012128665993061453,-0.00206640916924825,0.0037198535367533843,-0.01152371361951924,-0.003929206237666006,-0.009677640802451282,-0.010211876036047077,-0.008469824129849137,-0.0349178508892243,-0.017483235599876745,-0.0924520690623948,-0.01994812848396483,0.0004173201001526369,-0.0011763666873747883,-0.007782212009497975,-0.0034959739056075363
2020-10-19,-0.025873670173960896,-0.025077305597343644,-0.022978680308264866,0.0077247390948615305,-0.014167436600535509,-0.025854349568295874,-0.00396038495706077,-0.017367364230173637,-0.01463734031524748,-0.02298178034109082,-0.0169890882910643,-0.02168551328639632,-0.0025246933653894107,-0.01409696400430404,-0.006737186187024111,-0.020142885696125365,-0.022336033473354215,-0.0321976281795695,-0.033422594667271634,0.002668694031347032,-0.020216949722746604,-0.013756262391274286,-0.014801495525878533,-0.0044629637828231036,-0.010447514657240344
2020-10-20,0.013105614012207535,0.0020050268374650856,0.010886887344945886,-0.02129516480061125,-0.005380331491866872,0.0015919819261898968,-0.00823480974443512,-0.0025015250726654966,-0.005097558518881382,-0.000711698797974274,0.005695217867144689,0.017551647625351018,0.011311927609764566,0.011907308455370746,0.014348855712695247,0.008343572203476844,0.005596171856329625,-0.003676410961198157,0.002483598489462039,0.031477958045721066,0.0030508956211158598,0.00810848609953132,0.006395598933564684,0.00828404754164284,0.01033445889697525
2020-10-21,-0.005461078972226896,0.000698597441726011,-0.008888430979666512,0.0013094152118306,-0.02936265548430251,-0.004298552975790818,-0.01099648652391835,-0.0019185900853049564,-0.002558374086361725,-0.016274060825194125,-0.010013128977344118,-0.0037353821091366665,-0.024919716046506783,-0.004833843344447951,-0.011788088527571293,-0.016153941215643678,-0.01136434365320171,-0.06139248501450972,-0.032495773981401896,-0.03147795804572109,-0.01001890884724982,-0.005363231427750429,0.003247925380179152,0.00728877447354956,-0.002715027853911616
2020-10-22,-0.009629719183054589,0.0004190581829214649,-0.012181325992802729,0.00744879084899339,0.002773942359686645,0.007958559887918085,0.009394460499276459,0.0090666122594716,0.014496717147367997,0.016985759623168426,0.03471295811101156,0.03352731132914415,0.012196859955874953,0.023939819879637586,0.021620076796083406,0.04999591654207279,0.03507649186316936,0.0406131220392998,0.050253636320504606,0.01913600249801256,-0.002684886825932588,-0.011844461658772249,0.004198302937952467,0.004548228515918438,0.012272758689308074
2020-10-23,-0.006152662823051172,0.006216262861456431,0.017012525639723337,-0.11177135117090342,0.03148110955251196,0.0011019532189853487,0.019839634748356354,0.01484015592182762,0.007796555773122445,0.00035605061793191506,0.008999002217514965,0.0012055399580697711,-0.001754309430627339,0.0012899004915642753,0.0,-0.02028456736351405,-0.011372367617005589,0.019550859377999063,0.01558332553004897,0.0065146541182156854,0.008776346822349299,0.006522832831081271,-0.0019221038649103236,-0.00023080506542563035,0.015986027156895965
2020-10-26,8.674933906881632e-05,-0.028854186348379204,-0.03359654110172157,-0.0311866933328352,0.003288927606230059,-0.008782477228218667,-0.006833223335456732,-0.023071285473475776,-0.01247873095406395,-0.004992464002072652,-0.025068470956635093,-0.014563206154328523,-0.0192038882923868,-0.025229720371201775,-0.01582419972505022,-0.023997669904158178,-0.022717245291694832,-0.07066271101623117,-0.07126178394089716,-0.015047596993564682,0.0008235515832760146,-0.024900975142408393,-0.0196040514413476,-0.01254086877672763,-0.012634465067169006
2020-10-27,0.013382596531839739,0.01497683205894932,0.019256111046010323,-0.02338795776319768,-0.04159256433188483,-0.005712010465588092,-0.013006411412899618,-0.007923880034513591,-0.0108400077052788,-0.014523175521051316,-0.019046224089041525,-0.02852026336361491,-0.027520601819851623,-0.03953817430384373,-0.03241991555848966,-0.016019645243514968,-0.020363845967496748,-0.0019808943535577577,-0.010070348548064177,-0.005287512367270101,0.02442300268945314,0.002893653359166892,-0.00581349842721893,-0.002964534577126029,0.0043404484977305055
2020-10-28,-0.04741896034403113,-0.05083690090258525,-0.05917478849366218,-0.030929133420032364,-0.03194495932991584,-0.03403398085273652,-0.05434881553256803,-0.03981413081483872,-0.023481803067178925,-0.02720792984195208,-0.02849007499600302,-0.016061190974913785,-0.030667785465984285,-0.02976955075326807,-0.018070700109394707,-0.038830868171411535,-0.03857077641309249,-0.04979840688027688,-0.061727751629491664,-0.06219966119636953,-0.038319991707740156,-0.02605508860020824,-0.03784198400320056,-0.04727560813519639,-0.032505013691404905
2020-10-29,0.0363804577888277,0.01001466908324677,0.03095648866323307,-0.003168828897734232,0.02098244490722031,-0.008492056220446647,-0.004807016002542218,-0.014125223616651115,-0.003813546047571459,0.0022338365390262398,0.006504726421242763,0.00297801585068817,0.0008954961918233575,-0.0018906541721589005,0.012803638855911941,0.043390977801804974,0.028303825583095167,0.012769805860761083,0.04393010638390802,0.01886179760436592,0.015134134911874026,-0.0003337295445758096,0.00121022915210132,0.0063690152741658485,0.012880001846360603
2020-10-30,-0.05764802577439295,-0.011051302828002221,-0.03834905917739332,0.003846449512305421,-0.03561782502988844,-0.0005832526815111049,0.0056528276839838245,0.0047963848855263665,-0.009000975029398225,0.05346045593461345,0.008913221696551385,0.0067741284540418075,-0.0047496252337330125,0.014558130288532534,0.006540103049663471,-0.01067251391593765,0.010123118436496558,-0.01869204664460148,0.007916672166577007,0.033347669294863914,-0.055995337191590895,-0.01088887653548363,-0.009113191127371117,-0.022887343352218037,-0.015292127404491878
2020-11-02,-0.0008273940165416161,-0.0006916339962412585,0.0037231162749818583,0.0040568741443275875,-0.007867284736790832,0.011457715738048008,0.0209184056101988,0.02255254127287553,0.019747882649615415,0.03634687681427956,0.022291699055704,0.015906373403047253,0.0061174381879500915,0.020761609252055387,0.018892919826826463,0.04114077951306869,0.03742035834827143,0.0547288031916635,0.02623009216293167,0.041945869877119187,-0.010485731675678473,0.014997067824751055,-0.0020679101468476704,0.01905442372167565,-0.0114495207465964
2020-11-03,0.015237228549234092,0.020061172895180095,0.034280272842544646,0.00873371072698569,0.02485591867424675,-0.0013709916104491602,-0.0011048373781545366,0.02920740851314137,0.002734000604827959,-0.0032918062048921445,0.031034543348314247,0.025016594635503767,0.039837299320527604,0.008638571664365186,0.030793521062580924,-0.017211133737436393,-0.005698689600592625,-0.03090595856364968,-0.0037054158180711916,0.011487078379283302,0.014515652838803237,0.024193431427821724,0.019750814898183384,0.01781589566482938,0.027760228384170728
2020-11-04,0.04002462433197935,0.04712122287330092,0.057803608793100585,0.01877475553542744,0.060424844948584834,0.006477159235577205,0.031014640557978812,0.09834679871367025,0.0469809092986931,0.07171771296013892,-0.031034543348314347,-0.04176753919588138,-0.00030295100130934134,-0.0095519290206196,-0.033877893022581915,-0.005402294730233462,0.00041810160922678457,0.03585597856793496,0.028710304154276067,0.013236984216781838,0.06131112770815112,0.019104719801137652,-0.008941985403083505,0.021832053294090253,0.015714637136727355
2020-11-05,0.0348784194278903,0.03138869047421028,0.026169147543601067,0.0068094446740969445,0.020079792888513873,0.0025792640740564645,-0.01527166679168923,-0.00045145143250021155,-0.001986660638024372,-0.008608340912794955,0.04008361935967052,0.0385220564425628,0.025398462733429564,0.02493866135800804,0.023254212513112577,-0.0018071248751353772,0.00514215285628072,-0.008595299311516362,-0.012284069464969617,-0.028582599924925043,0.024635765802841537,0.011010401809588613,0.006679380029862046,0.018363461584941013,0.009201858577597831
2020-11-06,-0.001136779356476093,0.0019241619529585204,0.027994405863839143,-0.00636887957575689,0.0341103332323559,0.017659446404925,0.00027465992192755796,-0.019776706069761132,-0.0012439069459554608,-0.009006294555168668,-0.013410139142525557,-0.012265018923028538,-0.008411423281701231,-0.018987739006803273,-0.00839362403146167,-0.01182743491021638,-0.013818418995957924,-0.03136341446136047,-0.029069937955160337,-0.01951915131451987,-0.0032050668056014093,-0.005648533240949056,0.0011549127458849858,-0.006187123594163256,0.00033075758076490903
2020-11-09,-0.020170093428513503,-0.02411286026745955,-0.06608693630688128,0.004615918277994679,-0.03266556119440652,0.02656822975897214,0.07410785953649693,0.0072837801512466716,0.0017411786418766255,0.024154009654322364,0.12697819499617996,0.13270839226518832,0.06571479685868799,0.10023563841929096,0.10923951924770123,0.11920567118992964,0.10970792986494732,0.13413100543750836,0.15332401811482602,0.18155469781160052,-0.0519488297063862,-0.051508010261745237,-0.015542980157700713,0.00038779071248425725,0.05609136815619724
2020-11-10,-0.0030135057018177347,-0.034376932405732745,-0.06522979921090043,-0.0035147967855042334,-0.06370479388322284,0.014948183854190644,-0.013354024735816655,0.01048750864483349,0.0075488657625852615,0.03866669066408533,-0.003255685563020053,-0.0036087397985847987,0.01174869558940556,-0.0012395607744167714,0.00021004088850710626,0.021943124118624684,0.04518553227491571,0.06242035528795147,0.04558344750602856,0.00328217126991337,-0.03519509049367411,0.0205309806684791,0.0004690802997003956,-0.009662518165967086,-0.015949458348899673
2020-11-11,0.029901071539147357,0.02591589710146497,0.04949849288545478,0.019828410010499037,0.04131938286035392,-0.003242631273474045,-0.00466436945264605,-0.0056421428812528426,-0.0006167758287039968,-0.007308938342671803,-0.015045905225810561,-0.011636332514660962,0.0026634895490896455,0.0,0.026507938981975773,-0.010362907201170187,-0.007370241098099409,-0.007061371706463589,-0.0066585184152680435,-0.033317770916083615,0.03317322672809136,0.007879527206638233,0.021793311109131012,-0.00039175084422776236,0.011854481049539529
2020-11-12,-0.0023459464096771718,-0.005138806042196885,0.0028838055064868313,-0.030670558740263275,0.006866108084509472,0.003377580524236347,-0.02498488897721478,0.007675811367552881,-0.014914451216497357,-0.005619583964687279,-0.012360562695272439,-0.024062127745099127,-0.01636801634529536,-0.015833694965860935,-0.013373300145168316,-0.03486637935484102,-0.021946596046949575,-0.03666172698427927,-0.03446944890727996,-0.023422938894307223,-0.008678484699991355,-0.005451250478869651,-0.022966099869283062,-0.008022124592006788,-0.01601552369159145
2020-11-13,0.0004194285549823338,0.0049540811107839575,-0.011942471775764765,0.011282220930988341,-0.005022317669441101,0.010730589334361518,0.028096839698764305,0.0035490453948480577,0.015284374617701687,0.01464641924702876,0.006243394816954908,0.011547875449035782,0.021080598045489903,0.010860476128960891,0.007839972112978374,0.023840876073132213,0.028834991421001172,0.03892686850566074,0.05244098682997151,0.03966533333146379,0.005939975842648188,0.0033610745409248365,0.0009850045712479997,0.012867011585759482,0.021471985311631674
2020-11-16,0.008682508952638324,0.0033199862520956395,0.016280218142370444,0.01593051333293382,0.027853617081956328,0.006317919450542645,-0.033972670771461884,0.0032278817506242842,-0.011284991893137811,-0.00688974930850355,0.027834670857530754,0.02125401326293211,0.014950540389976383,0.03390157550218124,0.035134002364494106,0.05604927983532357,0.06898510075864914,0.07410799074913264,0.060914323959294046,0.1073587624341824,0.0007187867984453675,0.00862157071194674,0.016046426384067166,0.014164866952141877,0.022965371604802883
2020-11-17,-0.007593211547531027,-0.012833585870987256,-0.006904891673143708,-0.01439187662074468,-0.004428790981770655,-0.009993478453536922,0.01742452557467443,-0.013315978009252846,0.016328540272957773,0.008604795126252961,-0.01019659953529047,-0.0010884107150898976,0.010156016918711598,0.005607093281431271,0.006526389027795907,0.013276011831839752,-0.007211993693194639,0.020018890411173038,0.007031143757742968,0.0024916775408406456,0.001468143007621713,-0.025724287165298988,-0.0033275215892784905,0.016011274743971522,0.008351457659541746
2020-11-18,-0.011456459433519134,-0.013271320815862783,0.0004840638655483969,-0.010376433160967959,-0.00988554991057361,-0.013346314370958247,0.007739090589266399,-0.021792338159560175,-0.015456329522969818,-0.00495130677993941,-0.007434461563870938,-0.020906345235127053,-0.0015591852007539799,0.0007980974523153818,0.006287789860777873,-0.038486484942206224,-0.03222340671840423,0.008458278370493304,-0.01633590931459755,-0.00599104885935234,-0.009677888280344956,-0.009736439677112201,-0.002271050008548154,-0.0043966283503771115,-0.00702258485649534
2020-11-19,0.005154896455680898,0.006328223461672232,0.0008561044426177233,0.012351049523529287,0.03570107808531844,-0.0015616764124188815,-0.003585868186015551,-0.022040232830411306,0.0017432078114995291,0.00957693588759525,0.002686256934678794,0.0,0.001203027539619104,0.042958592408513095,0.021126944427921145,0.005093472907817619,0.01705826900394194,0.007374826879846747,0.011727216553330021,0.024240595583142108,0.003715583547472407,0.004068451797614893,-0.001904144112525466,0.0021249929055423065,-0.0015331470220298741
2020-11-20,-0.011017994219260158,-0.00960237297185044,-0.026577060672041596,-0.005054446768464809,-0.010577152602836195,-0.0053151709056540606,0.0139939422873093,-0.006848319849108812,0.000745872593070973,0.011670673865056764,-0.00860399986578407,-0.006321246224454612,-0.005447297293916976,-0.02633760696295659,-0.009442219408298827,-0.012375878539364582,0.0006996122420519891,0.00455003673040269,-0.0015409993227257894,-0.012294176882215999,-0.0056688516272875725,-0.0041425453349855325,-0.004752846479729192,0.008078895872084728,-0.007701458429117068
2020-11-23,-0.030194114736445562,-0.001331859178716493,0.003984234975282424,0.014653279455907652,0.007884691403706866,-0.010234537243482032,-0.0049165644946434104,0.0010751420459009205,-0.002115423895108677,0.013200731455931588,0.028396407814063312,0.021403039568562595,0.024239279339143528,0.03167527119202086,0.03144615866935639,0.0634549541921839,0.059286828528736395,0.0743416884719761,0.1043024951744051,0.06697866050547402,-0.0003259651773973119,0.00587568637657077,0.01350065331294029,0.008610653942504721,-0.001340943411362485
2020-11-24,0.011527612180587656,0.017690431529194754,-0.013967059947863462,0.020415398318458663,-0.002817208902104262,0.0,0.002188011884516433,0.0028315099942016167,-0.0017452427537199074,0.017270237850928957,0.04520021986770703,0.056428076343414686,0.03718820356454194,0.08418725540780089,0.06816707484647384,0.06444301881917988,0.04919271524635494,0.03903184575146001,0.07713731948453705,0.02828647631759345,0.006328425701275153,0.00701304714191428,0.012411350397660097,0.004240504718337881,0.014550905204095634
2020-11-25,0.0074394917209673435,4.67277687600711e-05,0.021151895615239568,0.0008503064266595353,0.0190947634301272,-0.001321638618201228,-0.0019143246658273182,-0.008428240736729833,-0.0009991431910957881,0.0023059510029375258,-0.01051586680703328,0.0017238079827202964,-0.004050269433534793,-0.0006994841458240702,0.0,-0.028266149616676887,-0.03707277722349464,-0.01771974119898973,-0.026439696836466443,-0.005864958540383977,0.021263218006347694,0.002375233443297362,-0.001685640134954699,0.006216455250340259,-0.0010177806335198943
2020-11-27,0.0048147341237509324,0.006338720182109965,0.002000110937506352,0.00846575645896375,0.005520466610141221,0.0022252548025270486,0.018980975194580915,0.014155613618692485,-0.0025008640391979615,0.006600366900649938,-0.006659370685951851,-0.0013788536575709757,-0.004831182389794997,-0.004557403099993735,-0.006858531649384644,-0.015309026380904135,-0.009048710237707345,-0.019674092318285822,-0.030070365577597864,-0.01000482267383875,0.003219256968037136,0.007382711965358063,-0.004615167168987743,-0.009562532186371805,0.004673272477844118
2020-11-30,0.02087988495315119,-0.005403804045466609,0.010520456547595945,0.018789844721125073,0.060847246069798376,0.004710532077211157,0.028596334241089157,-0.004746021075868522,0.006614801286051402,-0.0029602380952175617,-0.027940307953772208,-0.02904847985834638,-0.020688291161075633,-0.03978286055004024,-0.02863980237733166,-0.052616633553368694,-0.046285510359644316,-0.07825253843808018,-0.092630252009501,-0.0511009457373571,-0.008580433078829422,0.00513192950412586,0.001841283014322958,0.0033460769360317195,-0.006507997318311077
2020-12-01,0.030361887745131204,0.009946932475688338,-0.0008582952205265671,0.02471778113447448,-0.0003238858956820725,0.018964712914832167,0.028308699868620172,0.01431697163992383,0.014326568684003149,-0.005176778114201231,0.015655716048840317,0.018646291793240847,0.011920193340014686,0.02562851130938532,0.0072371936504011004,0.009656781744322008,0.003092135388347868,-0.007357521342312787,-0.007494289901738251,0.01940910775158101,0.0162931356533559,-0.002923962578856736,-0.005996766822799214,0.005478758400274781,0.008128574225730186
2020-12-02,0.002929257334709488,-0.003892633597787614,0.011472384590616303,0.006837044584783978,0.011911936090841886,0.004668606034446551,0.03466237713118512,0.018497933701261418,0.0034273660091025037,0.00908971508663451,0.019026325536401642,0.012814066861218817,0.02371689295316044,0.028457826108803472,0.030711660110061947,0.03672003859955331,0.02729737255165191,0.01766825137970365,0.027347040163595408,0.026692994239909226,-0.00515287341781244,-0.01464697898513642,-0.02473210368917748,0.0010332327964099669,0.0009101827786907151
2020-12-03,-0.0011379767246446554,-0.005260704835979216,-0.010729100175770593,0.02160849388405504,-0.015372518151517058,0.005788882578459207,-0.01755555189039899,0.0032171279422699654,-0.0046544028600934186,-0.0023841259672084513,-0.006576999146081535,0.0010380980795931128,-0.009215408681061793,0.009994866894145082,-0.010898417217446105,0.006737479226967507,-0.0007793489479502119,0.03030926818731708,0.0072924454237467086,0.019675697733024453,-0.005257991204430573,-0.010978798212420305,0.0030782004284633556,0.01012700182426811,0.012059213079751652
2020-12-04,-0.005628403982730142,0.0005599669179030728,0.012039263181316975,0.019421790729771165,0.018567781853225097,0.00848711026433372,0.0062166012652086385,0.007055573051390708,0.005997681458500526,0.023961092555786344,0.00903197751108222,0.01305870390770136,0.017303851459379422,0.013285805638023979,0.0354202301704,0.03590562579304538,0.03802087887762829,0.07186891940153807,0.09555542190149494,0.0606513829553315,-0.007607189417695092,-0.015597993867526987,-0.003647150746006374,0.003688002064529706,0.021444577082401477
2020-12-07,0.012195297984036476,-0.0003266898373077363,0.00357066371305888,-0.03503638246414406,0.00031894933234651826,-0.008688623632780997,0.022307981554592463,-0.005818900889957521,0.00693246906533744,-0.013513549457847527,-0.0037669797613588416,-0.006851603109191376,-0.00472780461483873,-0.007131869930367947,-0.008393824248501044,-0.018891017215381528,-0.027387102666443217,-0.033302174314073923,-0.027352017482413647,-0.0267951139418696,-0.001449259101838023,-0.005126671780891399,-0.008817517998212693,0.011306792683410673,-0.008542166046372555
2020-12-08,0.005077991887576036,0.007994698093886164,-0.019049652121525953,0.009713829537369736,-0.012300294543227874,0.017170461744097223,0.03126371809870573,0.0,0.008087260084752655,0.017328194089586073,0.0009840904977790471,-0.0055155089328655,0.0016341104131560957,-0.013726960835588747,0.003948772295317858,0.03223734670304042,0.008557402792148575,-0.0032747826331884335,0.011184448903394373,0.017369105450936003,0.0060897673194401595,-0.0035091177947610356,-0.002396475238589358,0.002663251473937652,-0.001974248388724508
2020-12-09,-0.021125515580688065,-0.01968223515829944,-0.03190819325128699,-0.012306827861855461,-0.033819872571827725,0.010175893403776141,-0.016823192221904572,-0.009967079294588715,0.00348035956501236,0.009059131015524097,-0.007817444939396997,-0.004503732573498251,0.016526599893106102,0.003793792434020015,0.010058997643384535,0.01317032887825111,-0.012089550967055078,0.0004685755798076622,0.015412634585434374,0.0060083661453691865,-0.023272568006966705,0.014640693186947563,0.0014384917858300211,-0.0023751315341756316,-0.008035487991372813
2020-12-10,0.01191768573070786,-0.006061867994950955,0.003204152495543361,0.003787496350016439,0.020167103409497466,-0.005567513343321914,-0.002871660830195008,-0.013917174987575671,-0.005767026363421057,-0.010918124028470887,-0.006464540751242001,0.010706257953167809,0.006485851202065256,0.015032639840435725,0.025953670121601324,0.027878831415506105,0.03166912712240202,0.029990744061542927,0.03196097911737264,0.00042799305447883967,-0.0008734778193995013,-0.00290349291196607,-0.003119448158132069,-0.0087564013690394,0.048505699085845
2020-12-11,-0.006757694774187066,0.012931277412738027,0.0031557755410089572,-0.010601164183448943,-0.00010912809947430651,0.004587240276590289,-0.014725791252965885,-0.00762506360628488,-0.00036214080884384173,-0.010756267331458928,-0.005920670276492238,-0.01872434857172235,-0.01820913889848043,-0.014000643766725275,-0.026292938133515662,-0.004783041430570061,-0.009687914086678502,-0.011888541254938687,-0.019948975801631942,-0.018998782537472912,0.004802302959357711,-0.000982102761962932,-0.0013467859511703555,-0.0012363447043723416,-0.022938688253413483
2020-12-14,-0.005159990956520748,0.0043981748306519035,0.02245367512355799,0.014770832097299146,0.03358141272541708,-0.025694765929867695,-0.04756257859242704,-0.0027924090836743843,-0.024473580853237715,-0.020329416653776248,-0.01059463874732796,-0.01232628852891344,-0.009209116878730423,-0.015246210587728619,-0.0032294242250641672,-0.03673952815148484,-0.03309972198571772,-0.02704127110096787,-0.028767913748874645,-0.033691157316234795,0.012927776593180737,0.003885595673928984,0.01982517763334802,-0.00825760819981648,0.003101618480719997
2020-12-15,0.048876397439295866,-0.0003268594551317127,0.0038807564123533073,0.003954922089224349,0.024388951931370837,0.01001157242866809,-0.012833775744423459,0.010476413065793751,0.001990144343730377,-0.013332333922297181,0.016931038961378465,0.014773478522908922,0.019324886293555395,0.03735221540525604,0.015708383566956887,0.019235635296050317,-0.0007826708721968583,0.011278443313858392,0.020525079863881347,0.034998070706506894,0.0025782705182143205,0.008996514191516414,0.013777931230310554,0.02256435134670767,0.008289315879770245
2020-12-16,-0.0005476537591929832,0.023766061028287874,-0.008871071842576014,0.008841776506361807,-0.002783981493549794,-0.005995002190775299,-0.02273085189341022,-0.0009718791214393354,-0.008109561436430558,0.017546209647214837,0.0029046261739315428,0.002789216632984957,0.0055124080342963755,-0.0026944214169679166,0.0013397256234681664,0.015218331485808919,-0.00763817702068343,-0.011278443313858287,-0.0086906969790104,-0.00567557491746937,0.023678659082595685,0.005989643845588263,-0.00494546490510013,-0.0075613944483430545,-0.00877335169289461
2020-12-17,0.0069393273710985455,0.0006383389946390183,0.00742939004703617,-0.009236757208085655,-0.00010327984415574736,0.026049190063611338,0.005008091895708622,0.006842778105340803,-0.00012488819507019798,0.0023864911757320935,-0.008321690321687926,0.0038228895164022078,0.002703651262526962,-0.006089397733302408,0.005008389528196523,-0.005047195832168013,-0.0031623140892648553,-0.00830484899896266,-0.010491107037171356,0.003932550747403815,-0.001506881775001751,0.01611623370153118,0.002102479621317129,0.015493051234262199,-0.0005809359208118331
2020-12-18,-0.01597759588715866,-0.0037898583605928825,-0.005204233442322813,-0.06505194043666863,-0.00954560262391043,0.005776764743033465,-0.009245706320586898,-0.009675938400954027,-0.003640073313424526,-0.00420408086274359,-0.004942283951291225,-0.005565162521221416,-0.00945405434810325,-0.015732057693004623,-0.01662349899016651,-0.017399731671483416,-0.013895255953040727,-0.023870771960624856,-0.007313500197050555,-0.02741117388985269,-0.010696397444651836,-0.012930942809228288,0.003866560607910211,-0.023184444852860902,0.0006779615284918558
2020-12-21,0.012319089440228288,0.018133629066595856,0.0045292062763042425,-0.023450026293474566,-0.028444897314252416,-0.009690201874037999,-0.007994023229162131,-0.0068203823909457825,-0.0030220180771555446,-0.007110012856698623,0.036850430893113746,0.03664144882474103,0.059523487401807844,0.018442914283973582,0.0360833230899218,-0.01842295351483313,-0.012696335937112505,-0.018222507605460958,-0.03318900297170714,-0.02404285555538571,0.001413904523066775,0.0019943423142197427,-0.01598173180965216,0.04792903181600725,-0.003297317728735728
2020-12-22,0.02806691054779688,0.006046672412568296,-0.004058535494040485,-0.004106953879011764,-0.000751109989582482,-0.001962303049092849,-0.017269295417693502,-0.003188702332991061,0.0016379213295961116,-0.008812746140112447,-0.015333589863751409,-0.017981805896461367,-0.027177604150884913,-0.020168174701069918,-0.0327027911764885,-0.01706984725569367,-0.020300317511914967,-0.030531395797254897,-0.02486733071628457,-0.0194717326394367,0.00010602891458408637,-0.0035118280685761116,0.0011802252552141962,-0.010960785354344674,-0.005162039412871105
2020-12-23,-0.007000591700106572,-0.013125015111024223,-0.020466590137755005,0.008626327893702074,-0.017433179871181762,-0.00512036159118233,0.018873696547664187,0.007671473823316869,0.0042719092203081475,0.004658090458238334,0.027561143769786488,0.028351489372899767,0.02511294913601845,0.04688106154064536,0.025326116209416438,0.012769812479425184,0.015643066072664066,0.026547090255730137,0.024867330716284664,0.02587911917833771,-0.006649178948489452,-0.0008519461641058179,0.00047184638011985876,-0.004855874729712714,-0.0034234675014999526
2020-12-24,0.007682763287000018,0.007796924128440151,-0.0011922826133188178,0.010679262690900778,0.0028358931088180044,0.003482085144478517,-0.004551299062419692,0.00943445031554896,0.00475298289229321,-0.00019345678126352683,-0.004407082531703318,-0.002999519785578225,-0.0011314322598419365,-0.016946683894639644,-0.0034610585014214624,-0.004078230196639127,-0.004209951235307155,-0.014829908660589381,-0.00963101746873275,-0.012855895173666455,-0.003957235360226408,0.004105716953035836,-0.0029758270718230964,-0.0011292744378554518,-0.000489844413448585
2020-12-28,0.03514114475024631,0.009872681201645018,-0.007241160079731559,0.0,-0.0022899425416480763,0.004711182915142734,-0.01214733882701705,0.015027924284879144,0.0038609870947489866,0.0018381520082340912,0.006563651805219692,0.005658394985815622,0.013301134606179786,0.003011544554462389,0.009203276820977796,0.003359981755672511,-0.005052060402150103,-0.004822745913547285,-0.013395925528492975,-0.0032402124362123303,0.034470151618254896,-0.006183214785209034,0.012364772862701242,0.005844800988054347,0.022583853625314843
2020-12-29,-0.013404293937563748,-0.0036071825097370868,0.003347158220785328,0.048112229387570975,-0.010756285474241694,0.0061819821581249115,0.0062270276760473245,0.004038498078154789,0.011985130298633797,0.012010710900773354,-0.002636485908261216,-0.0039908604328969255,-0.006105034887211576,-0.005024315383659998,-0.0036054917720776346,-0.011324154985043394,-0.0034216143710784808,-0.005870046684903766,-0.005532065961447184,-0.008847314063283016,0.011517048584034767,-0.0114302142277671,-0.00613970443957563,-0.00605647809772458,0.012287459982674276
2020-12-30,-0.008563287662772073,-0.0110807307962483,0.015524042935590931,-0.013042752748489598,0.01826083364982352,0.012315180185593692,-0.008402086334274859,-0.006817063846870341,-0.010246627856703591,0.005429389217666149,0.002796015827106414,-0.0010001003820174724,0.005565629529919906,-0.0010080151089750429,-0.0008213761851382289,0.007964173229370906,0.008473674773228641,0.023774707075841835,0.03809795865321981,0.02311702282893256,-0.01094170357368153,-0.003499717109272039,-0.005421174030614885,7.060284933201008e-05,0.003213888194000594
2020-12-31,-0.007732997107289867,0.0033326230556941457,-0.0069274363629145035,0.021711163494537784,-0.006304388609598648,0.008486946448280333,0.0019034601189951421,0.01635829777186291,0.014902468707022555,0.017701364346849907,0.01354848252991733,0.010947189344288434,0.016286206894771074,0.014350353612863064,0.013059287102377984,-0.009176359833062983,-0.010366341625510873,-0.0005000872898057378,-0.013741247256750916,-0.0022878217484590675,-0.008840331459923346,0.0013561172043785917,0.014173848341460144,-0.0007773720114032061,0.009485526166266533
2021-01-04,-0.025029589501039128,-0.021495465709866164,0.004471224732394969,-0.0030153197359365637,0.00641275998426984,-0.005607510597354839,0.0,-0.003370547530760681,-0.01032191832603932,-0.016372346130583613,-0.00948841762315437,-0.009280838536269511,0.00487969395054764,-0.016032302152020783,-0.024960193816451027,0.0067696685183123795,0.003073837433292392,-0.010558392245605588,-0.00020049867177364977,0.005482004262059262,-0.02182109847190733,-0.006420575271093441,-0.020528093861457528,-0.009731162664775939,-0.03694237760890534
2021-01-05,0.012287884314962855,0.0009643814132825145,0.02196689805618186,0.018747913391556095,0.0050791009073575775,0.01168894181921739,0.010270101742472748,-0.013538991292314987,0.001728375685870278,0.010287689546683671,0.00542643772598553,0.007629822506457973,0.022130882903300095,0.027562774528740404,0.025608884751505558,0.04706755119954599,0.026674397920702152,0.05578213883645368,0.07828235223912015,0.05236311030728763,0.009954646073317086,0.008038031564330987,0.00597604669732223,0.008033062699926291,0.0032924586239942506
2021-01-06,-0.03424107783545263,-0.026271432267080293,-0.06076211970682229,0.009635515513482915,-0.02665362404715031,0.009365921971407266,-0.008641750147081215,0.041109556204621006,0.01565919327798361,-0.00867620168599092,0.045886882550706234,0.060585744904117195,0.052556225317953356,0.06835943581840255,0.05594196304992301,0.025196890156286046,0.03167694373208802,0.039137683284100444,0.02092219094195749,0.05386258179789723,-0.025211776834210834,0.0056971937037000545,-0.0022722831051351726,0.007899525703456152,0.0072243642902973275
2021-01-07,0.03355420527709204,0.02805942022414116,0.05621962276031897,0.02110629142347536,0.052090072485983345,0.0033731023925382907,0.005140047318824184,0.015905526253936958,0.019712284538292664,0.010646073303680068,0.03231139284059382,0.02184394022233155,0.021137311874119203,0.022384300080187484,0.011731768676136163,0.007815261347311551,0.004666163987184919,0.026982820990881163,0.06265236115855977,0.019071419935793525,0.007548565530855581,-0.004907951733613711,0.004633783910053497,0.018099654017809608,-0.00809483570512912
2021-01-08,0.008594154442026903,0.0060743421148572565,-0.0050525204623403375,-0.010400482591909063,-0.00611366734288111,-0.0020599696065327936,0.0018871737571154888,-0.004502939433896599,-0.011853105652667941,0.005233747290783577,0.0011036009002300755,-0.010093693942158118,-0.005397864418080008,-0.007204963033906888,-0.009894421620085313,0.011059597482925676,0.009487223614657082,0.0,0.004255704318565832,-0.0016091071580279423,0.006474509430722278,0.010572484339807032,0.018184408230989744,0.009612119476156299,0.022199540541089188
2021-01-11,-0.023523507122446455,-0.009745634121389152,0.025635236073849703,-0.002132126868624755,0.027838925922975512,-0.004195505624106447,0.017090104032156425,-0.0072912446304130955,0.023449415264237876,0.01618262422428236,0.014813831755107637,0.016463881390638445,0.012844719081360808,0.0015054799135714148,0.016235964597907635,0.02990498857638372,0.00569280590936757,0.014657057554553626,0.012491889725885368,0.006020697942794614,-0.021754382256951105,0.007921372460167138,-0.007626127613073845,0.004771801241383095,-0.010177560544999235
2021-01-12,-0.0013965308359305457,-0.01184073913328011,-0.010089945349494502,0.03245201232791411,-0.01962577278101733,-0.007810789439710898,-0.01574427138662267,-0.009413696686712596,-0.022726883829199684,0.006947047611306983,0.015596804227344599,0.017683719089242503,0.028120824045724465,0.020840119356148063,0.0034559374569046054,0.021960270813525536,0.0188173833885908,0.0444134321737478,0.04638256124573609,0.044990833054184276,0.002123540741920703,0.018628494728557238,-0.012352496170757437,-0.013694341380231973,-0.017163404784988817
2021-01-13,0.01609648148637067,0.006539065747739331,0.0034794853718209525,0.06736348635776386,-0.03826481405116833,-0.0015187982561880938,-0.008644216823174148,-0.006541175908536152,-0.00906703332158062,0.024030089880978177,0.0009266903830669944,-0.00595974264268927,0.002412817183286045,-0.004133461966440547,0.00284578077002705,0.011214921253142624,-0.0009644063544084473,-0.00825826600855174,-0.032058793028571925,-0.02635811968817648,0.014335165650269394,-0.008285203960818067,0.0023128846501856665,-0.013954129954325909,0.0006803650939479007
2021-01-14,-0.01524262830581661,-0.01546527626075142,-0.024802974792365037,0.039592156650747105,-0.010845238198693414,0.01732915741599628,-0.0029885326745301205,-0.012784169031388345,-0.0020670353217890967,0.004309270884147773,0.005825350365740923,0.015716036200807554,0.016142728255386176,0.02771863677196639,0.03165060088932474,0.03829092844272056,0.023737373208147016,0.017703290928262526,0.035071286398060196,0.0194483408457905,-0.01220978211670719,-0.021055739580257176,-0.017071553063887104,-0.012238974189477675,-0.010453738938368989
2021-01-15,-0.013825808987675886,-0.0017384930341043296,-0.02615329803339048,-0.02859051966729691,-0.02882883257595297,-0.0021805662431674117,-0.0013615905187243918,0.002194142476562005,0.014618000891542327,-0.009993285874906372,-0.018084219108464243,-0.029256135298635313,-0.02253410903603604,-0.08119415842674847,-0.07178111601779615,-0.04929695160798316,-0.03625532225792102,-0.059163519578225084,-0.05024529202160925,-0.04128766158218538,-0.007452299659631569,0.026659610085954254,0.006739879783597671,-0.004113134080060632,0.004996469128046234
2021-01-19,0.0054125124449696275,0.01766581536427297,0.012807188332947346,0.0070953857215396285,0.013959450946091589,0.015352213962052884,0.000816947660448329,0.0025302679831769254,-0.0022810990583184533,0.014908097069535262,-0.0043370421792543225,-0.007296927911035134,-0.022883808178364076,0.018246982377733208,-0.008442764490328053,0.01964287408145575,0.025939559317667026,0.019315826378069376,0.021560176155988982,0.020266899181339306,0.005304424924284414,-0.008746935839699922,-0.0039141872332905826,-0.01035764305263532,0.002049800198869806
2021-01-20,0.032327742409550844,0.035849352190954004,0.02580556702028126,0.01165774738391778,-0.007856347482289998,-0.002460322805518297,-0.0062815182543580275,-0.003840222171942809,-0.008813802149324002,0.003914613544587021,-0.015108954971624226,-0.013208728994307636,-0.012759594067171701,-0.005223728725219446,-0.00693258110597728,0.014028926550277314,0.009163020341822804,-0.01401076389330284,-0.0046403131122277844,-0.0027574695667126666,0.044686981065348005,0.004055085918820717,0.021480973642998204,0.025030305107617695,0.028078883248121002
2021-01-21,0.036002656761995704,0.0028041633479842206,0.03685249657479736,0.06259793849326832,0.030843345704517678,-0.004011048374836435,-0.0005478995062311978,0.011787294113290622,-0.015644461617345055,-0.01214938037266731,-0.008420056992406269,-0.01778230595382442,-0.0037940100367024826,-0.014272599077435152,-0.022059621606871475,-0.02908861132404633,-0.03597175793709801,-0.049021596137876905,-0.0897940771905834,-0.046839363340219826,0.01327491862890803,0.017168595498024356,-0.00046828942623556154,-0.008368281701858818,-0.008379492378505507
2021-01-22,0.015946015546526682,0.004346932361818115,-0.011240167300611056,-0.09745785974185912,0.013672111171704734,0.011190380612217443,0.00191694579431841,-0.021209325339287405,-0.0024667882334685667,-0.0036015314116494544,-0.007742976218824224,-0.00694894493196801,6.906397042547517e-05,-0.003129906071195073,-0.00876637447423292,-0.014235082567987563,-0.0030476197075471204,-0.0116444965707557,-0.0030939074287405183,0.009053530375420157,-0.004473303364494828,0.01758308431489372,-0.0007029664845398603,-0.016087780402077683,-0.006427057848843342
2021-01-25,0.027307331366614646,0.015719899226631466,-0.004330199061635402,-0.02176733113199236,0.014337891148776412,0.014748756074228937,0.019775842419559944,0.000747974414878315,0.0020972623976691506,-0.0032527672337811396,-0.012561193329680979,-0.012438301761465957,-0.02218680018458264,0.010602072001620118,-0.012634529973066288,-0.011237245216354974,-0.009089129048344805,-0.0025798439511114757,0.006178449974304077,-0.027831408055958254,0.0005374909810066927,0.0037954472444745686,-0.00018742834699409536,-0.013001444881817037,-0.0044370476771338875
2021-01-26,0.001678097421454985,0.0121250107105667,-0.016095654352386295,-0.004157296910802524,0.006142805190847452,0.026750548552448527,0.0008043090158644181,-0.013605126400599406,-0.011152692644055712,-0.015504376203311835,-0.004095344719019731,-0.00708546332184078,-0.00453253173872055,-0.027037431167490845,0.005762791995839882,-0.022206227721047644,-0.017087117669052538,-0.021363274676397655,-0.031467951979428255,-0.043036087838612076,0.009706872588035214,-0.008737336994933585,0.009516811977469012,-0.01797177547922867,0.011915461883484127
2021-01-27,-0.007713470553256764,0.0024503691478274603,-0.03927958324622696,-0.029781508620119915,-0.06398262376654773,-0.01536814633239952,-0.029098009057623633,-0.029938885316639907,-0.04043266801288027,-0.05682303544857807,-0.02867921582186704,-0.036535100754970164,-0.030375991343421508,-0.039322594772427596,-0.025103112822113412,-0.011401353126297725,-0.013066130141768792,-0.025022340101685095,0.02802000600196195,-0.041756894672545314,-0.028528919404602372,-0.030721810647276727,-0.03968521285108809,-0.030665525952038093,-0.06736375107081691
2021-01-28,-0.03561190395498926,0.025561485291484,0.01026268989962516,0.04523855576982235,-0.014969657487341454,0.007595491581582331,0.0002790787796319743,0.015377147444997836,0.010968643624650443,0.0137199313426632,0.017444466523601904,0.01629295892121314,0.006164009678613526,0.02099112283879837,0.01570075526841731,0.015534885048095677,0.009253905535652359,0.0112518277053971,-0.023729400640709872,0.03734953630491368,0.001557905206109897,0.014490388778788053,-0.000869511781553285,0.027848542865964103,0.0028571341536049333
2021-01-29,-0.038138864651801184,-0.02960573827371396,-0.004704489340861867,-0.010037839410913886,-0.021714843722945035,-0.036297519576358336,0.0011148549315274378,-0.013606849644690465,-0.010968643624650502,-0.01674039414829536,-0.011129231698608898,-0.022345612502036677,-0.014097858154672934,-0.030649769916298017,-0.031236361276725313,-0.02684441116373683,-0.043859807488826646,-0.026622119999353006,-0.05274465110537582,-0.019175360443544166,-0.009752051571646207,-0.026346606013781672,0.0049194734095372936,-0.008423001558243819,-0.013746875249969242
2021-02-01,0.016384992059353513,0.032614664406971736,0.018855544976447654,0.021034639262753622,0.023313280172412826,-0.0025781481078351403,-0.0027896764072344606,0.0012583153371947414,0.003755981963595885,-0.0017579717298748963,0.007356247065997465,0.010401069801203047,0.01304273739723423,0.0036746619922478924,0.0075589401970694746,0.0017824536618529618,0.014102180943309596,0.016844910336405693,0.007234710677082359,-0.002253790565026096,0.041746274050055085,-0.0027732223350558386,0.00043296503575700727,0.015744718448266644,0.018118413536805846
2021-02-02,0.006316898370563216,-0.0005846376191752671,0.023868577464620597,0.022845249085566052,0.013596367609499834,-0.009013503140035286,-0.02288522184050256,0.01403273954486318,0.005285929555662212,0.011372049628870924,0.030317830949170236,0.03509126500728889,0.043588972656822385,0.02502597698130817,0.019490352222773774,0.01568253723174192,0.0074942430476682784,0.006366425768508564,-0.001364803419544516,0.015670703678435812,0.011043015400718599,0.007709093450447633,0.008762278220176428,0.028189357848165852,0.030667037394040433
2021-02-03,-0.007808837774876098,0.014466423393055854,-0.0019380796006809677,-0.005532580534961512,-0.010976078744389824,-0.004661767674082967,-0.004296225452408945,-0.0024532592387056015,-0.005803242270521433,0.03307962584730538,0.011386182033369562,0.017569815575687098,0.005490505140061828,0.03042653891939783,0.02519198836708885,0.03847833787791068,0.021589271667623176,0.05323174216707296,0.08629581232172798,0.07156628911598334,-0.020163489626646183,0.007357981863133419,-0.005018048470768403,-0.0069010872577055515,-0.006217103869626458
2021-02-04,0.02543176889143558,-0.0040822786656090826,0.009836383108156783,0.025112831092565704,-0.0005690895615208195,0.009240345815737046,0.0014338228843533247,-0.025690556931730807,-0.016824981869160142,0.01466519616713965,0.022752015519623095,0.02871599476473087,0.017860817734397554,0.03299400438178773,0.02121354413907213,0.019008677107096084,0.00044952974677845396,0.01834475777480181,0.02805659546915817,0.025720944079118225,0.00556035766663457,0.01681830461286068,0.01105435335258814,0.014323890494169692,0.025604877495230865
2021-02-05,-0.0031028715367804466,0.0007847948627800789,-0.005375289400999937,-0.01043010534348886,0.0006828859798514419,0.015072099126748192,0.0008596024340473906,-0.014713765054091072,-0.003029204602372382,0.0018412610217685141,-0.0019543132601485846,-0.0040081556586375865,-0.0008510244780459352,-0.003066483992005948,0.0027203158698061824,0.03297014693319149,0.002917348273971239,0.009273203647028197,-0.015077459447407293,0.008028913418236699,0.0063293425623789645,0.00014354917742859005,0.007318252523118333,0.03135934681174374,0.027034098611513933
2021-02-08,0.0010963519920591587,0.0011140206936150843,0.060508064588935435,0.016703998447866887,0.03981124096327563,0.0028538182276796513,-0.0028680087419071117,-0.000523799919588593,-0.010077054936573225,-0.01753548731586029,0.01553294782819512,0.021999245976711733,0.02240428951773661,0.025471513717830265,0.016953733287814358,0.042142091512041194,0.024566600170783465,0.05176579211281064,0.048276815020533784,0.038436266316243854,-0.008751967758836224,0.004186702434886291,-0.004715051097511566,-0.011784378579229468,-0.0020684963567770428
2021-02-09,-0.006595523470914753,0.005347261530441427,-0.012229458673871435,-0.006443987924088067,-0.00614101659709999,0.008152592193025719,0.004298969452436619,0.016178470537285564,0.0,-0.013569475990163182,-0.004003999443806852,-0.0042399067806888294,0.0010323814805744346,-0.004200301085534835,-0.008361792436280872,-0.011780809286544786,-0.005700608936112088,0.0021354621036331466,-0.020233648362177534,0.00038452750547938633,-0.005413479034808956,-0.011710000293628774,0.02058232496820654,-0.011360433060490597,-0.0003766239220929376
2021-02-10,-0.004568944444355319,-0.003904917744745916,0.03452248458820207,0.0013600204006504336,0.015715643705900683,0.003242453732780661,-0.006598848404628737,0.011372178425484457,-0.0020012571595485282,-0.012891343382773014,0.0005729824083644783,0.0009099300886454006,0.01263376510313452,-0.0018059221098658844,0.007890206817716544,0.009631353688234314,0.01700514959881891,0.007861511870975578,0.0336093593801521,0.023566426095694693,-0.005588994815406755,0.006913491724332929,-0.007342211102816717,0.0047144158401071,-0.0033004687622707487
2021-02-11,-0.0019219622758673378,0.006854255583565803,0.03241995617725929,0.030122907044999543,0.003351229388043698,-0.004506353282807923,-0.00896345793718959,-0.0009903658178780327,-0.0020046386640607382,-0.0028874025731871304,-0.0027964813850972904,-0.0030364793283260394,-0.006462215730707271,-0.014563249249444963,-0.006623571172602987,-0.025357717990868646,-0.00541877792245686,-0.008149322475321562,-0.009511741550829652,-0.009435953689839117,-0.007467083315264711,-0.0058660734467239455,-0.000606591790963483,0.0075521598992551175,-9.424596718863454e-05
2021-02-12,0.001774187783176963,0.002042881008231407,-0.019164831982343034,0.018780675807637745,0.01190802012136789,0.003126402650821554,0.008387854693167638,-0.014607679907947486,0.0034726480992904128,0.006628685255182367,0.014116887564048327,0.01479219841342209,0.013143951771851362,0.02445378476315607,0.006780600593509271,0.013551408911348385,0.005742715356970217,0.015385078523605386,0.022875032135204188,0.015055033771888429,0.004764600739063575,0.0016228119499683935,-0.0017283836391694648,-0.009941638986881171,-0.005304242585382658
2021-02-16,-0.016234823762978023,-0.005279554425593259,0.02436405559990581,0.010621386859011806,-0.02494323141210899,-0.009105831646270515,-0.0008647676322603551,-0.01108965732974956,-0.01005031106019148,-0.002300746495905883,0.02378557460098256,0.026613391569899156,0.018244838209423565,0.03688959708688651,0.007671479970461437,0.029643524440417676,0.02028390999270123,0.0352081988042941,0.03351921237348494,0.006173283564859552,-0.002676197092374675,-0.0076686473470186116,0.005269005405199417,-0.002889178754769415,0.00803992873533801
2021-02-17,-0.01780175238845416,0.004350293669662358,-0.02806406902093787,-0.00997444707283524,-0.016758899732376147,0.003567761129073524,0.00574865613633433,0.006876480988486226,0.01722430480200024,0.019859276457300786,0.0031060687450697555,0.00407680230269324,0.0024971326161103645,0.05044492573516083,0.009931746159748987,0.015444663595169663,0.029518170574172338,0.010386066251537655,0.006948947988766979,0.0022356597768997725,0.012068471325383062,0.01988162107686005,-0.007375090565183025,0.015961157827940473,-0.011992287304310534
2021-02-18,-0.008674025160984254,-0.0016804842105806153,-0.005179185381503985,-0.0038879996921068593,-0.014559592374155134,0.00048273508129392556,-0.009503089657007826,0.004731160762398386,-0.0017224362231119592,-0.002166502676001452,0.003371561197820489,-0.006414032292289626,-0.0091223257022117,0.01006148219657707,-0.01996326543766889,-0.015829325807090584,-0.009637432333726333,-0.03441874764983857,-0.047870126308385975,-0.0491998220737813,0.005903355134450001,0.007553378161375999,0.009233489604847631,0.0076105751804040125,0.005061993887401166
2021-02-19,0.0012327507161666383,-0.011634777453688008,0.006553694349843761,0.02246920994610568,0.010548885106356144,-0.016792685934153912,-0.0034782796804295572,-0.011731197233775196,-0.014694187238013603,-0.009949464015652507,0.016552839892724623,0.010184948756124076,0.01828905751975103,0.02326590152581379,0.035591043246805065,0.00670564333591507,0.008385831159963357,0.015191414519413034,0.03152693891398778,0.020890471349319175,-0.023816428691007405,-0.012120264647134962,-0.014918284577040542,-0.021386355050584487,-0.01535986295123389
2021-02-22,-0.03025192495341575,-0.027174175207104984,-0.038987780829687485,-0.0371849103435974,-0.04813731802469617,-0.0006178026207044364,-0.005240388479597059,0.009383741544020358,0.008308588191151422,0.019333801850163642,0.009347124924883715,0.01750662433406787,0.0039527390443155185,-0.01518183319112258,-0.003960712995336106,0.0361903144568699,0.026676425772046593,0.04955711170015875,0.05584218364332783,0.052938293155277254,-0.02151030634661799,-0.01364560833295842,-0.0008481974449192288,-0.03839884030811631,-0.015206537740858306
2021-02-23,-0.001111797451173849,-0.005301632213697978,-0.015001432796151726,0.006730609396467706,-0.007407063205719413,-0.008873203446908706,-0.010268325613259875,0.005691274336558358,-0.005218167875651393,-0.007406356786227851,0.007999314024091382,0.010471155551080481,0.0073575087152552045,-0.0032258124092731646,0.018448993051119956,0.01371767424974398,0.012524118208269215,0.02369475313599985,0.026130615452136966,0.007235868492022132,0.004316729031036398,-0.031710323302961266,-0.003496122539109043,-0.003958779356514495,-0.004330977650724768
2021-02-24,-0.004060265454748982,0.005472292682669164,0.02493054400470742,0.033306905306267266,0.025630533652973943,0.01331163301260044,-0.004729583851130576,0.008160560976976318,0.00040260426428739105,0.022516914607747168,0.01744210271713593,0.023923411637825538,0.03518120857300852,0.03049415505209366,0.027488106383396802,0.02953255804175899,0.03627079775307433,0.04815011080998386,0.06449264946840522,0.05845940683653992,-0.011007327640787778,-0.027580976961887337,0.00918572768839029,-0.0035323565213681643,0.02926093488854632
2021-02-25,-0.035402113957182714,-0.023990485466275278,-0.08575187960921234,-0.04515689305230764,-0.053390149947627134,0.00104473115400747,0.0020720861678555497,-0.010104816747232924,0.0006701199714851456,-0.012591452925264006,-0.013664841095065584,-0.012446823216451575,-0.00874880133140642,-0.019248988585445152,-0.017498913194462146,-0.016717621916935793,-0.009335743013723957,-0.030457305050830295,-0.024903525441848075,-0.031079914927873317,-0.03293690001850802,-0.018322674206952425,-0.010937934799815004,-0.0008117341210722019,-0.008756728074033673
2021-02-26,0.0022290931274825585,0.01469559293588655,0.030125838977348822,0.006271762202516469,0.025041792139707184,-0.02677427198430471,-0.0098055171469683,0.010134746495687665,-0.027168327537593004,0.0038127078257824375,-0.02688271254468155,-0.034544437624801416,-0.02558674552910878,-0.037709910194255,-0.022958602574672717,-0.025244426059053606,-0.023228308564106397,-0.01942190718754878,-0.08929354057547124,-0.02126977429137836,0.011632467716052848,0.012033130552933417,-0.016931551714834122,-0.003591301114519793,0.04312726754669795
2021-03-01,0.05245142154693137,0.019432929890214386,0.009235795487882281,0.03396743240443067,0.022002025471487753,0.0054127973057712594,0.005954172174733828,0.00728777917798365,-0.0033105042697322987,0.006199353672492183,0.022374598544810345,0.030640680948742588,0.03607593003054618,0.025117722485216838,0.05406735926342612,0.036656802009769965,0.02029286093084459,0.011470429262348493,0.0064847546144295104,0.02860864348315149,0.017057488725899683,0.012616509974889795,0.010183968051695554,0.021070071139640233,-0.010795553304491265
2021-03-02,-0.021115222836149337,-0.013041397931027649,-0.031968326983318855,-0.026427766676240416,-0.026508732389879372,-0.0018852088489046644,-0.005357215524940817,-2.971241671147528e-05,0.006472601178529045,-0.005178915220594471,-0.003260980174545733,-0.007291480345311029,0.0030868326732315147,0.001347021242389699,-0.009100768764796027,-0.005868406194844981,0.0038142850333482974,-0.006292417542007602,-0.007879582700772094,-0.020401752678499138,-0.016540301818484742,-0.00509670737547849,0.00201452715072226,-0.004587216377048642,0.003083148981879212
2021-03-03,-0.02476046109249157,-0.027351620940394658,-0.04590476446131768,-0.02212391298155954,-0.03964391715496586,-0.01776427620424699,0.0259219878758944,-0.005303124905289561,0.0061580362521753956,-0.010626390374356613,0.01914757873753805,0.024740769540455478,0.01049038175528055,0.01470018035245945,0.021107554912918977,0.007993817855347614,0.011163437053880433,0.026053933448145248,0.03834318094890212,0.008140235506946774,-0.029358478249911932,-0.011320398142498984,-0.013752105903787653,-0.02034894950053277,-0.009184252280673225
2021-03-04,-0.01593826207938218,-0.003653978804412534,-0.03452202477302233,-0.026560065767174627,-0.03922072070153211,-0.02037021895630612,-0.005540282023959529,0.002819518189879536,-0.015535945597788897,-0.00998332983504076,-0.015487790954260809,0.0071488603005286895,-0.015488866038206005,-0.014161764110698664,-0.008131613121931504,0.03801537463157731,0.008746313637145363,0.03587512074184159,0.06417468408456678,0.00737495170914016,-0.009170074897274566,-0.025302091386261796,-0.004772836446945891,-0.016673271867531227,-0.01259987547141559
2021-03-05,0.010681058345818185,0.02125197725515285,0.0073495667675112005,0.040485980446053484,0.009854775596323051,0.01960135302487846,0.005540282023959591,0.039041065415194164,0.013214010959953369,0.009889400818247157,0.002322232192546149,0.011711969458351396,-0.00584779703605199,0.007239185056453854,0.0059982912551513525,0.03711573483101952,0.04216090733054631,0.047745092582634936,0.04315459554398015,0.016999410880849886,0.007658083796422065,0.010268938283060431,0.012275604604247224,0.00987254166456459,0.0029510953439435333
2021-03-08,-0.04256654531443836,-0.01834501393645091,-0.07222087171662664,-0.014761046292861459,-0.05982893251542482,0.008293463836114253,-0.0011639058610839123,0.008805978408637897,0.014121357685922037,-0.005544933317502068,0.013165558761714649,0.005401323136851664,0.02061868867607859,0.03259173774332355,0.027941747596369887,-0.000985227472293314,0.00685727064782527,0.007513597174052952,0.0001339393008178436,0.021776991149304634,-0.016299583149453855,0.021500976269187705,0.008355711808199507,0.009032772089557732,-0.0016173560683662468
2021-03-09,0.039845198029510316,0.02771378168939471,0.07726962691324454,0.04604138657565565,0.05995630770212372,0.0019040363682513392,0.002907050895197779,0.005155642390790532,-0.00040464867203798214,0.006388145295469252,-0.007088107382678303,-0.022056964099889324,-0.010830896299243926,-0.014062355056126479,-0.01717813883644327,-0.015563242017646766,-0.002280593387126416,-0.015084391231680653,-0.013225473263293904,-0.012191097927344092,0.036879873274693574,0.0226348662644131,-0.0026816329317696504,0.010276987986818649,0.014368445304605905
2021-03-10,-0.009208908128570033,-0.005834521035608904,-0.00416208314272506,-0.006724411234329462,-0.012944777563952436,0.009152888067331708,0.01383698115421352,-0.00678463635777614,0.0083276229893421,0.011266922716747358,0.0215023003148958,0.0284996996656194,0.03399054783188687,0.03732224409861039,0.03814179879851436,0.03024039464274006,0.016933452610817877,0.02591361884413667,0.020172573823042304,0.020236703436889256,-0.0017024656850275469,0.011066444962404762,0.02256752771336739,0.011991331790044102,0.011477631554199091
2021-03-11,0.016367876850591517,0.020062458370797728,0.0412638279430161,0.016884781954033517,0.04674875411072705,-6.304522459075348e-05,-0.006318245362629294,0.009961681641442384,-0.0017402328649191942,-0.001204314360673626,-0.005235070991800854,-0.003484541128308164,0.00023380183007144827,-0.017843815640377365,-0.005984332161996173,-0.007474817752060402,-0.0016174202272300998,0.006876447915273344,0.002659268602329304,-0.018534406974223296,0.018133028189585527,0.009755258842099605,-0.008190355022910777,0.025828395097664582,-0.004276997416345197
2021-03-12,-0.007654667569343311,-0.005836574518248973,-0.01063862445758396,-0.006497094891939311,-0.0022183925546756704,0.0028866161513281773,0.006604673543177354,0.011781680313231456,0.008345431318754124,0.0032392454204992456,0.01178853634068272,0.018622286745539115,0.019424343785598378,0.027649086106119262,0.02518849853181312,0.010707648108162469,0.0033220088379542993,-0.010754924161668266,-0.004124879726416638,-0.013354261881281764,-0.0077703841773409145,0.015684438832683133,0.0036326718417769317,-0.0052554208834459815,0.004555004310356718
2021-03-15,0.024162527043872728,-0.003995342623472018,0.025743079653543915,0.014050293300459796,0.017732007506170884,0.0051248599464309,0.013361839379374315,-0.006028969103261485,0.02161454508793186,0.01867511121932012,-0.0050077436767205505,-0.005020496931850368,-0.007944205909578856,-0.006777695500578762,-0.012851512168840786,-0.02582686681477028,-0.011812231412235695,-0.01755445292475492,-0.008569810058049698,0.0037846050630457938,-0.002531144890792291,0.01972370357600471,0.03752773014286543,0.03146852223988641,0.010059907535765713
2021-03-16,0.01266255450484227,0.012274732382862774,0.007552194629551318,0.015400472464676712,0.00302572091653689,0.005904292277501341,0.011791282425641323,0.0020325753935633794,0.00757999650188118,0.0052462814259901114,-0.012043981170091792,-0.002918286173986446,-0.012620891639917328,-0.008855356238707765,-0.012063587155466229,-0.02142361671998347,-0.023958162532184947,-0.027542364869695097,-0.0511801198611818,-0.03708022358356791,0.0032979661178309406,0.012628859244081301,-0.0027253223413962616,-0.00200300523336389,0.022158562951203328
2021-03-17,-0.006471638346934334,-0.0028224451883353536,0.003754887741680257,0.015318973003062715,-0.001451236783605814,-0.003724963041541173,-0.0011168974060655997,-0.006848053343082542,0.006359430325915742,-0.05374616351287434,0.010240013737479924,0.008202364681489672,0.009437125754456538,0.012375335050370534,0.003674760479732516,0.004388881813634082,0.0036166455119118154,0.004408840782436927,0.035320594568679434,0.008870073797791015,0.014089129048404545,-0.007293940684849803,0.019146008857972477,0.0011749599012450085,-0.007935126965849932
2021-03-18,-0.03449315737682991,-0.027023937840859092,-0.04748863864218832,-0.031660514095344615,-0.05612663630658876,-0.0018677524814897186,-0.0005592590828720284,0.02764003342942161,-0.00038851164838461864,-0.012164356388457552,0.01637186448384742,0.025752477827001786,0.008802998861683349,0.02405582108081594,0.003255778041694188,-0.04407646553371262,-0.036864906065572633,-0.06262827886769395,-0.0604022891425519,-0.038161656166295216,-0.03496292546552067,0.011115535870422714,-0.005413823460312297,-0.011459039530093723,-0.0260468448332075
2021-03-19,-0.004490258129139049,-0.0016049826599281857,0.009640782374109758,0.0004707107964560147,0.011960885821138191,-0.002683506574429426,-0.006732173945607344,0.009702652888956689,0.003101399922605527,-0.0033784794051344887,-0.016049292220457097,-0.010584869985906768,-0.010979342835092849,-0.029340717055937045,-0.01130439531799845,-0.005648849955374016,-0.007132700957866065,-0.014719954775232077,0.016981150247316702,-0.007366305856852832,0.015392830040768038,0.02076050667286269,-0.0020658430579364477,-0.04048141371985559,-0.01196519802336384
2021-03-22,0.027941661146047705,0.024189447373318074,0.026161713578404324,0.02890690255938778,0.015562631969055283,0.002870406039320971,0.013141820540400818,0.0034953042856008636,0.0,0.023696817140423074,-0.027246700148279603,-0.022838564433694617,-0.014250095387847878,-0.016794358897971377,-0.014485759891024658,-0.010320355175835317,-0.008158460403601839,-0.006867575155342038,-0.026753094989744153,0.02193879387651605,0.011610547696605156,-0.0005536245786533137,0.011754297233655583,0.005657173138997718,0.01150040878188201
2021-03-23,-0.006912498762902927,0.006714893233594269,-0.008797780219281135,-0.03330813908114306,-0.02420090122755976,-0.0009349564167302675,-0.017938009037293753,0.004460476424202738,-0.01612757480680826,-0.010060164118903496,-0.010052512543557435,-0.020387004046049154,-0.022530953122491346,-0.018910022564450724,-0.014699069908672974,-0.012417913198591878,-0.005574095332993816,-0.010197522877052194,0.020598404395187484,-0.03608665917585941,0.008523856571831514,0.003593093173109794,-0.0031152651841102994,-0.008352028110720264,-0.012347003891683722
2021-03-24,-0.02019619504938978,-0.00896338352034419,-0.03327322751341583,-0.02294545562270335,-0.024539445093506425,0.009681471142413533,0.007045538134636135,0.005682454053707131,-0.0003934526873590158,-0.01712383160067016,0.007731204043454571,0.0,-0.009448583607707537,-0.003143012573914671,-0.011774124698521455,0.020079506703025257,0.02642049784114865,0.02859523723938124,0.04065510903980531,0.02773348925658463,-0.016203881085462144,0.009506963642602635,-0.0014273665235811884,-0.02930495065550895,-0.012120092526832698
2021-03-25,0.004155045435888385,-0.01333900169930181,-0.008558950044450436,-0.00032232550658484963,-0.003405401174868497,0.0003706574742068757,0.001683406380213121,0.0013213323367559622,-0.002232207009450853,0.007925025640568689,0.012732250545985334,0.020387004046049106,0.005764498452184485,0.030485525035378616,0.02313246868126492,-0.002844039589899405,0.003527745276878982,0.006742888885276247,0.006869423769148552,-0.0007297485134680273,-0.013307791454017294,0.015018998276146892,0.0006695247440718947,-0.03453389794673427,0.022419820113308973
2021-03-26,0.005127931788186554,0.017661564529932578,0.023962157486608945,0.044928259936252816,0.015492107063346779,0.0181097382178168,0.01612937369324497,0.014420402591081611,0.017203646184039294,0.020014069851706395,0.016513185839006992,0.026724141264817713,-0.009605754734156605,0.011636819722371185,0.017963569695693574,0.026869763995795572,0.022677794940421523,0.02707119626810927,0.024879335874406043,0.03267208657937478,0.0018923206745425616,0.02206440900117277,0.0044947390270496275,0.033256235737357746,0.023476308796747117
2021-03-29,0.0014842191141544916,-0.0052572832812124715,0.008453726543781487,-0.00572006824304147,-0.003494073656759481,0.006707641571268566,0.01015510787132488,0.006829701838583431,0.011689872621311964,0.00705177366092989,-0.015661421040277654,-0.009611685450113466,-0.005083353302677232,-0.033763054100330495,-0.01991772046001693,-0.00538599552245387,-0.005223626831213869,-0.022043763899584477,-0.016698209261422653,-0.021782381194328605,0.007735312514846097,-0.005313285154242178,0.009457376308692225,0.0037526973029215088,-0.007031311475262898
2021-03-30,-0.01235052595779268,-0.014515555352079643,-0.005925553229724302,-0.011382363515334842,-0.014888604581492923,-0.0062226861762218165,-0.014024546708262534,-0.014615923998670005,-0.017261763125639224,0.000562062310529073,0.011720636990639294,0.01759427672296745,0.01909629898280021,0.024413449685778254,0.0190955581780914,-0.012446749294286333,-0.00930279835450309,-0.007644167393059923,-0.005173701419251107,-0.017480658220697023,-0.006667777807782873,0.00863205572478036,-0.01047920762624668,-0.004053455486295327,0.01039236810004243
2021-03-31,0.018591737248046362,0.016766078520347075,0.036350422316124384,0.003600199704314749,0.032365284502031716,-0.004007371780917943,0.0033176163189942757,-0.003996742008341521,0.0016878369094505,0.013301853776573155,-0.014671929701280438,-0.007724385715412615,-0.015205195692355254,-0.008156967755703499,-0.002882215507277984,-0.015286477275983874,-0.010819994732942225,-0.008646719418979723,-0.01001457371966477,-0.0011026758175066921,0.012616087083554913,0.0014096372600833223,-0.003740496028486352,-0.00045133791433365486,-0.009110101292586121
2021-04-01,0.006934620518152428,0.027526215808500256,0.03413430812976153,0.008557241552596804,0.03246097900705424,-0.00929194500906902,0.0019303178480229353,-0.013529454481883548,0.0,0.002768304015251218,0.009674837488274706,0.02046683193877615,0.0019554857905702888,0.014231621448842581,0.005346490831541034,0.02755871262497184,0.009119530237460188,0.019628859078064338,0.0380108566355135,0.03292023881361661,0.021397878158709596,0.00815697685587606,0.004762327346040792,-0.0027128105161143452,0.0010062928588170914
2021-04-05,0.023303691244027824,0.02735102599162251,0.012644262409281092,0.030362874174906913,0.00418415543132996,0.003678140155657223,-0.0005511971169118971,0.008436683383091649,-0.0011680120091955351,-0.022175414835876497,0.005286901332726606,0.007819168171659938,-0.012592654361279283,-0.003792223385068732,-0.005346490831540903,-0.015629404516826328,-0.011795026138007448,-0.03408064425271154,-0.04826601850083065,-0.019766857166335805,0.020580800847156144,0.02455378451391519,0.016033572975114048,0.019354503873353846,0.014882021478341435
2021-04-06,0.00245920143041345,-0.004869866193893106,-0.009048763631887793,-0.014837465603676728,0.00012282355343984345,-0.00024452362371649107,-0.006359613911010151,-0.015819429488231965,-0.015839198972245897,-0.007186304776363493,-0.007055090967880975,-0.0027676556116115474,0.01082089463041011,0.009327957654795287,-0.0020639395546707268,-0.0028358104213176247,-0.008938657146459658,0.007061924012685165,0.007079054737780762,-0.004000710638020484,-0.0009022971624071701,-0.005149627921199197,0.013282455264671585,0.014984448640534064,0.01900449596169255
2021-04-07,0.013301435492685837,0.008196650674755732,0.02014014214171916,0.010469643838351719,0.009288682155939337,0.001345321996292788,-0.003891219654302682,0.0034793390741502486,0.004344526243211017,-0.0016143724287449436,0.015546386419294133,0.00902944939741998,-0.0015605354981276438,0.0035072899090267456,0.0012389123635173466,0.004427350326068835,0.005871911779079811,-0.003811198681321984,0.013736515020016524,-0.003285474826597923,0.01709045911872312,-0.004183753320102622,0.003013838193413075,-0.004530220205245376,0.0003531965667840473
2021-04-08,0.019051185515357314,0.013316300526409485,0.012192314328648587,0.012003294470770606,0.013893325953791202,-0.003919455431507346,0.0013913336974285238,-0.0020531469521091134,-0.008310553019594208,0.008423855517313537,0.0012256263966124456,-0.008777596620692309,0.013958021290152445,0.0009996439708259259,-0.004964885585983758,-0.010480622389308318,-0.011293026806006594,-0.022004233481690928,-0.015258995612944849,-0.010659741820781901,0.006052887214350471,0.006253126960858298,-0.010197516829583218,-0.0211688727634138,-0.0013261717474028192
2021-04-09,0.020049228043261702,0.010214328589131155,0.0057804972436944,0.017885260741086626,-0.007103712200220717,-0.010610099468599823,0.017641130885302378,0.030790467440202238,0.010803585999619331,0.013480465334372645,0.007450236712124593,0.007278213243748763,-0.0009969933509298757,0.011672839694923033,0.0012436597854411913,-0.002324182623798374,-0.0009709216547610799,-0.0001951279442846452,-0.005835126069214248,-0.011148542492268211,0.021855051421528913,0.015150420496014071,0.005327790293131109,0.013153578002692765,0.0012378653981037879
2021-04-12,-0.01332148900471216,0.0002343518056388352,0.05465907012378601,-0.04264876943942395,-0.05182764125759277,0.0024157908353169234,0.01005841601404824,-5.3102838164757015e-05,-0.0011802648857883403,0.006580496405243066,-0.0021139566612246572,0.001749080102106006,0.003108615230119715,0.006644365334880869,0.0037212258005427526,-0.006644125397026152,-0.011138570820714216,-0.007248515061503433,-0.02354378163748653,-0.00825532225694547,0.002129852126864464,0.004875117874459693,-0.00224880842433597,0.008747172622215717,0.005550908312280719
2021-04-13,0.02401581073256333,0.01003136726991644,0.03046679120613292,-0.0029087614223485252,0.020281611832103735,-0.013453306156461012,0.005126235202081659,-0.004741654894810598,0.0027513386358845662,-0.0002770292311954388,-0.011998467950246056,-0.01864498278385012,-0.012615204442588918,-0.024330759894594902,-0.00870491978042907,0.00377645729296397,0.004509236528741222,-0.0013774528349958846,0.004270473400784404,-0.01901899242413837,0.006080225513606812,-0.0012167684041729586,0.0015574854308511858,-0.022948577708712576,0.013527178511747928
2021-04-14,-0.01801453898631433,-0.011282438632887613,-0.02600558829252571,-0.015918994015963247,-0.020663445711428332,0.002755218690297259,0.0002689782252882729,0.003012992336242016,-0.00039220024746893694,-0.00958547553999895,-0.018867321088349553,0.014141738593622485,0.023137010028049517,0.05381592530415948,0.011726739109316158,0.02848990164345852,0.019660828730616097,0.036726365216800436,0.0514925990460879,0.04761921864701734,-0.019902668921269934,-0.0011864617261543797,-0.004375978842603799,-0.009631076369259675,-0.0017351490212195349
2021-04-15,0.018535211011001196,0.015181914452329807,0.05478167181594441,0.012847394534756069,0.055225704648780724,0.0029350046536778755,0.011501731855345823,0.03756776907957118,0.003397265464429254,0.009305011776092888,0.00632874242051956,-0.029002327596526226,0.009497038509366928,0.005936429742110674,-0.0050874014911798686,-0.005949390080827014,-0.008185377219525374,-0.015106948103512267,-0.011970306902015473,-0.024088876920530806,0.013733669660684043,0.008463146417684418,0.004202740781886683,0.010604033488795711,0.01294129650003218
2021-04-16,-0.002531104690410014,0.0047670848980648425,-0.014025243723540706,-0.004161131468593203,-0.010414245143980906,0.01146814226052245,0.025471133400586824,0.0025607571973435945,0.01051069069061793,0.00949720178277147,0.0073985269341925765,0.010527680848822763,0.011045153746530615,0.037178833567382503,-0.0012415384141513885,-0.0056316239352646,-0.004457580675845689,-0.015730049297302224,-0.03237333983708673,-0.01397571179946237,0.006004280530908502,0.01641067969473924,0.007752951661983537,0.00477642952602724,0.014298039037245637
2021-04-19,0.005055586694054508,-0.007700083288670847,-0.035224166723877924,-0.01744850708524635,-0.012740597450340225,0.0027698676633223984,0.009290492845196004,-0.002996901705624023,0.0024495214569509806,0.006465839857836109,-0.004249169205983124,0.0005105871037544036,0.0022761148759118,0.0009117981408084593,-0.004426912456120194,-0.0031818378683098644,0.0029093586327621516,-0.003922119977042897,0.011001496935158447,0.009087816953487721,-0.008101740463144907,-0.0037559103367696277,-0.005463887838595668,-0.013039521665004999,-0.00627282882698824
2021-04-20,-0.01291280819940477,-0.001856551062377238,-0.012478492583947044,-0.014723564442481752,-0.022946561106271423,0.023028515014932936,0.0025653573560798512,0.01701530618754554,0.011649407996113173,0.003859767534820529,-0.02239063844673601,-0.028221776272610494,-0.03321941135510609,-0.031013708304113524,-0.03297922062536297,-0.021294697854275593,-0.018867654154776467,-0.0450147493151217,-0.03890085428588216,-0.04945020594901318,-0.011129268476364956,-0.00888166753823552,0.005163358080201899,-0.04205799983992835,-0.011374079884856354
2021-04-21,0.0029255779470359947,0.008942912312719674,0.012397144779622383,0.015822962354908255,0.029092106459066295,0.0006605076505024676,0.012729113639716579,0.005733454607233787,0.008365238220623742,0.016103605774316094,0.008471910755404486,0.016667141292501075,0.010162801063810524,0.01632104975898744,0.012247418793873716,0.0127594988230794,0.013721665886928374,0.02817061655508187,0.005671527441032988,0.018831566054580466,0.008162267510845943,0.006123954139709899,-0.003223991609034415,0.021711967292236806,0.004034408847481166
2021-04-22,-0.011753900345327315,-0.013172494234252466,-0.03378258948299422,-0.01789854492053475,-0.03174478397191768,-0.0084998579919061,-0.022771776855116724,-0.005708300690415252,-0.016159165298750132,-0.0067919463779999275,-0.021282524529887388,-0.00934116725149458,-0.013271144530651629,-0.012567236952817425,-0.011960753096859603,-0.013121128279018882,-0.017478598195437088,-0.011658212469884556,-0.008884975606950932,-0.01883156605458032,-0.015883879438343667,-0.013870659961680167,0.003009303634360892,-0.005558213495106566,-0.0070490632509694765
2021-04-23,0.0178774294906963,0.015357603388953468,0.02756217433670154,-0.05468896926127959,0.0457378517015806,0.0020561911844987615,0.0005172872951933246,0.009462479409299378,-0.0010265675293736388,0.012012887600636839,0.01895462082426089,0.021151327864831884,0.02536677037490403,0.02680395371102468,0.022240324153701606,0.0054130860807453714,0.0059259005134442684,0.005242643635561327,0.010333914599297339,0.018053867554013756,0.009576191314045886,0.007530701290677573,0.006930044496020183,0.0077882776282797985,0.0140486392367609
2021-04-26,0.002973455513510402,0.0015303153804303049,0.013840553376855661,-0.008135696507942304,0.031518354145180415,-0.008494226019447892,0.0005176528207565396,-0.01117867216944134,-0.004504050049096018,8.9562528420076e-05,0.0024606186686973864,0.005853129203639789,0.012213562991686808,0.006363567831462297,0.011422490600586772,0.0019774988264090547,-0.0002955504139000806,0.010603697675826107,0.011087963926577874,0.025347006367486987,0.020184691912166108,-0.012113997242157545,-0.009724086776693572,0.010772109174117911,-0.014048639236760935
2021-04-27,-0.0024523572308519904,0.0016047062179875944,-0.006237876101173686,-0.01353568758472835,-0.0023444457393775025,-0.005743907169781853,-0.005963835000722019,-0.0034413311061156264,-0.0021951455708827576,0.00044909624576594504,0.0045723780100035884,0.01185540480708117,0.009012634480623715,0.02129423605242887,0.010882181539868552,0.013025467013138468,0.011556367385493732,0.02067999849922667,0.026148285690160658,-0.007231097494334549,0.0024698649221989518,0.0018731875733582288,0.011427949931881896,0.003867832044832136,0.001982119981202065
2021-04-28,-0.006045736748029047,-0.028693611822494983,-0.006849572530077667,-0.00605596751178909,-0.014063961308246628,-0.007381082814958247,0.009318908177915124,0.00022786414541680914,-0.0034964171250545626,0.004387164585123323,0.0064583331629391345,0.0037538592891287505,0.004260410385146677,-0.00022158949372258312,-0.0010965890043567784,0.029691330639296697,0.024241268100100827,0.033355947210593824,0.04500956839738262,0.0440860729352611,0.011946146532530181,-0.002748860421377672,-0.01099741907893271,-0.010653540901737845,-0.03281828870466938
2021-04-29,-0.0007487574344166873,-0.008085670468676098,0.0031370343884017126,0.011389369675080195,-0.0013099862619749456,0.013612445194594185,-0.005425645048748651,0.017484748003434327,-0.04524216035118171,-0.009334948453804824,0.01925798426302053,0.026622461222618354,0.013864501795454497,0.025406463939828317,0.012674897090728273,0.014182175934969789,0.015840502400483042,0.0016952938360420002,0.012590161910040884,0.016673173452180175,0.003697092085053035,0.017456216161883784,0.011975712945401843,0.019320872885774443,0.019645424663278416
2021-04-30,-0.015248653822706187,-0.001307652960948222,-0.02078586620670734,-0.012952541560530783,-0.027670475896773156,-0.008993009431022799,0.001294435544404546,-0.00687196507047487,0.011067521523037227,0.00548573996062886,-0.008932236877366913,-0.014208914771190071,-0.012888194677097144,-0.026072478951307144,-0.02891554476102492,-0.02926695508173353,-0.036485630763471576,-0.03817482847765539,-0.030623336562244682,-0.028068107725250438,-0.0011212645540177846,-0.005146056215790617,0.0036918542986760583,-0.0048143403815668,-0.0012218987440062582
2021-05-03,0.008181469951775943,-0.0012696507453300457,-0.011576053051731823,-0.0047042303879817485,-0.03833896007572568,0.015125053341498223,0.0300735577798831,0.01764699107085763,0.019671240273939666,0.028121293897226785,-0.002930011663145216,0.0007397185125786324,0.004895494546479587,0.009499625143745988,0.006575925225835615,0.02722889890435751,0.0235869080050355,0.030807304439370194,0.031150389934163143,0.04234391520446882,-0.02361686640013657,0.020186050326464502,-0.0022050148536221018,0.003086774389244526,0.010685809436343905
2021-05-04,-0.0360266656785375,-0.016291839738738458,-0.033270113857139134,-0.0063067830497455825,0.0007635220171852443,0.015376980069966403,0.0030084109907771834,0.013313319050485878,0.00013153480444654564,-0.0068246019489554876,0.013728897573505964,0.010789747413359864,-0.0009142863847554842,0.005700761031276778,0.008608807448302962,0.006270673373961246,0.005481131062674284,-0.0032287595629634735,-0.012717217060181937,0.006005957749665121,-0.022280927908247625,0.00754083953944152,-0.00724308057780821,-0.011187609869339785,-0.01401044114507424
2021-05-05,0.0019535752966370456,-0.005341258378177828,0.007445427384308213,-0.0008793300137219373,-0.009971941072332376,-0.004181188419939259,0.0005005741389558678,0.0028158977450836475,0.022253583242801852,0.016370734820397914,0.013035613414681596,0.009467396780897135,0.02199489104921345,0.004362919618570045,0.01889938133182545,0.02962935171321615,0.0265045565859957,0.05315591948083937,0.022410294404989956,0.06643006259518708,-0.012557955081461925,-0.0021657018728807854,0.005033120156030529,0.005004316645822066,-0.0055363495477367105
2021-05-06,0.012721225289533854,0.013139835385663006,0.004451049056785596,0.012103203229926906,0.0007705825981542196,0.004002074392852483,-0.00990238079269661,0.005970012980476452,0.0010290045831213292,0.002587810133662247,0.019924399829214925,0.014868282364361109,0.02308043232426303,0.017087085350363577,0.014411928405629984,0.009467742865282416,0.0005503242991981385,0.004678796836923948,0.003513828999724096,0.0127723716453929,0.010895826077640012,0.016516916050415918,-0.0007663691725575347,0.009635260902131675,0.011042216613402853
2021-05-07,0.005313073804739285,0.010872552808332062,0.01972093678458415,0.008358045706155358,0.011742294291389961,0.0045203965324240505,0.009902503301593143,0.006437430484929707,0.00806739623693135,-0.0028468087881262983,0.0034170684501781245,0.004038420932023162,0.013354066040680965,-0.0019318593019111404,0.004003896523162749,0.014196309623020773,0.009130922921228241,0.02482385342994041,0.07649899283455854,0.03705321321492316,-0.004474051509126132,0.004934738003058904,-8.501854581335838e-05,0.03184939100913634,-0.0034923388093529837
2021-05-10,-0.026143179759916407,-0.02113590902672485,-0.0375929098133729,-0.02992127268355372,-0.03643813681747763,0.010449947907335173,0.007049248843444017,0.00772804173801892,-0.0030656872723884847,0.004052255295100229,-0.0001242459803540795,-0.0030866696846458307,-0.005976355140022835,0.001288381994910185,0.0006655900309849398,0.0023998600045000338,-0.004098545251799766,-0.0017527892716767033,0.017298522932625862,-0.008186490471710217,-0.031202294199865952,0.005497215393949948,0.009619828704646612,-0.010284250931049848,-0.0003499430564210307
2021-05-11,-0.007437885059235757,-0.0038508598760369187,0.0028349075918151618,-0.01675576374234523,0.010993488142393083,-0.008197077222598497,-0.01287759360518119,-0.022076634790814873,-0.009124276916560621,-0.011509957474964607,-0.016762971667394762,-0.011480825158428713,-0.024047281667162714,-0.019064839318524616,-0.0034665912197395406,-0.03231587378514256,-0.026542489098623112,-0.02271215625939514,-0.02891811892607003,-0.011766808990925463,0.010420336143649124,-0.031143788564581013,-0.013801561142306093,0.005264775483877274,-0.006583285732913431
2021-05-12,-0.02525465262499918,-0.02980246767508153,-0.039039653971867525,-0.026138038500238107,-0.028918664350275007,-0.00403444558074292,0.008603298886058973,-0.015494923396495414,0.006946942989459995,0.0006091477489322016,-0.006898847875538616,-0.009425897171688076,-0.015455602362966994,-0.001751437445576752,-0.008585016591607356,0.005343834450457139,0.006259659033795992,-0.0005384920625174302,-0.009541156493011667,0.026516873061236436,-0.022576744303825176,-0.04218890420923934,-0.025640263307951567,-0.027579193504182104,-0.02970292007375613
2021-05-13,0.017760968034163962,0.016721382066530486,-0.00680077859990743,0.007247098378957946,-0.020985039973627197,0.010409039404562448,0.010277346039378108,0.007838834290693288,0.008807401839292163,0.014164945172215523,0.025397394311258013,0.01589996926066617,0.012366902781744111,0.016515076144051205,0.014179195270545019,-0.012401514181971648,-0.006447319260492648,-0.01863093768014751,-0.022120806835012823,-0.010648408061686838,0.0030189822880309276,0.026214677128821157,0.007996464940651203,0.0016476340701954096,0.006355588713732759
2021-05-14,0.019650584274101875,0.02084839475707645,0.04140939794967468,0.02450737229112181,0.02031489248236191,0.0015289455033444135,-0.0019972378423440936,0.0030302545029714063,-0.005096109238582044,-0.001459081090061377,0.01542201824121339,0.012351839600815774,0.0273800337075296,0.011996645287142043,0.016727201563908556,0.024486722811884618,0.02581703761690557,0.04117632623277313,0.03724653414655621,0.032525635661109054,0.019244482527551766,-0.005515532161840773,0.008450901855168056,0.017215203022322136,0.006405287290715976
2021-05-17,-0.009301790572142327,-0.012040799044141424,-0.0054560375296825205,-0.00036126400611058234,0.0008041435550885848,0.0009981312437398067,0.0022464234413831627,-0.0028590486846803583,0.019980201352638453,0.0039431386313613336,0.004016315059044441,0.008930743051874536,0.0013009187905433147,0.019819283628917727,0.011170387891008146,0.02309806167418867,0.012166660997802465,0.03100712801402991,0.02981748853119689,0.03709694319868042,0.01462764646007257,-0.011248601158710313,-0.00017257008507576258,0.00352489210750051,-0.001980203300769811
2021-05-18,-0.011309444982791525,-0.008601899604917009,-0.010627700736298736,-0.00889548046809828,-0.002817079854623155,0.0003519044143094609,-0.0014970749531106609,0.004273320463953198,-0.006153524915672322,0.0027339762606277767,-0.014189139627514493,-0.01366340460538706,-0.012783022045890918,-0.02195090264911459,-0.010386859463578858,-0.02870843741104846,-0.030514938230667595,-0.017475912607811835,-0.025348173087950166,-0.029203846506517635,-0.011721487581113643,-0.010239540727275686,0.0010784617274004068,-0.006250838383433382,0.0008104629928213442
2021-05-19,-0.0012822428939697603,0.0024709318221329776,0.0035609997442125514,0.009437478144961889,0.02376166546607382,-0.0021732062992793773,-0.005508448778202071,-0.0021465156694858694,-0.00025232174457534887,-0.011670959245787486,-0.007666946611845956,-0.00451652628028877,-0.017096908767770844,-0.014834275581709768,-0.0020902632764981726,-0.024287355360273783,-0.028466817985463997,-0.03030252754881855,-0.02972482169880155,-0.03289056131594533,-0.00014852585753418506,-0.0072878009994418935,-0.0077043407491662885,-0.01936585485874436,-0.01268473925838723
2021-05-20,0.02079423622347962,0.013725651225077124,0.03813452599286551,0.01060118750977325,0.023722600439356055,0.005804202078447167,0.007254828542364615,-0.002102314343321449,0.003773340880821953,0.010817281364792302,-0.0017396720394376852,-0.002385982318529995,0.0038988477780629643,-0.00957562845297825,-0.0034067795068563906,-0.0023765639192615557,0.0034820415020653584,-0.0034247541785791583,-0.00024878156870275525,-0.00721335477358293,0.004901676923524499,0.004600545479987122,0.00878164064974252,0.00232900234969728,0.0157411861767741
2021-05-21,-0.014877215147867112,-0.005329104975923765,0.02562281006888581,0.0023208130833017363,-0.01146697373448092,-0.0006435128645933562,-0.004246354397237043,0.007290302255048208,-0.006043915007513806,-0.008489285710157519,0.01131396619108638,0.012579162839613413,0.01785038789091771,0.0032747516344033088,0.018850686627567427,0.0013588384542019712,0.005393227108485308,0.004683289595523446,-0.005604072992872498,0.005649544426993368,-0.013828021471269424,-0.0004117386516813984,-0.004056592086079088,-0.0045879339209495065,-0.004407891091542754
2021-05-24,0.01322645200755559,0.022624445353639045,0.04053978965658335,0.015569895131327156,0.0034927177527787753,0.003818737275852939,-0.0035104123775673048,-0.0016531454749336163,-0.0018963873422674225,-0.0018101153309104576,0.005395665422610839,0.005409822976027721,0.0055273498454029785,0.007816110135746101,0.004881545916217388,0.011642573471854285,0.014114188291984561,0.0080539283300753,0.000873831692763531,-0.007855342411742126,0.0129993563234214,-0.00294935764522009,0.0028930521387114847,0.010498009142645523,0.014321743588237684
2021-05-25,-0.0015749217734170086,0.0037412312851454583,0.0022873272322834304,-0.0015813602192141204,0.005408875526655007,-0.0027596220115842854,-0.01213049268742695,0.0050968039387756,-0.019549279304902953,-0.01171554633531007,-0.010387794606469776,-0.014650653442052164,-0.01031674645697021,-0.0032493997716896536,-0.009658172520172852,-0.022907546457434577,-0.016518271176513638,-0.02198702761296754,-0.018385993621192455,-0.014617424219285472,0.004323491452926749,0.00604835181635625,0.000991385431711717,0.0019374315473371247,0.0009771544567105442
2021-05-26,-0.0003940874848782099,-0.0009141244840159823,0.003333493083874065,0.0008789154006052005,0.006145931469930392,-0.005956390507601535,-0.010479551088015739,0.0003874228462150995,-0.0034900899704462685,0.0012214309230459486,-0.00012302879798730795,0.0007138727292366146,0.007897137774185548,0.006703415769283064,0.0031006174514197115,0.011604278398747699,0.0024040828845290794,0.009791693149944554,0.011624849685593767,0.009874266323610995,0.0018730010825371592,0.0018294118958235301,0.0009041061185324728,0.018952995619514454,0.001951373548912548
2021-05-27,-0.012454040915575063,-0.008706101161293694,-0.01359522960003753,0.014130172319011997,0.001020692023522268,-0.001538801914472115,-0.006961520869094517,-0.0012349808088127682,-0.0171078796414033,-0.020968106659464227,0.015451491017386496,0.012058205084071282,0.010747547552984047,0.007728762242543905,0.015869238100907557,-0.006468127763043391,-0.010718020255910964,0.001982631763198606,0.009129183021325246,-0.0066782420218646655,-0.010792589148289969,0.004527731572787593,0.010744504349827854,-0.002414029335460009,0.005831452085280246
2021-05-28,-0.005362381078721922,0.0014828411057960572,0.04768901364548347,-0.010622726181954268,0.020947184357430877,0.002602701208464536,0.0020679595107578256,-0.0018917776880127601,-0.00039495862679213035,0.0078042053409140165,-0.0006693927386895123,-0.0037673652130540036,0.005120594729278045,-0.0008559498991453093,-0.0006349037294140734,-0.0032497815816641025,0.007543365662041738,0.0037746602263636583,0.00012457117906928427,-0.00031933994394820007,-0.002181807353604432,0.00043879077668661795,0.0013693455002124894,0.001283648899572567,0.0032542602767349025
2021-06-01,-0.0026517422299613957,-0.009173609083927453,0.0012301466616122295,-0.004034585434832243,0.009074532161387903,-0.02222392509729081,-0.005956200056423535,-0.01270430868598498,-0.009400066211763373,-0.008784129919072561,0.010960247498649954,0.012425405266757915,0.027624153897128207,0.011492105227408365,0.013252223551392675,0.03517984865029934,0.02718286881303409,0.04438937704782466,0.0515483373649868,0.05380582244648563,-0.0013723560569097765,-0.008185864546583684,-0.002782843819184369,-0.014393117566121978,-0.004753043439644853
2021-06-02,0.006256556058887915,-0.0004041513407735253,0.0310988454656025,0.010317471829431213,0.014252651523339899,0.004039140195379961,0.007504383717828598,-0.0021412756958696117,0.009136139269648366,-0.007244711859771602,5.984870998614342e-05,0.0004660496935461304,0.0026114218941697383,-0.009567498562554037,0.0012529297181809078,0.007907864244958459,0.013319401978768483,0.012280652353456063,0.00800683354602183,0.07402104858510176,0.004754641593085972,-0.004555029988132755,0.002312301866435766,-0.0025308129053917827,-0.0030042468310888587
2021-06-03,-0.012228682637166635,-0.006450250889368338,0.011348521169107556,-0.02180882882139766,-0.02083283283444329,-0.0009631109920903901,0.004629412718469741,0.005185544796936543,0.02071066399604079,0.0072447118597715335,0.0006623714734750141,0.011394082489040027,0.013676172724861081,-0.007505336184227113,-0.0028844515922803924,0.00393060471357603,-0.004544079517512358,0.008104082714748967,0.017898578877279876,0.02945514383198053,-0.014633490299348802,-0.005763270438156971,-0.005705309484184445,0.0,-0.016777122547024955
2021-06-04,0.018843649379204037,0.02046389328457382,0.0352305324715691,0.01989314779223977,0.016063647611741335,-0.00042182389068048476,0.004607894194726842,-0.005703097769578758,0.0027021322950597036,0.001336030289529371,0.0016235849451219266,0.0004625387570211369,0.006998506308069914,0.010704562463116426,-0.0017596822928799309,0.004403383940861186,0.007961426921068118,0.006369511822456857,0.007460110184867508,-0.0027422266526216793,0.0060095641643640885,-0.0013492838393694556,0.003992928639706194,-0.0032101362612615356,0.007798821464316952
2021-06-07,7.95676662394747e-05,0.01197012474738471,0.002315194376365626,-0.0048924254872621765,-0.0028233414262249855,-0.0068316517508401845,-0.004095015077597926,-0.013376889858089295,-0.01783436863086167,0.005768139360798122,-0.004697439544182933,-0.00347302338922565,-0.008440241513518076,0.0031892963114774327,-0.0022671707685349633,-0.006530428498093272,-0.006475592246006879,-0.000668595474849175,-0.0049286260644230305,-0.01633255210170251,-0.0025639767739557943,-0.003381915522442914,-0.007267821765053016,0.0015689514142780009,-0.005910834507247352
2021-06-08,0.0066496452881353975,-0.004897622673476361,-0.009236919914983484,-0.0015776831956005144,-0.005670615423674207,-0.008835135048349622,-0.003597125396580086,0.0037159529690058792,-0.005509725951068641,-0.005946299244897859,-0.003991846521046287,-0.0055815486547299365,-0.008953554749473956,-0.010670386114511796,-0.0029040283821047397,0.017535606632277538,0.009054457649380041,0.010974356099409562,0.004127903517552448,0.001952033186148523,0.02045844509486988,0.0030280072985795227,0.00409194337683927,-0.0044892828694345875,0.0017053710533657417
2021-06-09,0.003072234618330596,0.004030444160629114,-0.005443902968317021,0.0,-0.011563701302027277,0.013374785072158045,0.024410255033355976,-0.0015944843227183206,0.02239904895016975,0.014668597478419912,-0.012563483402285518,-0.013145383552729366,-0.005003541170453928,-0.01491406736885192,-0.011957883487223018,0.008334789026922331,-0.008776001613510385,-0.013150326920114405,-0.01824510239158317,-0.003907765836965663,0.005206770515708458,-0.011516711734363699,-0.00504175056868434,-0.011388184583663101,-0.001166611195997807
2021-06-10,-0.008055520100411868,0.01429059973148356,0.003838362358468646,0.00664447927268205,0.01981241759000372,0.008958052705583038,0.021618310390879344,0.0009720177813056495,0.027968472575401554,0.019458484251282222,-0.01571145024067968,-0.014998365762882642,-0.02336521259139091,-0.018240461540080927,-0.016126251116139884,0.001594809853644091,0.005828281212235264,0.008176922019350732,0.004186355250488032,-0.023197424073657612,0.020661910893956897,0.003151033261703238,0.013388830618690284,-0.006544506177481234,0.0073345129603136225
2021-06-11,0.009784678875603444,0.0025237539154614633,0.02270963821498795,0.008157561974287431,-0.003069935578544554,-0.012769866554747803,-0.013113820728959896,-0.0090072825626762,0.0017057858761402775,-0.0070793265591113765,-0.000685990800633169,0.004069033494433328,0.010930987606441966,0.013000093104882331,-0.005346528797304594,-0.009286073626699672,-0.004622590921314668,-0.003329398171601831,-0.008507545265149996,-0.0014318743219582468,-0.0008421810689315857,0.007947291859564123,0.00992545960844405,0.007302806994793821,0.0031144208941632865
2021-06-14,0.024280419541384855,0.007725399367576093,0.01079712025529279,0.005860123007047506,0.0029473862951033903,0.0024823881850854664,-0.013036427345123374,0.0031871911398639605,-0.00225069882819731,-0.0001733563841596804,-0.017114625120430226,-0.012016070013033538,-0.013662273808491533,-0.011670496328067683,-0.017409905474231723,-0.0016097736950579965,0.0005557510768673632,0.0056534439224004565,-0.006811547422323673,-0.024370324248568925,0.011006334685231454,-0.004676723466993783,0.00021093605967695655,-0.0044056202708535825,-0.0009777623871066036
2021-06-15,-0.006458128032179927,-0.00590460798216363,-0.012860657315077998,-0.0034426959525467433,-0.013331907161236407,-0.005335765671953774,-0.0010096271661223346,0.002801695791573172,0.0033079564731559544,0.0037192842586999497,-0.015284356702020956,0.0007249507829418284,-0.004353821857403217,0.006842785006117746,-0.017989552705719336,0.03576356200456669,0.02135043228586514,0.014158970093240358,0.008682588425464642,0.00410317802171393,-0.00021872359760794925,-0.009321623751243112,-0.002662058546609449,-0.008179213269981589,-0.0049924027856660825
2021-06-16,0.003926132537702495,-0.003800289682760957,0.0012219314834092004,-0.013367335194223947,-0.0044837614817647194,-0.00036483864789197665,-0.00735206114432146,-0.007598477550119015,0.011949541394165911,-0.0025934028662841996,0.006999745787368148,0.005541698189099437,-0.0008080908580424789,0.0024166281790052,-0.03249213148610068,-0.0035818310662172645,-0.005728041887554656,-0.0006540890082854438,-0.010451701344122526,-0.004396920741091621,0.009449397061352359,-0.012047873107658397,-0.003262983661781029,0.000844106346513227,-0.004747920979486439
2021-06-17,0.01252218388740938,0.013583368486447391,0.046460880367547676,-0.0006991789778473141,0.054060614844156946,0.004793221000779605,0.004569474521694492,0.00025164061317698664,0.008060347437236926,-0.005467985022901144,-0.029285019380048842,-0.04471443986308842,-0.025939906061723084,-0.06294495940777069,-0.03706212859465378,-0.033471344830165194,-0.023993169198991318,-0.03529599154984282,-0.039490070547836834,-0.0472197772265963,0.02143330072900694,0.0011219381853007906,-0.007242373284643977,-0.011414615138044792,0.0002691522977822808
2021-06-18,-0.010143144253237823,-0.005650249854857766,-0.000992354645621536,-0.02676289040494348,0.0010638139147835012,-0.01980528230183609,-0.017116136602350285,-0.016631693991729025,-0.008060347437237,-0.015613004840109556,-0.025628718001060934,-0.025962171157164537,-0.03567748996975438,-0.02460509169029534,-0.018319543572736078,-0.025983968965050543,-0.03846262292498403,-0.025400287449000594,-0.02637974465697622,-0.03701797935384803,-0.000670883305820527,-0.0016838331119095567,-0.018382582132172073,-0.0039637254252884585,-0.015288313672843966
2021-06-21,0.014005409356082422,0.012259771648223908,-0.011412150865143593,0.003586135087217839,-0.02463656312309244,0.011417622278422362,0.015595338262074305,0.022097986208055403,0.0018257917570067947,0.014132400269544657,0.01682601180511934,0.024705208008775882,0.02466247147107076,0.035991153052590305,0.012347541444604569,0.035616468489775205,0.02889051040544776,0.04951005499712537,0.06916990746791601,0.056838625156369005,-0.009491708765252797,0.016355386417620434,0.014183621389110323,0.012921425892953937,0.011510808089033419
2021-06-22,0.01261840207327164,0.01090576484582846,0.024630098507364882,0.0,0.011915715445786316,-0.0013438484011486413,0.004808417776433279,0.001556135301789404,-0.007323021329270806,-0.00026152975318759973,-0.0014631350633265991,0.005519351897466611,-2.781821277759672e-05,0.005989547366454722,0.007423182627048682,0.018990891746599726,0.0032951129747949555,0.005608902264209612,-0.00047098894586705746,-0.003023841731133421,0.014794678093753032,0.016475666706971197,0.004198960743061712,0.018281914658307852,0.007898789282819616
2021-06-23,-0.0020920212699991106,-0.000904244919117229,0.008987008719740707,-0.010978246487141765,0.002867359928500396,-0.006068693025102247,-0.01423910203229732,-0.007881463190868609,-0.00803855918673336,-0.006121563353773266,0.006039570321940688,0.0057380136077218365,0.009797046124414281,0.009599967329466608,0.009956045919614829,0.007340991896300089,-0.0012226369758783296,-0.0004937798252655429,0.008789867383228912,-0.004248811668302754,-0.00046229652298874693,-0.00333081054309501,-0.0027401028588363747,0.004668978241220761,-0.0025962827009816713
2021-06-24,-0.0021715484276197553,0.005339064609580455,0.007749084335152249,0.014551715840871716,0.026837754855435637,0.004539523560928504,0.0035791069675138645,0.00833286622376452,0.010267073954700966,0.00647028122950712,0.009155907754573228,0.01555008211080284,0.021102389712151327,0.027374579685819776,0.023694028275998032,0.0040376515687324975,0.008153399877418486,0.01031505256195056,0.004540510124853756,0.011490996514025114,-0.015746270765313524,0.0005451254270060329,0.0003858765726030127,0.003749934751807781,0.0038470736518520674
2021-06-25,-0.002250997644403383,-0.006282021308322579,-0.009127451776971631,-0.002857753178169971,-0.005590460915970975,0.005128965140998382,-0.005372760424886258,0.015128156330585535,0.010940360010178238,-0.015457845874278762,0.010047070831193484,0.019163955395485998,5.431488516569492e-05,0.026213701590332063,0.0032195570248444863,0.002167781792213281,0.0014922436498746765,-0.0013038399615019202,0.017958198692400847,0.002702108107164685,-0.013902758645549816,0.005723666895997635,-0.003907833826262078,0.14437200303488246,0.009332148601198286
2021-06-28,0.012467949942067378,0.013864868065947954,0.04891279998945573,0.02769387472478697,0.01690832459807357,-0.0011577862944942452,0.003585087077396373,-0.008655775778805934,-0.004413810478713022,0.00017698782808937182,0.001816168662866663,-0.0014429221491465633,-0.0001628604890520643,-0.01280262441745785,-0.0005591349734642331,-0.025849453635573102,-0.03133374522608605,-0.028455162179288312,-0.05487262989396102,-0.04069697689422988,0.012396928694551673,0.0020704890155248505,-0.005738789001025712,-0.01297647099574191,-0.0071023686862234335
2021-06-29,0.011434332885321554,0.009923870055828985,0.002086792487476419,-0.012781478827823798,0.027634769110794186,6.079025092339944e-05,-0.0005114222074654581,-0.008404359551797115,0.0045437386841016905,-0.006214107884746544,-0.0012320162983345889,-0.016252646746112067,0.01054881828042432,-0.02208096548584922,-0.025923807944981968,-0.006208890852246508,-0.002214479149973398,-0.009103360368753746,-0.007986040129005232,-0.004381861445766414,0.0012332733462509843,0.01252150506936819,-0.0031205363276588915,0.0232892677589391,0.00026727015210890686
2021-06-30,0.004610459270374887,-0.0018440301168899695,-0.0012118124093759234,-0.010807087691338244,0.04808780075098334,0.004319197678263159,0.0015330492525819702,0.005860637674173288,0.007226513490797093,0.003023034172033098,0.009041775353064331,0.00828065101421825,0.01837466730585093,0.011101569333780889,0.015239004382485181,0.007319199128830967,0.00940056336209705,0.03084881429863415,0.013634842555341007,0.004069559277589148,-0.0023169853895690052,0.0020402036683578374,0.0026874957124628247,-0.00940598172695,-0.004105682535481066
2021-07-01,0.002261052819472969,0.002580784553065861,0.010419479513070005,-0.002318404506147147,-0.0066225701739291145,0.007378031707800217,0.01016282756347923,0.011051420701302087,0.0028251215595112705,0.014279592027191102,0.009852086909356064,0.0074906274764581626,-0.012034465559763103,0.0026457080957038976,0.0036682831419946695,0.0028495025013666555,0.013937198758148169,0.03199490951618187,0.03010330985526288,0.032577825829787944,-0.002092189192267082,0.00827607480448894,0.005526173151653245,0.022465400522552834,0.014208700145120655
2021-07-02,0.019407089048203874,0.022030528080986333,0.013514360936482735,0.013301767625947758,0.014786710885035656,0.018033632861203623,0.004288310249849017,0.010979499368887593,0.0077907830352462685,0.0079328974426828,-0.000960948662756133,-0.00943282545665381,-0.0022155963432631057,-0.007515187481290241,-0.008485421219843584,-0.0014237723361296233,-0.0013189773145343214,-0.0020694789820837846,-0.002561798765538305,-0.008502566381159898,0.02246941064938596,0.003601083043787247,0.005838161821778293,0.010952547876898928,0.013661556197392111
2021-07-06,0.01461102472681203,3.62268221945772e-05,0.010270278121894176,-0.011874495498476252,-0.002431631263862545,-0.005994763066825363,-0.01113682105691386,0.002196106626479782,-0.006253402052290136,0.004850632119935243,-0.016933825651558054,-0.026596183917139124,-0.01155930570526857,-0.03568561279517171,-0.03174418983004046,-0.028908351051022147,-0.019804305655737327,-0.04015827508307626,-0.02419103951833694,-0.05066756612666329,0.04585930904650017,-0.010717414577686766,-0.003773585256906973,0.002313705881315797,0.006588580774268815
2021-07-07,0.017795981913361875,0.00814210578283808,-0.01591195056268795,-0.002320324849159538,-0.04249058458297099,0.008536509005847565,0.0015258880858146507,0.003406662038050127,0.005744473224920872,0.008775013741046913,0.0011722816044926088,-0.008018103233101738,-0.005938301703781505,-0.002071681771200861,-0.0041132939763223395,-0.015766622271224127,-0.010245689219612766,-0.02129354978913163,-0.0319186040007422,-0.015845111058381055,0.0056535525885647525,0.013131349354749794,0.008044740301679615,0.00031217238118873123,0.012110148944022119
2021-07-08,-0.009242224027245142,-0.00900687933844224,-0.02329111824961329,-0.01023798035783669,-0.00887517537649346,-0.0019497772322301947,-0.002544380096441955,-0.004162645960345764,-0.005616851988256548,-0.003432112691795254,-0.01740416817727807,-0.024705208008775938,-0.02403083995116324,-0.025199728656078165,-0.01782301614990267,-0.004479361615383977,-0.0032113261271087953,0.0033835476624994813,-0.014908810921649378,-0.00490112393026222,0.009378115281815287,-0.015388856634970796,-0.00765841659412638,0.002930259912276787,-0.0098660760445559
2021-07-09,0.012970511968405204,0.0018727698205042418,0.007383256557647842,0.010773952361308601,0.012843441226605693,0.003954604872978394,0.00913021662136942,0.005255086798170579,-0.0016650022196205115,0.0019747499113566508,0.03149779621267128,0.03197446976675059,0.03509332634655556,0.03688226285682588,0.025448762722569133,0.01796215333428975,0.014225748640473355,0.015418553723837033,0.033237781071332476,0.021387702059225345,-0.0032399471675578434,0.01108281236233647,0.012123578249079241,0.0023007989596495666,0.012679192174018502
2021-07-12,-0.004212511645088108,-0.002233465524396919,0.022793284824356382,0.013130149253707443,-0.0009906331528159507,-0.0015919797169889204,0.0037796074667072943,0.009491231323268574,-0.0056579045499185725,0.008966473038774082,0.014214751826153763,0.01462758135327632,0.023237465222749658,0.005677183068891901,0.014359202945712718,-0.000980457924900844,0.0020159188271337398,-0.005503225529692547,0.008559941861062816,0.0009613619182774064,-0.00021237069203424127,-0.0010873845086126941,-0.0002970964436004789,0.005080397973824241,0.00839239190872982
2021-07-13,0.007858334140319173,0.013111809174343092,-0.012879844253991062,0.0024646545575557847,-0.006074966750587357,-0.0012395712730948441,-0.0027704286632520164,0.005990910199680472,0.0007734044668138006,0.0023774963323797867,-0.014984996560924977,-0.01913341306583704,-0.011949875125540034,-0.021284587647620857,-0.015528540158661541,-0.004752117502676355,-0.00336194738102719,-0.005701720334307282,-0.006866297934579093,-0.019732133038136503,-0.011138754050319848,-0.014684072828167676,0.0023740878014309767,-0.0014223759953965556,0.009159266282845363
2021-07-14,0.023814466554009036,0.0054300453553565555,-0.02037917122190608,-0.006173248071490507,-0.013496374060545435,0.0067706810130751865,0.007537765609908083,-0.009120639717695203,0.0001284433894941222,0.0064111955107542685,-0.003411035702163214,-0.025407866404749697,-0.004211402772997324,0.039015996428381786,-0.0029295709772859265,-0.02242427752388533,-0.01903915263296213,-0.030566878321282943,-0.03781477977437275,-0.035243265807652795,0.0011740849089997769,0.006821071782303734,0.004056848783042962,-0.0003095110198021954,0.0020890644415847534
2021-07-15,-0.004502039077716022,-0.0052523127642983836,-0.04511459503718226,-0.012641406470294995,-0.024094843404265567,-0.012101935576527651,0.003498313903123914,0.012721803302813122,0.0036013258267906818,-0.0015350636227028716,0.0021896117300244347,-0.0007719465886264661,-0.002808485050428537,0.0011117596278112834,0.004098908190234641,-0.00979090386625192,-0.0065921621650821445,-0.010283195656939137,-0.02664019055776958,-0.02814174870112201,-0.013806009042966262,0.01087321680560848,-0.0010550314453770693,0.0009281442159235682,-0.006952478777637171
2021-07-16,-0.014175973775139182,-0.000996907635795067,-0.043384648229998914,-0.015165626509306767,-0.012035799929632291,-0.001604934515420078,0.006464362803183508,-0.0008332267725435285,0.0015390424249585514,0.002727245895110067,-0.023100090863639372,-0.02371474772785306,-0.02316691215956683,-0.016129464637431694,-0.022904543247611233,-0.028039853048354182,-0.026812003904856996,-0.02807081425628343,-0.03038200052869977,-0.030390817828453053,-0.015981254351190455,-0.0036318047993476525,-0.009032693156884994,-0.011445105013323608,-0.002019084520727194
2021-07-19,-0.027283408860708153,-0.013410667588097985,0.03350295291754854,-0.006021574082481782,0.008001462490604131,-0.007283970304436208,-0.004968599421955098,-0.025678477423779857,-0.012510736291027627,-0.017860848346107145,-0.033060320412130445,-0.026454372163789947,-0.028020650364326202,-0.028170656118786268,-0.027581807789995187,-0.03497311792049039,-0.02734285647844045,-0.03296998097161483,-0.04950750684559255,-0.04476177800276514,-0.006749758546577603,-0.008338578075576584,-0.023664388424991353,-0.012463906313072905,-0.029141162696470158
2021-07-20,0.025642462577576297,0.00830427640653672,-0.008972595126541416,0.01092148865738223,0.006102831674939754,0.00936391216879679,0.022168095493786,0.009513051675397496,-0.011486668732591677,0.0054436400735231585,0.018472148172315808,0.02037041253151245,0.027910835377083845,0.04073816863359328,0.01842177224923542,0.010960557432602002,0.0059224977401631865,0.014237009503506573,0.01635691635693798,0.021897340644719956,0.006626609097477396,0.020118103293933782,0.021617709350923983,0.011775419017416888,0.018046141214825468
2021-07-21,-0.005144911002369008,0.00741916286191564,0.0419815984592638,0.017762954285632127,0.02606087886835969,0.0061551655341091855,-0.0007310872568700531,0.0040359219729808665,0.002884031580756819,0.008067355160593032,0.02082212937665993,0.020224063522260236,0.023678540593678642,0.021183569664261118,0.02384982569497666,0.03165946256556102,0.033514714415169414,0.04575182386465626,0.03693181227152269,0.04275840517422707,0.0033554749445127334,0.003099328619668102,0.007060603773203719,0.00835362646903963,0.015632492381417475
2021-07-22,0.009582841969154125,0.016704026593299837,0.009435145694170642,-0.004813363624175529,0.01993195644865417,0.002886542901604997,0.010910814897082061,0.0027215119388461577,0.0018312765881376358,0.004690304220738754,-0.012706487095415536,-0.013085988588346155,-0.002117512389686934,-0.01695517356854596,-0.014241382235956869,-0.01131723935105251,-0.010068867196829536,-0.006157094241497842,-0.006626631937784611,-0.015955184915846604,0.014628121323517897,0.0009191071859645372,0.011546845406614797,0.016012315633872645,0.02778211915705176
2021-07-23,0.011917509078073332,0.012260971057548635,-0.001838866628205814,-0.05434519199999189,0.010253170519984001,0.010591884060963036,0.005051032967884839,0.0046312352722250065,0.013110864737885227,0.005514683803792225,-0.0019230325074862374,-0.006872378216106384,0.003588928997996199,-0.009819339219265491,-0.0032927554640957146,-0.0012264455134445447,0.00040464340354922723,-0.016132298426193507,-0.01627824993310627,0.015251496460524283,0.005102345801164877,0.018741691825156295,0.01781483036543131,0.01624077948982438,0.026872029909117946
2021-07-26,0.0028903478418833522,-0.0021424870071001293,-0.013590172144868127,0.0244163664903837,-0.003587565177029519,0.00046585802254472556,0.0031141256633425087,-0.010009027972476598,-0.0038762919990798675,-0.0033901045198134576,0.006682258733288059,0.01134113801155623,0.004933821360138666,0.009374965852040848,0.015765100309674943,0.02493181720004375,0.020920852677268637,0.027272219003527318,0.022635069677673293,0.03629216902352297,0.011739458318775495,-0.004999669444193812,0.0041897007479771,-0.007663326228500974,0.0007141227851956496
2021-07-27,-0.015012535166415658,-0.008721563386804592,-0.0044675338521021415,-0.02102585627716513,-0.008641026390147015,0.004586102635484964,0.006911924666271267,0.003764895748337755,0.007866362639720667,0.0014420967031407385,-0.0013196989848797747,-0.0039416667970850385,-0.0028240699465588576,0.002884145172586566,0.0030936651210276673,-0.011177123114433805,-0.0033735843476070068,-0.009540817011109374,-0.019605424527423844,-0.00954988498459341,-0.02004647134574264,-0.011907176999656663,0.009666949379203118,-0.0031547974582327894,-0.00023809698612114745
2021-07-28,-0.012270939799332876,-0.001117735129628323,0.015241492186923545,-0.002070581589955513,0.07306383174166953,-0.0027839640768506833,0.031563395582943875,-0.014388520014752075,0.006146732896446594,0.004989375614562797,0.001649408523979901,0.00394166679708501,-0.0016286800672344283,0.008163366890800525,0.0017637104261559581,0.006721363500557127,0.005649267631449319,0.006899734351828294,0.007806599104007474,0.004786486920577677,0.0010831503488784933,-0.005331070679335814,-0.018725214448394853,0.0053935084159772925,-0.029143802297592114
2021-07-29,0.004542179660984589,0.0009780865421693515,0.0081196095270337,0.011801141617141781,0.04999046298172411,0.0,-0.006290170288123785,0.0070865810697677235,-0.018034855830037277,0.0026957710471669327,0.008532824472170764,0.014321179746334116,0.00883243946850053,0.021520304559400027,0.010371937925109022,0.01212140764998076,0.013644504695314435,0.00632690317112226,0.005577716126829797,0.010854716602203286,-0.008409199103878962,0.005850443800541512,0.009221932599002532,0.009204462044686293,-0.00024512773924161604
2021-07-30,0.0015092364847324152,-0.005565465388968325,-0.008324790046662037,0.0003724605407770438,0.030986561575986404,0.00011611957205397479,0.0004672895182689905,0.0003398269406956931,-0.000780128320931205,-0.021857497265807883,-0.008005628637456881,-0.008307328526796161,-0.007097171807549369,-0.012116321419275952,-0.010006038003899206,-0.023348725704985588,-0.007437129353502512,-0.018031479892848208,-0.011598420148590792,-0.02770829346076273,-0.07866330887549154,0.00231848132521951,-0.0053827206611910825,0.0031091493328927857,-0.0077929428741482145
2021-08-02,-0.002333544473431633,-0.00031545003686753246,0.012790064560286704,-0.0007450598600997348,0.022717621755154807,0.00040636303418071986,0.02650828832020347,0.00809397178106773,-0.00901677217281916,-0.0073355168439117125,-0.004027204835737231,-0.010482611014987741,0.008790804174358116,-0.003270281383561401,0.0016255448709968532,0.00017368494401627987,-0.001769568373940432,-0.0122037826119684,-0.017165666293963697,-0.011512376830205543,0.0011683541547145397,-0.002959981928274097,-0.010811868574305477,0.007375286692416113,-0.008767678706771599
2021-08-03,0.012565041564525405,0.00804256174675412,0.0032862345400196,0.007054136326592836,0.03553880395447956,0.012231197664187997,0.03838042346441709,0.015117122894174264,0.003014594706688545,0.006905396264582248,0.01131383320821801,0.01542350353112109,0.005721479634183718,0.022458306921383675,0.01683647392869128,0.010710052595007097,0.009499123803726767,0.022496866436548125,0.028357029993769132,0.013937501416906754,0.010379692962522098,0.01432156322562339,-0.013206254303004867,0.014589559614675458,-0.010355023770771602
2021-08-04,-0.0027863411620752732,-0.0021266492845876113,0.02289974333748682,-0.0029640103442944298,0.05370243040568184,-0.005923980591907241,-0.010784632165344567,-0.0008539324119799215,-0.012245828974676593,-0.0101153912855213,-0.010850577362997871,-0.007290111136942803,-0.006594258797903875,-0.014626801569508548,-0.005240211612672961,-0.023645078433484908,-0.022671977106553068,-0.030655911381550063,-0.0407199111982667,-0.04493947919978728,-0.003428109147843768,-0.0049225874770787255,-0.008987298254687312,0.003963084872405001,-0.007414375790049403
2021-08-05,0.000748441831778767,0.010450991214113203,0.017746529480105005,0.006291762522596416,-0.05556983647213301,0.0019018875009327203,-0.0028809938359755827,-0.0248590556372576,0.0014562376512330178,0.0003475300787861169,0.012549659993977889,0.01940825302191667,0.01689962635329554,0.022380603097518187,0.01693120998974334,0.006313459578893501,0.00922919116906295,0.018399023839290634,0.0,0.010441250094653938,0.006320347457217287,0.008441113331819391,0.006748106582468421,0.011221616859200386,0.006574632133064751
2021-08-06,-0.00477868473209082,-0.00020748822101992928,-0.013218986562989912,0.0005564947353256342,-0.020139113381254195,-0.003345080545076281,0.0002219016274729456,0.009512126117777511,-0.0019863261701231487,-0.005837100435462712,0.02800750915708761,0.02854807393151555,0.034752057828630556,0.03718050995114739,0.019608689238586375,0.011472537377121755,0.00708735936097036,0.009782030416081134,0.0026819564798124494,0.017749928298024,-0.009239891315900388,-0.009865371309186254,-0.0006771833919416572,-0.006057800135849615,0.00016804811156004518
2021-08-09,-0.0003421107776511926,-0.003911740033896811,-0.0034923528691048755,0.0024081093281190557,-0.02324509780311045,0.003460291207799724,0.01998978081226625,-0.010290506368650807,-0.0015919536079059694,-0.0034134618330928733,-0.0010796983602288904,0.01286840198673878,0.0049890531550479955,-0.0024632894664174563,0.006311507820583801,-0.01147253737712177,-0.01681537075974726,-0.01875895195240283,-0.022094906673500496,-0.015245784884220808,-0.0009181548153357011,-0.0032793173652894787,-0.006709951333348417,-0.005978513663310169,-0.009367585250367301
2021-08-10,-0.003359773439444724,-0.00657621406163728,-0.01784719728403386,-0.0020372592173884675,-0.010277568252217362,0.0003452508915208115,0.04694489242841728,0.002212259232718068,-0.0017273045045096665,0.006641177584667556,0.01219241231292096,0.01851427957145028,0.020029043283006705,0.01994351819557047,0.020208478509289685,0.016987841981410245,0.01808978242447999,0.018404593689951038,-0.009412606683135623,0.015245784884220834,-0.006361004973165342,0.008239329999013412,-0.005254996120337594,0.0029066165042340776,-0.013229395135420065
2021-08-11,0.0017844047458454824,0.0017790180229717949,-0.011959145390730052,0.0037009565470580244,0.011206663117237222,0.00017253051921266614,-0.039793390484217046,-0.009859670564247356,0.000265725158983896,-0.009626530072672031,0.01185980802803961,0.012473399457583766,0.01440673106621416,0.020541037018906413,0.01792566355285352,0.0029176018567226556,0.007514549008795131,0.012492968392541683,0.010565097809303994,0.019512626704349535,-0.008640868502137664,0.016515676864823484,0.008955384687404153,-0.005821610144456113,0.004818500957622728
2021-08-12,0.020560405170440596,0.00991730898298488,0.010403130520069248,-0.011144061377184331,-0.011018883581036924,0.008023113630801671,0.019883060622497912,-0.004374994866734333,0.010975390270609831,0.016742613201459162,0.0039012563996369885,0.0047563513559681775,0.0026782968050845265,0.009625938108464297,-0.002290643307270118,-0.00226419047417174,-0.002043795777972143,-0.002626363892401644,0.0047396492426848135,-0.014948895864812885,0.0034538388189029033,-0.008882311717411872,0.0047436137409033186,-0.0036850221905571747,-0.0064584725304072865
2021-08-13,0.0014094895932126833,0.010434999660548824,0.014117086730037753,-0.0009344310158749131,0.03732294975920166,0.005975199230261688,0.02591043654367061,0.00909730405811556,0.008903019250333492,0.007237718571818826,-0.01125031433706708,-0.012413843558186678,-0.010220758499595854,-0.015366928963576363,-0.013855215187445154,-0.010164594287911126,-0.006647208595276062,-0.018937043888427377,-0.02598280013887497,-0.007029790037972863,-0.0028889970825907705,-0.008116156952103028,0.009043459805125779,0.006134340574600803,0.008687555372303845
2021-08-16,0.013456719787182214,0.005958074859774152,-0.011858904106958402,-0.00037397055439057473,-0.028163119928291493,0.00898073535337723,0.008830232813279399,0.01823773709559168,0.01564845781282721,0.016433597306102016,-0.0065849110706461015,-0.00820065660441412,-0.005933249080222374,-0.01924285870916334,-0.01391110347163926,-0.01472837600825325,-0.010252258226311747,-0.020943051567679054,-0.03106603968030509,-0.02031097078928287,0.0015227871766333222,0.011195057467990661,0.008962196425941968,0.003894731562301341,0.006658167707876993
2021-08-17,-0.006172911575176404,-0.005173058068537145,-0.02497092357890764,-0.014695102637432069,0.0007439937221865503,0.00912403182780242,0.030406228995306466,0.010894301122311692,0.011482671745486962,0.010501263396532689,-0.012154398844840285,-0.0048555552835417145,-0.00831171605288423,-0.014268258716318587,-0.006679710263730424,-0.006816185850508648,-0.0018845147549364804,-0.0053051856049225925,0.000758254672023082,-0.021467013870785288,-0.017438191452478862,-0.043617848252252456,-0.002867723243201894,-0.009912109081066154,-0.00828639418572388
2021-08-18,-0.02583204755034015,-0.006137859107917874,-0.021716312289339484,-0.009534752585509813,-0.039057050636826504,-0.012785453012548156,-0.02226081589177066,-0.010630726072990933,-0.013280792953310895,-0.020004879244611497,-0.009149256729612752,-0.0073280372652747925,-0.015353061186217418,-0.015308473619647088,-0.007005889620328907,-0.021283024939722412,-0.027437982818487056,-0.018325238416219677,-0.009289517173299264,-0.014074106526313817,-0.012646113476257194,0.002491112530980239,-0.009197967674385838,-0.010899436562660243,-0.0076642964040676866
2021-08-19,0.0023205330819532763,0.02056245192253259,0.039038596046535055,0.00477877967732035,0.0025103277410154397,0.00775805585268853,-0.01039687566039911,0.025012997400068404,0.00857632436112768,0.005441747143860247,-0.008390948677979744,-0.014818529221071595,-0.013201036719878826,-0.015123192866373104,-0.01816185143005266,-0.030995940154309082,-0.025238285701901987,-0.020572601877469465,-0.016973186234482202,-0.013897194450430273,-0.004216696494284563,0.004189605376001891,-0.00357657004645497,-0.019259217133044685,-0.011826384986420668
2021-08-20,0.010105693653916345,0.025253862264877937,0.050141250055089036,-0.008233668072446592,0.009119377666025642,0.0048599286273260265,-0.001640491545513949,0.004244518450513,0.0027997479743698817,0.007518437571365589,0.0028479473762979403,0.00446859728717033,0.005827085039248499,0.003591278213240823,0.005853478290547114,0.0001896054455873154,0.00010586448462322077,0.0062731459180233725,0.0032629516496404365,0.0007561794168955883,0.0038198497898503034,0.019444267410509936,0.00529716235853493,0.013198295251531109,0.002708047909208695
2021-08-23,0.010204779985434606,0.0009521595941737744,0.053409569340837,0.023186076433523734,0.03861406677028818,-0.004325838475994087,0.024532386769347804,-0.010175001018991141,-0.0038200209195355184,0.004534360067422317,0.01271611508664009,0.013287531083201631,0.01399704732068505,0.00399868313398072,0.009069220278368852,0.040321140448081265,0.025442541299679367,0.037564921453176095,0.04799935257654527,0.03818821795299716,0.02039103748353467,-0.004566486689580896,0.004893708459057899,0.011437121335121762,0.004526206928498581
2021-08-24,-0.0006012136307041521,-0.006685699974350406,-0.007542737097984569,0.010837301318712597,-0.010350292258263406,-0.012578111644074325,-0.03153560015589086,-0.004594665503967283,-0.008456268981875957,0.00267734963502603,0.006171068594834439,0.013837076607280093,0.0175556400403515,0.015630366556481583,0.01609222496641726,0.008162106487271168,0.011409692167209601,0.011252234611758467,0.011904157099902765,0.026208738166939534,0.012146253464241655,-0.00870312306323636,-0.005145448046159323,0.0015306802472845194,-0.0006081945064520979
2021-08-25,-0.008457060585819872,-0.0020178444914917947,0.019088825818224596,0.0,0.006019944200870888,-0.006635843423860003,-0.018146483178024326,-0.008705679440942624,-0.008398912791879423,0.00599812597464544,0.02040286992295681,0.016023416954836826,0.011099478643386413,0.019047993868871994,0.01570052665292166,0.0018046009783002268,0.006824660339382388,0.010948740430332256,0.004082080176861501,0.008117222349744308,-0.0019985098458953207,-0.0031444172415556297,0.0016762139053675305,-0.0008239510512123325,0.0042488059205228685
2021-08-26,-0.005542583790886059,-0.00971535609932212,-0.006548933565920305,-0.012717702988165056,-0.009556192870593873,-0.005351842024975604,-0.002740015635636751,-0.006908883585847981,-0.006508362796210543,0.0,0.005144733877717209,-0.0026133003529387336,-0.001719956080722828,-0.004880843463249161,-0.010163285671462303,-0.013615422384761513,-0.01318146284544833,-0.016014722164297134,-0.019095746277415854,-0.011311696789741501,0.005085305152845157,-0.00743761458474718,-0.007902707854286962,-0.017342188489488722,-0.010874866251778291
2021-08-27,0.007159001278370831,0.0021043063842161786,0.025412540417557986,0.014203230408332417,0.03777835187538774,-0.00213739885675038,-0.016599549386419495,0.004571643043486682,-0.003532517201530782,-0.006833861477906813,0.008004876427602585,0.010647204444089193,0.01749829515974972,0.015375352388302066,0.007563364985405527,0.01918955358359042,0.014500176739756928,0.02878560555883492,0.03210523681051842,0.03321404289868726,0.010090674197310714,0.005892772854307614,0.002234117304626171,0.005594977607372783,0.006973792848051501
2021-08-30,0.02996392472318904,0.012829054751384374,0.0022948726051870887,0.0009273448460561359,-0.0007184072742188927,0.0042124626064679975,0.0034276968277673543,-0.0010991575776133715,0.002617834091860607,0.00824479427131471,-0.016136685808973632,-0.01972749678180886,-0.014617255986911742,-0.028509172498481186,-0.01824991023522551,-0.010998139987275541,-0.0025376124496237964,-0.009562779890510775,-0.03269884231333311,-0.027895873533036693,0.021249618004886027,0.011437949003679481,-0.0037546181104908586,0.002681897481111179,0.0042473318620186926
2021-08-31,-0.00846050995264038,-0.005648457678975394,-0.013268617929787587,0.0022222937831776566,-0.005404431021765876,-0.0030567071977599778,-0.01486635857234969,-0.004864799321129756,-0.0027486157328344557,0.0017401109517909082,-0.0030587685427846665,0.0021581589406386424,0.004629824999676383,-0.05760811731556635,0.0033431647535965632,-0.011670322769236631,-0.016602078509669684,-0.011993621604865612,0.0019272740320970543,-0.004092741427798498,0.014282714711431693,-0.0028167192585837847,0.009137934930172398,-0.0197739550139915,0.016130542876636334
2021-09-01,0.004468746505607465,-0.00016566455734920768,0.002498449523421805,-0.007240450370763453,-0.006615069747513665,0.00351732602114833,-0.0006513948902439425,0.002590942898189085,-0.0014430983891283804,-0.0730640693524359,-0.0014390187818936234,-0.013504001138804213,0.000362775148005459,-0.05048749821213649,-0.008378805083479221,-0.01385196979272811,-0.011014085236268886,-0.015973985087795736,-0.017329486247361452,-0.0021423587180996757,0.0023626160329893353,-0.002746104537173574,0.0029015504275760147,-0.0010934139812275668,-0.0003405001134590752
2021-09-02,0.00744660742208701,-0.002255514553530962,-0.002007425973621498,0.0011173926613220195,-0.007208397782678043,0.006825890983037373,0.017227462484692452,0.015124048834100907,0.012263605553487666,-0.0022291557145362128,0.0046222438334583464,0.0009757772292810508,0.0020284865384438138,0.025450138436605926,0.0026605888777987948,0.024071000017836332,0.020680710814194564,0.035059738424924033,0.029693666991980942,0.022266494141980862,-0.004574927931495782,0.012588642700646935,0.007196355686242427,-0.005423046019755288,-0.0006812035669228957
2021-09-03,0.004221634179305782,-3.291656371777843e-05,0.019762410701295183,-0.004103018566276306,0.006571776451668316,0.0006285635298651196,0.0,-0.0020080991994263137,0.0018138433735903035,-0.0035771640828374386,-0.006063120503189152,0.0007310786418154599,-0.007725839566533323,-0.009015128027076302,-0.004625996424197889,-0.003820052143073697,-0.002253812571376676,-0.006380730708447531,-0.005427545132477292,-0.01834268606477671,0.004301820154126882,0.007902161871691038,-0.004387021836732862,-0.002324471895935484,-0.0015349863901962814
2021-09-07,0.015370769865636652,-0.003193108957419525,-0.007955048874275486,0.0026131413771634682,-0.00702971484036872,-0.015661164845707613,-0.0019237953591157192,-0.003838479219196438,-0.016706293727877405,-0.023477242030671787,-0.001757335939720205,0.006555973696541939,-0.002409746923998542,0.003164644008594555,-0.0049297578734023555,-0.0058491007623808185,-0.004420539508648591,-0.004633780591009238,-0.0047173981970013495,-0.009298962299241343,0.008941925919554996,-0.004216847802475786,-0.011073583865543154,-0.003988548892571497,-0.012018271627703345
2021-09-08,-0.010135001755305968,9.980068355917279e-05,-0.01435532963270645,-0.0014924867982941492,-0.027681531196563577,-0.0024405654732528007,-0.005146807588170228,-0.01398452959783514,-0.008193381267043012,0.012124665381582257,-0.0044695102683785844,-0.013155211981682962,-0.01305039356101203,-0.011120057187023122,-0.011074798548044305,-0.009208095317817395,-0.006926874183545666,-0.012583214180113676,-0.007267431930665618,-0.042950166458644405,0.004608538783881409,0.00796327983658682,0.010235686433239941,-0.011937586860207945,0.01924546073902874
2021-09-09,-0.006727252061624161,-0.00990876670091243,-0.007278357129848194,-0.003178416656033832,-0.00018836325503282227,-0.022532182001216428,-0.010373981097209054,-0.002024547271035527,-0.02064700030459375,-0.028398673915917525,0.004343860297241487,0.003671711381132477,-0.0010376045270174342,0.012247782163197224,0.005978501287572759,0.0007396963036204254,-0.004054312608579533,0.005412171180756889,0.002527389582522222,-0.0015018991002347724,-0.011795296134862758,0.0005729779325636359,-4.187787625364375e-05,0.016232227492911772,0.006333501587054211
2021-09-10,-0.03366245595157169,-0.005194001714175193,0.013481098686006584,0.008205994110839322,-0.008989931229502833,-0.006566275771313133,-0.009605064977830893,-0.02249757378004662,-0.005024734557405501,-0.00551522846455893,-0.01156222569808004,-0.016256623914868824,-0.0027223952927879517,-0.0006765592375859529,-0.012711974573270491,-0.002035399777643356,0.0007289598988621925,0.002694939251851657,-0.003123204806901406,0.005992771253488907,-0.004317307606338972,0.0005423182979698346,0.0023860116589565507,0.0015292554037065079,0.00461950447726655
2021-09-13,0.0038861686663149123,0.0043190093261244915,-0.014609326112052233,0.02113464492735858,-0.0038094702877368397,-0.007032369788679782,-0.022402951311253496,0.025929168505050153,-0.003682726343136102,0.00747121715288477,0.015761959694691848,0.016500773118140206,0.01422371155598368,0.03174853615639401,0.013563099584287808,0.02542425066475677,0.019584289017849737,0.03283053306542841,0.04300022404378404,0.04847011368323416,-0.0034592661286029646,0.010488507119416417,0.008451602622603301,-0.025193795099669083,-0.0013417715466518133
2021-09-14,-0.009608083652255876,0.009383846448555196,0.0040549191960148,-0.00858375797548124,0.008834905487724502,-0.006049451910265805,0.002911861034487527,-0.004787947937846459,-0.005807833934588502,-0.009347775871303301,-0.017606779066944855,-0.027236012460695094,-0.013703444953287479,0.006317624614089673,-0.02498327550126498,-0.014370383626662667,-0.018232295326474943,-0.011350665768571789,-0.008165592950854257,-0.015776530735337656,-0.0020761346389200496,-0.0069700254756275655,-0.00033182423603582943,-0.004775631645600239,-0.0026884562272942478
2021-09-15,0.006124687698404656,0.016639291460843572,0.004441074160288534,0.010944839831369818,-0.0012303496719421306,0.003755338479608104,0.0013410814308195014,0.011998991290887898,0.00966068642248257,0.012042218565599177,0.00691561443492242,0.0075017571065473755,-0.004319591237941492,0.012730594946631884,0.023990141065556463,0.03315591200379094,0.020984392676363057,0.040948339043386524,0.07999841469771488,0.055188837122373886,0.007447589064120205,0.0007501292644964665,-0.0006220902411006165,-0.00536837529052985,-0.03614964827085637
2021-09-16,-0.0016115403468606405,0.0013112530978736147,-0.00444107416028863,-0.005275010473550379,0.0058540696639183135,-0.0012098661099311802,-0.006723572892815172,-0.0016298894147377975,-0.011603805639656165,0.002872312830641547,-0.00044265587712674474,0.007693217714255272,-0.013197651864623664,-0.007748427918896095,-0.006407994478178286,-0.010691360782895815,-0.009408863605655805,-0.0015185916706607953,-0.01795312422627908,-0.013081057354518085,0.003575505609499879,0.009018204422181783,0.009211224789231849,-0.001965008602880327,0.0002617005485322243
2021-09-17,-0.018518283657745997,-0.01768373333779653,-0.015495907208782128,-0.010450115851126434,-0.022276066131871504,-0.0028489920359673067,-0.013128296538513226,0.007933053200895988,-0.0040374554520452985,-0.0032435491417653443,-0.002596734564797084,0.001235463587725578,-0.013246772043463662,0.004096887838722768,-0.0005715091884187962,-0.011894174017566102,-0.005770731572342926,-0.005247470164621449,0.0037777078772684033,-0.019241527807365627,-0.007400637151307249,-0.002142557309823474,-0.0029645766893434886,-0.0075156790404329234,-0.01104879959167475
2021-09-20,-0.021592606729916978,-0.018749593508269054,-0.03659755995061281,-0.02387291334547847,-0.022685042276428206,-0.005721708764660211,0.007038500517832242,-0.017914380693512928,0.0034813229149903762,-0.012422763944854226,-0.030391174713487346,-0.034923746253079285,-0.03464529327501499,-0.01430448303063298,-0.03876315191133022,-0.027011297184909237,-0.020675407810708955,-0.03190192381990072,-0.03732044345866587,-0.038161655073203,-0.03132736193754281,-0.013375992706375244,-0.014120700370878276,-0.013969681641758271,-0.014119280921874236
2021-09-21,0.0034220797733451446,0.0016977317591580312,0.006279658506557405,-0.002078447234689794,0.012428565581131227,0.004385485442202182,-0.006355207241058055,-0.0008727239293516894,0.0005561325370549336,0.007024504933005713,0.00013054225018451572,0.0005113896667183217,-0.006074340370291732,0.0008727875993967592,-0.005363832000756963,-0.0009315982346895159,0.0007381463474058109,0.03883650850886295,0.009461597154513786,-0.011812705203676336,-0.0036122637458179565,0.009046727304542078,0.005880112090855846,0.004979245972084003,0.0035709678564516934
2021-09-22,0.016731573026295268,0.012740480816676988,0.03218843123098988,0.011845668872638764,0.015058176242668884,-0.0036531637139959627,0.0006830453807132257,-0.008866953346799338,0.0009720620241800702,-0.006930415776275238,0.01897190159225469,0.025483675284380104,0.025299754463664805,0.02647321401349592,0.01923401128323445,0.028848915311103427,0.028990610079053132,0.048203986305890845,0.03256193249392772,0.008136265378625681,0.010833453848678572,0.0051033664755135,0.010876139420192221,0.01549044091903348,0.007545835238932918
2021-09-23,0.006696835666040678,0.0032770113815926,0.024357743421454928,0.009857805702899954,0.016815142622038478,0.00565709297846365,0.005445674555142686,-0.0016404976777127747,0.01392280075712685,0.008888168549785273,0.03324264334949194,0.03788795811281824,0.016441376372854474,0.015177210746050662,0.03795752005649435,0.03330975934243512,0.02448279390668185,0.023022310832222895,0.029975309237850037,0.061772201534221825,0.010579777062858911,-5.9337382314297046e-05,0.006763682462220017,0.013500810947104416,0.00941875494877919
2021-09-24,0.0006125278778187287,-0.0007013888251042418,-0.017997654601644018,0.0035104248715547926,-0.0033026542552171165,-0.0030373969209292074,-0.005673450330068972,-0.002331101187453408,0.007636974574081204,-0.002704831748295438,0.011474217643929292,0.010736253068924903,-0.0025808511751176056,0.0025073940546740834,0.004223656626561555,0.008895059173167852,0.005382230243079771,0.020353488090813582,0.015874008802544776,0.004491379847580949,0.0027829969154169873,0.004692413321002873,0.00667741715331655,-0.06464726218054606,-0.00026299026027471064
2021-09-27,-0.010605813552778672,-0.01745524421931071,-0.019250130145984277,0.008082314293479453,0.022061097884122926,-0.007266781512805288,-0.008455893167918805,-0.004456255645100508,-0.0034023297784169233,0.006052486248193278,0.023878138034310423,0.02623101313204606,0.022665614131241844,-0.007540674588541537,0.015058852937539408,0.029260510942995085,0.02328541889481763,0.02565984449947421,0.04640963503916599,0.03987035920258367,-0.005773469524888403,0.011548324909430535,0.006834793958937077,-0.01041581200414509,-0.0037754792108120293
2021-09-28,-0.024089211848888115,-0.03687525408167782,-0.045381865285284956,-0.012148100596487995,-0.06335585581350323,-0.0022085082306554315,-0.01223913942529472,-0.01654492493381074,-0.0005454127095759467,-0.0035339219121896604,-0.005404454397560001,-0.002314430297184463,-0.02612561362041876,-0.03509145736149206,-0.012393160008665752,0.01040088373154436,0.0037804842096333807,0.01620741038604226,-0.0009781330590343776,0.023568757926188656,-0.026732621677354657,-0.022542065622606248,-0.017647131587550477,-0.01868172339144556,-0.017481241811508095
2021-09-29,0.00646193611237169,0.0016916399684415036,-0.008831568587346938,-0.00948933840962292,-0.011591730302632455,0.007404615549431517,0.011320213898749158,0.004480222933072479,0.023853648104531864,0.013877416848848434,-0.0007826793915298015,-0.0020875275258279906,-0.011906180704695488,0.02388471831192857,0.0022393813592927487,-0.0006676275308867743,-0.0002904018745436639,0.0035334589045885475,0.010225079024023708,-0.018942558587330103,-0.004485396155336227,0.009333183762756304,0.00209015481609523,0.004943080198908456,0.004109390085632982
2021-09-30,-0.009355520328672318,-0.007351047304647731,0.009652610908562606,-0.003933722343859783,0.02509359763198144,-0.01548330377205576,-0.012017594372170252,-0.0244466341795068,0.00026651989729949095,-0.008952045169595389,-0.013712435777355283,-0.014499630533973917,-0.017983899740756124,-0.013270419546471552,-0.019053565163896707,-0.01786067601954099,-0.018361556944233595,-0.003975929311909265,-0.028250509715738975,-0.02301249503294484,-0.004882981617736262,-0.026069124463339116,-0.013061841284395331,-0.005425171858271266,-0.016720956724929608
2021-10-01,0.008094428928695786,0.025149398956744933,0.0012542141879854111,0.010827108749645657,-0.0043828127716281015,-0.00639836690265364,-0.0018619878050972214,0.004315857951825845,0.08042168838672875,0.011246339493049049,0.020797530593819332,0.014731947441433512,0.005197570816616945,0.013057993952945312,0.014148490875730144,0.03524362673428185,0.02799291949495256,0.033803138674224464,0.044349053988708836,0.0240013179558366,-0.0005420246980202862,0.004862246123979369,0.007519956269339827,0.01252225246293754,0.02338494728128976
2021-10-04,-0.024913423387639765,-0.020937471658266957,-0.04991877542233962,-0.007267356960176546,-0.020810462338028583,-0.007820216622537299,-0.011950705192132998,-0.013907599695012294,0.020669270071293988,-0.0033052930777998156,-0.0010774644303014119,0.006017237666409044,-0.015514723307660823,0.0,0.0015440560256159374,0.012882410029716653,0.003731032285829544,0.019634615880184718,0.0292427520649481,0.01698265246745137,-0.02888485808454832,-0.010330401984597691,0.0006173765922178642,0.0005437543724494548,-0.013013839687243052
2021-10-05,0.014059340957903546,0.01976058086710006,0.03579029522899736,0.00893699504680737,0.014543924579977824,0.002258792766511527,-0.002360047234781231,0.01645257636386599,-0.01821530013330153,0.007148209566812415,0.016197984284203507,0.020100924590197054,0.030688383457481483,0.019794301290416753,0.017244265138305393,-0.0016214194682811908,0.010827349917187512,0.0033515707092468894,0.00806904518453335,-0.009435525664003089,0.009739950346903852,0.009177683557952891,0.008765053053167327,0.01564414379259405,-0.0054878948488918935
2021-10-06,0.0062872151315553635,0.014952107608899992,0.012101701904340656,0.0005558759657945504,0.017815042665678533,0.0020658070435327124,-0.007114203249841069,0.0020820368291726977,-0.01158666514582241,-0.0017366847270407933,0.0021322601773182837,0.0004523076498482592,0.005789251944681971,-0.001878542043220096,-0.0015178856135627872,-0.018508419351994567,-0.00882384862504781,0.0011149071281373242,-0.006103219828775559,-0.021477608362709556,0.012651646071788683,0.002667224962593233,0.0076373948548759014,-0.004425549246351269,0.007101424703603096
2021-10-07,0.009043553147958532,0.005918801246936159,0.01795377995723445,0.0036980659868281708,0.02675201286626728,0.008902663012721026,0.01698966112749097,0.02616101001036118,0.015744600331600942,0.014078966174057081,0.006311087021008535,-0.002716049227888559,0.0066011209093606435,-0.002300213845580618,-0.003180791015220429,0.0028064115225705987,0.007121991441359233,-0.004186635694164396,-0.00905117897088996,0.035436673484209216,0.012315060502089633,0.02132319537124981,0.00492507260902827,0.02029022685555617,0.005092692978898425
2021-10-08,-0.0027255688330696513,0.0,-0.011645296034204715,-0.006852302865261906,-0.01314377038341962,-0.0025446326105440947,-0.006808220860342934,0.009247774926424772,-0.016116620036722977,0.002792113369185331,0.0007637886721272873,0.004974042610868744,0.005590535924892545,0.0050124334546409535,0.002214034414875349,0.02474881469595704,0.022178501025742883,0.04658341108503094,0.05377899420349078,0.020421983207431126,-0.004190573462060326,-0.009347508600966095,-0.002499845351332098,0.004139928617762201,-0.008861704725684719
2021-10-11,-0.0006297646242936353,-0.0021051945547233926,-0.006550067292630274,-0.006899813572476855,-0.0036235117103402847,-0.004234300477029858,-0.009229965735723667,-0.008531451074537904,-0.008719471104882085,-0.007583973503424351,-0.021256022249763057,-0.012710258282013174,-0.019459365546738116,-0.015113669794847713,-0.009304049727536928,-0.010021096855266623,-0.008551127944693804,-0.012760766337832926,-0.004095395255533086,0.024954334959109634,-0.012952121105274618,0.007835604780063937,-0.004532096793601119,-0.01453316480471119,-0.0025208447274907976
2021-10-12,-0.009144710727564672,-0.0045986645836654854,-0.0011604317679094636,-0.024051963356081067,0.0034331581332624427,-0.01610407159737798,-0.005005256795270628,-0.004330546524213794,-0.004262497762396968,-0.01617144354988149,-0.007710868513697733,-0.0054971981027394975,0.003342973711830263,-0.013414440358049685,-0.014614861598703682,-0.005211646655051081,0.00018685768260412182,-0.007599639545436364,-0.000443973183141964,0.012855989732712323,0.0003172241904451794,0.002459801612530037,-0.008389030196458567,0.02022288605937482,0.0005408582823427664
2021-10-13,-0.004249262934254993,0.011643454566306593,0.012881626301632624,0.0017235194656057913,0.03847349067769757,0.009530352022284663,-0.010328052215824678,0.0007685710481234501,-0.00807382995684107,-0.0003682488384172491,-0.02672053421776571,-0.009229424751001039,-0.0005694331167793076,-0.012945207721171316,-0.005394082845745596,-0.0027797951998066108,0.005954967227733862,-0.002455204764355713,0.003212943176005141,-0.003656315195502174,0.011314351840536129,0.0014200127626719315,-0.007677107787372207,0.019054109463825974,-0.0021646539189894287
2021-10-14,0.020023792458898605,0.02150095895490723,0.037816222090754616,0.030899291926886587,0.02559483313118643,0.005699788700241928,0.006017356738971205,0.04081102329879802,-0.007884097360751513,0.015545664519473682,0.015225052990139085,0.04376647388893364,0.012578786624382018,-0.01620013086642291,0.007656389855516332,0.015113493106896227,0.00941843706292118,0.008430966149402868,0.0063465979771399695,0.022934041431389544,0.004732543058962018,0.01691308068240652,0.007799769047324907,0.0053599651622007775,0.009971860431270012
2021-10-15,0.007484565088760034,0.004810698548109806,0.005320391084910619,0.010335981676449533,0.0011601882739823374,0.007404718728397315,-0.004328663128643267,0.018175345462135332,0.0,0.003848885203523588,0.019026427797386045,0.028435746087345642,0.03730656285171606,0.06555873694195107,0.0208266445828371,0.009471264411222468,0.007325290572346359,0.00391910528871657,-0.010544155988326956,0.014218574101341903,0.03254486320029431,0.018316916642883933,-0.009449573374376926,0.005521248849863755,-0.0037614000845862315
2021-10-18,0.011737030705390379,0.010073942470291818,0.016332774399117116,0.00018364167887336875,0.037720485876639585,-0.0073424865894890215,-0.004105904484005245,-0.00809214695547948,-0.01517933796564634,-0.017531306223778374,-0.0003601465155204299,-0.00194269181911634,0.018591534263971896,0.021470988541723104,-0.00945083200618165,-0.0004795126024510143,-0.00045638733492904857,0.004843802098634882,-0.0034654575264650763,0.004694600946108213,0.01100400576947037,0.013041954315384019,4.110904957684796e-05,0.008946569658310343,0.01708065340465536
2021-10-19,0.01496764935581393,0.0030545111505956915,0.0030553260997449117,0.013493968721368666,-0.0008592411011832497,0.023150193574272847,0.018463417979222168,-0.0005654222486465477,0.02987993559085775,0.00018622560796505996,0.012055660814137116,0.004312030086702548,-0.0037053820297317176,0.01824260929002662,0.0020924046858696987,0.014913792972076987,0.019344601677518426,0.01094679047633676,0.009472804478620266,0.01106256208141585,-0.0007517249304827118,0.008359269214181082,0.002103099315953124,-0.010149762954494901,0.001057882857807367
2021-10-20,0.003355273524433613,-0.0026642925763613176,-0.008424626154011303,0.0028939016428094697,0.0005156201410134345,-0.0005494186287909028,0.01672802829266517,0.024923627449988574,0.0196815129318825,0.008894639741726648,0.013376181062264255,0.01303862346087564,-0.010414054170354545,-0.003581995096314124,0.0008357749596311915,0.005496604720392517,0.012986030214559362,0.009250457341881423,0.03208789102215858,0.005773937316468982,-0.00848206698962188,0.0006702144183992388,-0.01264285471317272,0.003984153514729879,0.003254946021297862
2021-10-21,0.0014730705756315883,0.01083886777483846,0.026298905591500037,0.011313840122435973,0.024946164016162075,-0.0023229713862718557,0.0014012233403039058,0.016390385693334533,0.0012329486771819693,0.0032235506824506025,-0.0078746672971705,-0.005536545928972637,-0.000735700037004666,0.003383284598151924,-0.018408330768781966,-0.01833450226313626,-0.012628209229848692,-0.018989608213162593,-0.0239140266406531,-0.012746540845701756,0.005824760045406363,0.017680118613842357,0.006983687282698461,0.0232674198382006,0.005080971705667968
2021-10-22,-0.005298956852423172,-0.005162145412992348,0.0014971883386285935,-0.1241874757140433,0.0040978343828004,0.0019564891845701266,0.006974811652396502,0.015436044455764221,-0.00024651140537407885,0.00348751743609709,0.01336155538084475,0.015678219340551372,0.01637690006170134,0.006535257758858112,0.012122956841955683,0.006835653699558965,0.009441787654316865,0.015035820232441573,0.012028444818437619,-0.011435456321492907,-0.029382296136388146,0.003750366678568528,-0.012337531329858605,0.007984045598507601,0.0009609097093520709
2021-10-25,-0.00033634765008188044,-0.0033371642690873905,0.019176203238041218,-0.0010114683501704163,0.020976910162038186,0.002196458081688776,-0.0002315000540094057,0.0007342351908596496,0.006265094422191443,-0.005881185774661412,-0.004901815918016012,-0.001262356853729221,0.0010372537864132318,-0.0007898865993952483,-0.007594755839087752,0.01929927807938312,0.0092653940774968,0.010509792992042345,0.021931527984141854,0.013183170360669105,-0.004561377086082202,0.014296503188951523,-0.004624095805919804,0.004516233995217991,0.0013957445544321358
2021-10-26,0.004564328800529351,0.00640529561585589,0.06480547627376909,-0.02313532997608722,0.004647565890901225,0.010126362881897237,0.009456764978001297,0.011392333702678538,0.007198898586238336,0.009082881381844165,0.002687450905412249,0.009427325991324556,0.0068720011290874,0.00019757221842115044,-0.0025448590988041467,0.022890526021020787,0.0021935612263190548,0.006642984012733468,0.010156873948161579,-0.0029145764990677705,0.016636110939323188,-0.00556372173316813,-0.003883700440904211,-0.0026219354560948773,0.0018291295395208842
2021-10-27,-0.0031526800617553597,0.04125145030716273,-0.010820197502213623,-0.008110788544556442,-0.005301603121984538,-0.012200574627099892,-0.013637094219057571,-0.0025545854674380868,-0.00866956172926381,-0.010004840273426024,-0.02104848334779053,-0.01936902687158923,-0.015979221333153833,-0.011521737807681107,-0.0048239473778083405,-0.026315069962832602,-0.01795173591980663,-0.02834656596924543,-0.02084738101402031,-0.05150831520345393,0.004851848967382222,0.00841501254908347,0.02633962794156385,-0.008830614746897473,-0.012345384273654591
2021-10-28,0.02468453429892792,0.0036444419960849164,0.019841832030133875,0.003959608177351645,-0.009201470655346473,-0.005450160928223061,0.0048752251242579385,0.004312638966091618,0.05962898984883976,0.01164756547182411,0.014962477463837706,0.015608951164309423,0.009275987083469203,0.02583701771700936,0.008074212760265142,0.0028028219779292944,0.009325629345600757,0.00962713449065728,0.008242147238617952,0.023087063416296245,0.01581542696620515,-0.0020164244335669117,0.01134731763592775,0.012912986216120368,-0.0027348045499485055
2021-10-29,-0.018322570462486188,0.022166850018216222,0.02478943107884578,0.01895404065220422,-0.0077054134766865665,0.00018407692058365274,0.012885694325115347,0.010983920740021028,0.017182215827986392,0.04458263234712358,-0.0027628999048622286,0.0,-0.003549934431887413,-0.003901502198803438,-0.01734445717949959,0.002484780724227687,0.012038287731574745,-0.00882129890261552,-0.014495413954045208,-0.03172923135380267,-0.021745984346714802,0.000457341691984385,0.00020356522944807228,0.017061503409398767,-0.06505688838646038
2021-11-01,-0.005623233452114421,-0.006808041903670063,0.010117976883116435,0.011161889912372831,0.04074547047433724,0.0008592877964426995,-0.0022891833673757364,-0.013908387273457685,-0.002387878555860569,0.001220094401442219,-0.0005299357390566614,0.0014641154497911104,0.008071826706247976,0.010693211033978502,0.0064855814341761246,0.017832984064821016,0.0003492627268966143,0.0013416777977713187,0.010757105564239294,0.03172923135380268,-0.01623822909338356,-0.014250713580025512,0.02027780801519966,-0.00575516018130613,0.03456137287419279
2021-11-02,0.007090997701669824,0.011351164188572106,0.021981546837763297,0.006236841962382476,0.018983358092634763,0.015641899915511872,0.040638862346138636,-0.00456873713564591,0.01334410135752157,0.014870184155876714,0.0039381787009814895,0.0006266696405789067,0.01701307139854474,-0.007960611868868902,-0.01461571644353184,-0.012418787251887954,-0.006130624031975256,-0.021136293168523737,-0.006871166796564457,-0.003007365853572716,-0.0016167159617979095,0.002208059767775486,-0.0053620820836222365,0.00897794746788136,0.01491546654313725
2021-11-03,0.009750902508509242,0.0026080998945683656,0.007434219648425016,0.010573594669973988,0.022467644574080268,-0.003205808918242695,-0.013958239091032167,0.011634310220525175,-0.003826708429188975,0.00888520578302728,0.0003519666789028746,0.010181900856834623,-0.014137359700853627,0.013553000258547785,0.0058139762559939025,-0.013825396740187134,-0.007229896849203284,-0.003978859138743085,-0.020352297286078118,-0.006648533608559214,0.021279781969291613,0.00456344159455535,0.004643475946045016,0.027445885004557392,0.0103543881577908
2021-11-04,-0.0035046036198262405,0.007278935656295257,0.11370573478667889,0.00534131240518953,0.05202084105782461,-0.0027907972101589205,-0.013140465959508216,-0.001247065682681984,0.020757237063217346,-0.0043474621733380235,-0.01322280758178254,-0.02173524387668837,-0.023803446840506837,-0.023043350582990223,-0.029413718739987164,0.0074802088871556115,0.004414500557151458,0.007805363523330874,-0.0005498405028903095,0.005141356887946035,0.02711146442608225,0.008662095429174742,0.012146224647178336,0.016899533211905623,-0.004004047165324948
2021-11-05,0.0035758322262131074,-0.0011303189279825985,-0.0016453419592963156,0.012051896999984877,-0.008472178032111685,-0.007133563237766336,0.10305453040525711,-0.0020817842778247065,-0.10383998665900342,0.001024697162533545,-0.0014270679985001551,-0.007635466454484463,-0.0024289862903128156,-0.003562134529976004,-0.000149331413528032,0.009425756283366053,0.010777830597427108,0.02877364519735338,0.04537918281219114,0.010801007495418595,0.012004091021206855,-0.010208198668588261,0.00491981946355395,0.011729930148641928,0.041478012296626315
2021-11-08,-0.005568013789904465,0.0027635898158173983,0.034748101720990146,0.012296297616228097,0.09654967759178731,-0.0034326222514511986,-0.005776639088977613,0.01482971498984227,0.013025918275694439,-0.009603785386768328,0.005992295358529381,0.007846424765847779,0.0030901028739578978,0.008488879424717086,0.021560088484418562,0.01070871806266451,0.0035669766677972857,0.006341353375855553,0.019468496763901822,0.023301649325816555,-0.008564519878774466,0.0005156333959955807,-0.006341066982460627,-0.03240513166982449,-0.015081886198731964
2021-11-09,0.0024565464780459093,-0.0030907456624047415,-0.00478354581384397,-0.006812565827162101,-0.00829217995734485,-0.0022126876098851156,-0.02154213434678987,0.003732663649923022,0.0004837359405452635,-0.00388489648647231,-0.007600070171310985,-0.009764549499101157,-0.007349141480741397,-0.01945285195225224,-0.006742923670766677,0.009691069007734749,0.007354604880530299,-0.0023735185930164274,0.0012364521795966432,-0.004675765051930711,0.024699674045048896,0.00557318100509359,-0.0017796388947185881,0.01139830326634911,-0.008984414576521726
2021-11-10,-0.019349583973472192,-0.015448536685633956,-0.03986168405618993,-0.008630882045936962,-0.06269585182739311,0.010771881051808837,0.035718273420327025,-0.009629485930589427,0.015474687686289663,0.009812609216344461,-0.0009542488825843966,0.007438213689778883,-0.015488780602140002,0.009376803782864079,0.003230680148265729,-0.019897382428770045,-0.016076844689442496,-0.03697905955412876,-0.029468838954961416,-0.042177629758751126,-0.026687971077505174,-0.005600312977369773,0.0018980754402734934,-0.03250991197187251,-0.003437793923487311
2021-11-11,-0.00033771154936500935,0.00491520259895106,0.031114180941834685,-0.004541436403091926,0.04296169001007367,-0.007393093794425455,0.02338805896189994,-0.005472608596539015,0.00011875388647010794,-0.0010287042028868847,-5.972184628446373e-05,0.005490144215203942,0.008035434935655434,0.004556620474656991,0.009629561856059716,0.0018676629838842512,8.760727685119974e-05,-0.011850525367883901,0.006659009859501096,0.0015266312409483618,-0.0027463665972794556,-0.0025808999923687516,-0.011802381707281826,-0.0076961368943647334,-0.016111532469908412
2021-11-12,0.014234755490208594,0.012822685407980622,0.0,-0.004363310340021751,0.012793675159975934,0.011887736436094466,-0.00900835474929175,0.0034919366482318035,-0.0002381486585311437,0.002911136243406922,-0.004484514336503321,-0.012288543783231716,0.0063673280624022425,0.007286984053002554,0.004201802088899503,-0.007648335903446007,0.0006130361310680061,0.003044989037188404,-0.0008430532547999807,-0.0006104114612892059,0.015048234458080111,0.013509103891706791,0.002036683684503503,0.012616992423168476,0.0025095330978962974
2021-11-15,6.705410775191897e-05,-0.0019323222704400362,-0.012083149443239924,0.00019872356754822683,-0.009511545811375345,-0.009070618896968358,-0.0016098729033614647,-0.01800475830420512,-0.0036970023268486324,-0.001111963334253332,-0.0017996368940757905,0.0029800961264297506,-0.00024709023138467617,0.0023519477155021255,-0.006091266647428202,0.008580929723678193,0.022420317494288168,0.004962996733162941,-0.017443706260065493,-0.0012217485876272337,0.005806911669058077,-0.0041683883409220045,0.009014828117417656,-0.0014203209781162946,0.0013415853050815312
2021-11-16,0.006644391259042875,0.01018367725892375,0.005910737806201518,0.005746521846794342,0.03987944917593564,-0.005211931017915851,-0.001007620303142577,-0.0026209388412380533,0.005005805679107369,-0.0036012024718138323,-0.0072306965012112045,0.0006373216928891745,-0.004257994999037911,-0.013997302660780546,-0.014654569699442295,0.010047220170840278,0.003930032280737269,-0.001100945866174969,-0.014046728664781603,0.005182041963657538,-0.001405473377029005,0.05568567704490376,-0.0018993016179974882,0.01749482609241132,0.0032130528206020833
2021-11-17,0.01635574936029867,0.0006787622245349725,-0.031685532193035694,-0.007536702887525479,-0.00730771634769305,0.0037429682049800006,0.02528252719940827,-0.001491157975655474,-0.01811558171934087,0.007956601825532362,-0.005396779500338395,-0.012180954630011391,-0.029046689869800392,-0.010577431917380392,-0.013225292532124795,-0.010979813991072528,-0.00449519369123427,-0.009266262727279278,-0.0200026844529178,-0.025559461940577052,0.0023413880700420314,0.006402644074478152,0.0009102227025518336,-0.0005239520577719392,0.0025804759417662813
2021-11-18,0.028136188119919685,0.006319912040200539,0.07927213634880681,-0.011009990435671774,0.024025231345592386,-0.005404092921296722,0.010559213117633838,0.0011576314405718738,0.005433218594898121,-0.0023889970095535115,-0.008670995546370224,-0.004093545923425251,-0.0004596557162027341,0.0012029208334222317,0.0038815651179031725,-0.010944295948898291,-0.008439714873662279,0.010367208593454266,-0.005119341361324998,-0.006257651425742148,0.04060149725970322,0.0274776136232311,0.0031216736171359497,-0.002273317531626074,0.003371629322379247
2021-11-19,0.01683371287730125,0.005376981857251955,0.040525338007867805,-0.0032258291774432883,0.002512641077628392,0.0030126162788234453,-0.01193641683631483,-0.02129434043846547,-0.028704791170930763,-0.007115088790275446,-0.013149756282279193,-0.020061634465381523,-0.010221491652006975,-0.02188112410527479,-0.01153990885184771,-0.047321497036491786,-0.022442823225846145,-0.04370808889594915,-0.04495961567095359,-0.058488788977142284,-0.0052870662112904825,0.006973427268408149,-0.00605412475374947,0.020391813970950617,-0.0189563914151796
2021-11-22,0.002923175174722212,-0.0096055982132287,-0.03169305582478543,0.006240648206466421,-0.01877104648987518,-0.013249158530061844,0.007843299802879827,-0.005606596026381599,0.0115810644715936,-0.0050883985228596705,0.02109095173462261,0.019197831805497473,0.022386253583668917,0.030660009832434287,0.010496432457056754,0.013750475364211734,0.017713575678669158,0.03222839284630451,0.0119501664829164,0.009604410350633997,-0.02869509488188082,0.00024458151652646587,0.006054124753749512,-0.0036665813139864565,0.0060299309101927425
2021-11-23,0.002418986943677592,-0.006346871888867046,-0.00659302959505674,-0.014758284241698234,-0.01719395672525925,0.006179756329438276,-0.0023464814283003484,0.021681267319170642,0.014108869980009806,0.0275462359900838,0.023630858473676606,0.02601976666815068,0.025371943357401068,0.02083837381349829,0.015247079992194558,0.025996454466642373,0.02076431053069463,0.025950750609648396,0.05660726020731551,0.02730991685076906,0.002088774763957146,-0.0010280792144685784,0.00852440853024637,-0.012067327277175532,0.01893133041892923
2021-11-24,0.0032782220205909546,0.0006810999981051791,0.02881280502110474,0.013352361948552102,0.05122662147461004,-0.0028042076842063383,-0.0037264893718081745,0.006753396300942565,-0.00630024565627358,-0.0018524626398081574,-0.00787502465130613,0.0027329672297438773,-0.01775266205162865,-0.0017527426615044093,-0.01167345106979684,0.005528690486218412,0.0076233874732540945,0.014131172866958142,0.013960492713501612,0.007349440320964163,0.00010331000315118602,0.009116828317234489,0.005694744662557428,-0.0006976187943137168,0.003427674552459586
2021-11-26,-0.03219090488593842,-0.02465718057262841,-0.03649704693280483,-0.019890960514317636,-0.019129884969142252,-0.00651127700223187,0.05931749703486854,-0.02303268061640973,-0.03865684430092489,-0.018285084546163247,-0.03058992031301258,-0.0400525594897274,-0.024856090837496486,-0.057766221499914595,-0.026813100125374762,-0.03576115620385091,-0.023134435519292153,-0.04580108556984583,-0.0624127683741519,-0.055979094059988445,-0.021412317856405228,-0.02309835809040059,-0.028003022871837778,-0.023585612427235572,-0.029472639918628026
2021-11-29,0.021637609883435056,0.02086199257571873,0.05775459755944835,0.024702671055855233,0.04484210513480531,0.003448966188649121,-0.030077292950107196,0.02711198427865128,-0.05545087426057041,0.003256220709767565,-0.004332336003327674,-0.0037218679563397502,-0.0073460880182956,0.014960933316548325,-0.007047548297174595,0.005535714626555553,0.002964767927211393,0.009329302290967652,0.011034695536131128,-0.001685010613168412,0.016136535670027943,0.01017906663573974,0.0011591096992222244,0.01095032312277765,0.0006325133604213168
2021-11-30,0.031089312068294694,-0.018105593764945437,-0.021196597028048707,-0.016129397980732544,-0.022106611244881672,-0.02420334110071788,0.02506494794615544,-0.01736215205095941,0.0002673486690079867,-0.01386951177719502,-0.014997376147412424,-0.024873595617447074,-0.014462191177595344,-0.02847331850975689,-0.020817922804104973,-0.028825184735658396,-0.017390114945304968,-0.028396370457622517,-0.01585078982679707,-0.029037596990310693,-0.015420562086679022,-0.015382691981128524,-0.017507250348968845,-0.003715422272147199,-0.009892689081200919
2021-12-01,-0.003211290558642181,-0.001543876885722773,-0.0385963224162593,-0.012270104976729,-0.060249743975844865,0.013694220809880166,0.01752629429168049,0.0002700872182652945,-0.006294477157882,0.0054502165117296395,-0.005935800046806897,-0.014268268766758982,-0.006644893291274125,-0.012001441878629423,-0.018698004325688092,-0.0008357563277899254,-0.006845550354105489,-0.01334997492568261,-0.019147902755261837,-0.010515281639155957,-0.018228623739821467,0.0036530018442269695,-0.0017185736947997936,-0.01512190306317973,-0.00897865572885659
2021-12-02,-0.0061489298204001975,-0.0017889684885439583,0.021743569063804497,0.01834907404145864,0.010474041519956056,-0.006282217852083967,-0.030451589701350156,0.003773729572704414,-0.007415638532387859,0.008247956580206238,0.020809313045751718,0.028470451007960248,0.028954151167405042,0.0353763776147569,0.02042343102645572,0.02461499985296974,0.026757640017120783,0.029334509280073726,0.014077479025199067,0.03258528621512596,-0.001848596514633391,0.01818911005116907,0.018743661351008467,0.01960246991191464,0.025083221869669582
2021-12-03,-0.01179340898187748,-0.0198626793346136,-0.045630963816378274,-0.005063182169789723,-0.04527563075110258,0.014472176782808585,0.022925250389407056,0.010627622550038745,-0.007471460096057802,0.016800213888153843,-0.01827921340323966,-0.022984629419247594,-0.012489224534574076,-0.02400294702259185,-0.01659207605730915,-0.006384605819393636,-0.006360147976469795,-0.002107211647288918,-0.006606619039976642,-0.002732268678760916,-0.013935728778151546,9.802340316607467e-05,0.002128047278903219,0.003206402408348324,-0.0016167632929699651
2021-12-06,0.021274841590901258,0.009796682487052373,-0.021604635866816976,0.034720022762454644,-0.03497722635059061,0.02209091616714729,-0.05277823803295031,0.023730370344693393,0.0010902311025482616,0.02081676022007941,0.011744660932742266,0.006362255594322762,0.017020438535018858,0.021956171684665925,-0.0038313549691466756,0.011268257321544038,0.01552418507753446,0.023625145766654917,0.018207105567365912,0.025993108035132523,0.011025217696555534,0.019162639384035972,0.02557931050902861,-0.00784319714853776,0.01887851171330168
2021-12-07,0.034832311456400276,0.02641167055104682,0.07656151229939535,0.030516159921409877,0.040793289237783234,0.002574334863808728,0.0046513167370809015,0.009991032544008039,-0.01564874446190087,0.001317571543443199,0.014935227040293517,0.012604254008989828,0.027389213509454356,0.029075469705143957,0.006059663741183744,0.011142626145600592,0.014693780024040252,0.023884826957486845,0.03357449988673918,0.0246844729510181,0.027602038798318594,0.00115404973325719,0.015978814834353133,0.013991952346547607,0.025260417767458066
2021-12-08,0.02252739332211062,0.0001492142823204975,-0.018707910432543877,-0.015721230717891325,0.0026888180152641076,0.0059810635894193415,-0.006206514042154904,0.008847587923571563,0.012784663458628161,0.0029584253931654154,-0.011507147815379678,-0.012377839363746436,-0.006997501573804676,-0.016857876412140538,-0.007019818328068583,0.002886544665830036,0.0044843347763709835,-0.006187525035153018,-0.005314662390702652,0.009705681871623913,-3.689939734869626e-05,-0.011916386656135949,-0.0012705110792953164,-0.0060901918661492105,-8.609989236287433e-05
2021-12-09,-0.0029744624817248065,-0.005597780280653575,-0.04288488691571612,-0.024847069802013545,-0.05040947975583045,0.009447696984799024,0.01314299093272978,0.009467486992603427,-0.004792435293744408,0.018535493282732206,-0.0015570229105681863,0.00744526457009276,-0.0020912972120203446,0.00565095594275688,-0.005136595831475766,0.0025586684256767144,-0.0026203784623149012,-0.021274719986239084,-0.013410969171936524,-0.014267394736494859,-0.011343741238858878,0.0002186730784224558,0.010576411642818634,-0.012708664242955917,-0.0077718837624843025
2021-12-10,0.02762809652436635,0.02794542935058258,-0.009623011650224077,0.002176606398915086,0.0032531887237945587,-0.002474216305751389,0.013351175231697605,0.01032021986512847,-0.003299170775501339,0.010576195836681108,-0.003996020308381809,0.000674092910639468,-0.01378981368163939,0.010211304173872912,-0.023281207023604346,0.006368315119991157,0.0016913500368832643,0.012873415594904862,0.008960351644293355,0.012011135490770028,-0.011311296797986634,0.009821726311490248,0.00997517177663982,0.005694422652494986,0.011892645649740213
2021-12-13,-0.020890965972543727,-0.009209144848924442,-0.06983757887533683,-0.01173087747708213,-0.03488512283290566,0.017727926661867243,0.044830644542279405,-0.00018839949114928935,0.010955687072518436,0.008254792514344378,-0.011959722088566858,-0.021340104254588953,-0.016552964786722312,-0.033214889416129434,-0.008768512875413224,-0.022144466321604415,-0.02100691310114542,-0.034187265492838285,-0.01856980437957734,-0.038149891548769695,-0.015475202151186945,-0.024762420972772883,-0.007120387366729414,-0.01321828959910027,-0.010073776494849342
2021-12-14,-0.008055260443024294,-0.03312977946379118,0.006230241196593286,-0.006018078284077293,0.013363250014989109,0.01086392824944812,0.006140520236311357,0.0027569422363657495,0.01352040207303363,0.006146452243179689,0.007632542530453422,0.012541445226704535,0.010808692312313978,0.006772739205259837,0.007614677421652812,-0.001461541931120812,0.0029300019217859035,-0.004799269136562995,-0.00852164723632669,-0.005378286631105547,-0.002811076756339546,-0.007529967640031599,-0.0021690667435217805,-0.008668598082727656,-0.007382593007713799
2021-12-15,0.028110025684069,0.01903557880616721,0.07221320730475866,0.01932901610617445,0.0773160079396506,0.004979015070011482,0.057038273954892,0.030643912218952147,0.02107307328933672,0.0228341755815688,-0.007505990726715391,-0.0043149576044298876,0.0027992893058168553,0.001022019927561746,-0.006618238019476093,-0.004396980598407243,-0.005695141911798538,0.0004241865188398249,-0.0057610184590871855,-0.012207762930214043,0.024670732493370397,0.013851686761734866,0.00758957814929365,-0.00911041490318424,-0.0002617391516382354
2021-12-16,-0.04005511735856633,-0.029567654397104036,-0.07045017018792281,0.003152650584292353,-0.05514478745219176,0.010867344630095147,0.04082211117902426,-0.003079182432749906,0.008201096927053795,0.01183175656567897,0.015517644224810837,0.02383738157500091,0.01895204126183149,0.027410203882696663,0.013684104953030829,0.0016305607398057534,0.009302437638457171,0.013903699932784834,0.01614064982528755,0.013218198704611045,-0.02597563931621664,-0.020512468818707046,0.0038863314880441045,-0.007225211878288252,-0.009550095208249357
2021-12-17,-0.006523392546364786,-0.0033916051014951385,-0.02085928934215278,-0.004139794125877994,-0.006440192971906411,-0.02801724338218495,-0.029323858874598496,-0.011714829446164489,-0.0029024630630852723,-0.01722132161589509,-0.023017087645027377,-0.025203642725186493,-0.03997105264436909,-0.047846315362564645,-0.025372195585826304,-0.022076379619616494,-0.026408949792134206,-0.044052134209190394,-0.025737454204014014,-0.024886057221308683,0.006766260845510533,-0.02933482940528305,-0.014604220828500577,-0.008393314596526506,-0.04464784930090978
2021-12-20,-0.008155083415393042,-0.012086284056128282,-0.0029537424871378284,-0.020356056862475363,-0.014257210435985006,-0.002857229718331081,0.025561544676875693,-0.006983497182923935,0.009467610610788857,0.010215551647802698,-0.018153209410916884,-0.01654457807879097,-0.027052074501579555,-0.02320779519510168,-0.021389546300162064,-0.01459887966217006,0.0004403102768529111,-0.00014589822017692532,-0.00501235652909592,-0.017409878091963434,-0.01743466066061881,0.0036531921198788087,0.0001147484014061771,-0.027519324907351927,-0.004983473277446205
2021-12-21,0.018907255900213568,0.022807248016516065,0.047760351446177816,0.023314892983023087,0.06036466779117012,-0.0032241848795275946,-0.034511864113278196,0.007168221283821758,-0.01145130966555691,-0.006978383543543727,0.013869864093759617,0.023584611537661806,0.02316831046883799,0.02028372904281999,0.01869858271821294,0.02239771779540492,0.015887300608594626,0.029870145977742766,0.03260456524389076,0.033842991958183424,0.01978169533389277,0.00274419837296127,0.01011177030778583,0.05965731534745156,0.020874248696904376
2021-12-22,0.015202471675311045,0.017896153202613087,0.011115913785515609,0.003931518543938858,-0.002568252624085571,0.00429664145481288,0.01012650394744346,0.014103474172922827,0.008174180594510898,0.016030833427043725,0.0039005646346754273,0.0020341429343771994,0.005270917597908223,0.0045911176268398956,0.0036979590552885717,0.008066576642613501,0.005699333087682179,0.005643214647707666,0.01002486236808822,0.0016964141369288934,0.003631503982249459,0.013153577855342513,0.002077964839725529,-0.0071668743737932,0.012336282304959366
2021-12-23,0.003637119137908246,0.004461725189939811,0.008130188193288954,0.00664859189543363,0.015585409422463125,0.0019037883431495166,-0.014206188692303912,0.0025267126894272718,-0.005662113127233556,0.007845069318404103,0.003567297176801141,0.003156923781526546,0.007063135500345901,0.006847219332359749,0.010182962629064709,0.0004917156676553967,0.002408353222173841,0.0015464207559231318,-0.00045876993332402086,0.002369942449210167,0.00018411946479317587,0.003607756658154517,0.0038051361692864162,0.0013889711062388614,0.005622262405952755
2021-12-27,0.02271484306788376,0.02292098695946746,0.0430865078689673,0.01220340181028101,0.054722478436910034,0.00840442211976076,0.008311624425848754,0.008282280930421205,0.011030823742992992,0.009869258745250598,0.005706698119295464,0.004940519268327282,0.007761432415175161,0.008442215566253101,0.0072812647630483935,0.01415701473281353,0.020238588239116274,0.027980029379503724,0.04046422619316679,0.00908948574429112,-0.008211646321395375,0.017525152877546135,0.00857359942431766,0.011462828105460645,0.016329550219755413
2021-12-28,-0.005783931826344443,-0.003510290149690067,-0.020337773079129474,-0.003471527891626151,-0.007869747197900307,0.003999929047404838,-0.020306390204451533,0.006863338951613753,0.0031298149616791073,-0.00014886963647263156,0.0030302868534878573,0.0013432061497068953,-0.0011089112127470194,-0.007202415606437114,-0.0004949109958198518,-0.003236819192717021,-0.001938049268389304,-0.0012303308736227438,-0.006188392453610271,0.00900768035329008,0.005826710732445391,0.005257144331866846,-0.0013430079583746095,-0.006945963949904749,0.011749727668979165
2021-12-29,0.0005019714418184807,0.0020491356277472536,-0.010642808853926202,0.0013513167347136972,-0.03245034124790718,0.007019465088266557,-0.007440001076704832,0.005235432477047522,0.0018210330103512636,0.007191946878107443,-0.000504284649911193,-0.0015673762337017534,-0.003644147236178015,0.0006196743784569429,-0.0013203490544057782,-0.008791855257401093,-0.005158399097086851,-0.002739153271440015,-0.004109177360595078,-0.015395277407824315,-0.008591725101779567,0.011308968218710027,0.002274651468540362,0.014081201875641425,0.006984542347065378
2021-12-30,-0.00660005479829081,-0.007720981887505351,-0.013929237693539124,-0.0017379018545388386,-0.021199803756762527,0.004420504108030377,0.014140528691972248,-0.002277161894065529,0.0024658682393294733,0.004202092137774782,-0.0005048630006555662,-0.002243038461941672,-0.0017624226067160394,-0.007250421155070672,-0.0018186348251348718,-0.00590471795378013,-0.0044184217207987354,-0.008815547140311682,-0.007484657976886614,0.005717177340153408,-0.003294427727342962,-0.0021931278250978898,-0.004778800483870565,-0.00767220174009606,-0.001203810938475473
2021-12-31,-0.0035413937355636906,-0.008880370653688038,-0.005932647676916144,-0.0046493583757685406,-0.008649076942585331,-0.007222360011127852,0.011068864637131269,-0.004550150258972417,-0.00650270413939184,-0.003906707433585481,-0.0008203925738630351,-0.0008986260253047835,-0.0077336409311226095,-0.002497842915522859,-0.0006622899612522911,0.006558497977817483,-0.0006814695541731521,0.001386681465502402,-0.00393272957871369,0.004350100966979512,-0.011495217795266778,0.012291904334927377,0.003213138226559245,-0.004907868451185771,0.006260718231280619
2022-01-03,0.024696664961624086,-0.004679321292463767,0.023853931004399295,0.0326646309795834,0.04311548054420459,0.0027435450537745374,-0.041492701699763955,0.00027858014980784593,0.0029965870869016514,0.00014782564835107956,0.020934799862408184,0.03728236084476307,0.03286136743774399,0.05573290593265021,0.043897356015166436,0.03768591555278295,0.016145247649797728,0.02178876433422384,0.025892043753382554,0.057417953041416656,0.021877258953900566,-0.015467901558333448,0.001900601148497439,-0.01207222849648814,-0.00248261665364069
2022-01-04,-0.012773006935750158,-0.01729587789975533,-0.027976538952592327,-0.0013164792907578902,-0.03950834367818823,-0.0026849732018472783,-0.03814100513630784,-0.022917111307738602,0.0018197258983947086,-0.0019219097948519094,0.03720891595522088,0.03844571856634258,0.030271029679956575,0.03904644032651062,0.007735322885227425,0.03692394544610111,0.01803187592265303,0.04246378693896674,0.04493814521782348,0.04740784742608366,-0.017060289689663746,0.01022540740475122,-0.0002604148337211186,0.010390860651111604,-0.021133604269894576
2022-01-05,-0.02696017956807776,-0.03914404633974989,-0.05928555059331442,0.013643666187560766,-0.058968534053937004,0.006641284106516823,0.01997175118589476,-0.0024678903074709315,0.023992244781563206,0.005239310626669216,-0.018451449148751346,-0.01702269255842269,-0.02195800827408505,-0.008758436036753463,-0.011705090263519513,0.01236080138981461,0.006484511580264223,-0.01729829629055394,-0.018524068934486552,0.0,-0.019073846316683307,-0.013657550646116194,-0.004928148248629577,-0.02519579538841542,-0.03382887655041111
2022-01-06,-0.01683407257901312,-0.007933286945621195,0.020580963098066823,0.002595694327480956,0.0005874281254335956,-0.003431736112062811,-0.014302843639627486,-0.041784971411458004,-0.0006341742518328867,-0.004721497115691178,0.010568483255946306,0.019935739842878924,-0.004273943377499313,0.025303328290141855,0.03225064990018604,0.023248046470370383,0.008473519595709779,0.03685387934956919,0.0203051088865625,0.023474534790180107,-0.006733601858714689,-0.0036407203411422556,0.009313084103961866,-0.007485786738744244,0.006318204268984266
2022-01-07,0.0009879739921608928,0.0005095819589985591,-0.03359803123401787,-0.01060968848295506,-0.03154267982948299,0.013426852196728912,0.015919248011119137,-0.023809338663514205,0.018476009706061947,-0.002591553026920551,0.00985919777683719,0.021581455491862616,0.0014601313429966688,0.021034122394350326,0.01331429365598661,0.008163300104536943,0.014257753626170232,0.027023571921736166,0.02726339600864737,0.028374858220268386,-0.004296997177475961,-0.030401394743046956,-0.009799795084867202,-0.025597971965149086,-0.0326489402837705
2022-01-10,0.00011637584266183108,0.0007320505686310054,0.005599404820033758,0.032584443192459345,0.0,-0.0049561747009225976,0.00928927601835511,0.01385902812764471,0.025451882862541814,0.011133022461899268,0.0009566642827057156,-0.0050964463098342825,0.004167360594590772,0.010533890972002,0.0037931444098049387,-0.005970043851264628,0.0006396234171110356,0.0048245021571132335,-0.001019289806208326,0.002565904615421339,-0.006591854785116594,-0.015748014285383583,-0.009972265492770395,-0.042490573099207424,-0.014419790384513487
2022-01-11,0.016644123432639844,0.0022568743894649675,0.015104359288420835,0.01259932014366265,0.039439202967038435,-0.010687042720588921,0.007969240507078819,0.008565604107578945,-0.008534508975250448,0.0042434980089707825,0.0010154666984355243,0.005706102042444083,0.009673256721027554,0.012746066389657336,0.016223829941041094,0.04120167370364032,0.02260229273526675,0.031104494557187903,0.04135191905583951,0.0379935361666784,0.023718602439306714,-0.0020408512653193192,-0.008698520934960253,-0.0009308672304046568,-0.01894668263054104
2022-01-12,0.002566933966892548,0.010390894187539808,0.006521534026092928,-0.0030453761689719053,0.0011645948096974897,-0.00856238490571444,-0.0007056669465127656,0.010013400459251191,-0.005771729141894431,0.0023331845075777345,0.0056560833517639375,-0.007137968577784815,-0.03211947518409162,0.006046652762143785,0.0025301525276067672,-0.0029476665071172217,-0.0050135763791759715,0.009643621601845372,0.005561826606801607,-0.0008226212190925939,-0.0009377696670975312,0.007035450610179797,-0.004588479442212375,0.01262777504408006,-0.0016353387676419334
2022-01-13,-0.019211057399532255,-0.04324456596023018,-0.05219769711626441,-0.01445628285465185,-0.03501335126244453,-0.006084642014348141,-0.019788446852086816,-0.013366755523456751,0.001476736906106041,-0.0175205812205168,-0.0012476184381310918,-0.002048651228349204,0.0012547678078981938,-0.007117626307117417,0.007404222484817879,-0.007194652546404987,-0.004171015362686187,-0.009284704237596359,-0.00019565013079950113,-0.007711458537106072,-0.024466534551061184,-0.006234069168531485,0.0018761538308951894,-0.017362895146951475,-0.014253316774170821
2022-01-14,0.005097534724548389,0.017561513391665114,0.013715458587268064,0.013738569382247202,0.03071229615548802,-0.005466612291904111,-0.010679906292138372,0.002691909175573838,0.0007377116954766685,0.017447284828575854,-0.06343348778285955,-0.017585942403387976,-0.025553913757858725,0.036125348387925936,-0.012620011995249536,0.017403825869360692,0.016891176029152775,0.03663262630723513,0.03496913607201778,0.04434368917681204,0.005715124523055335,-0.03947934506137102,-0.01425531645949415,-0.009470753748189488,-0.022517275265549325
2022-01-18,-0.01907501541635029,-0.024640301792985913,-0.039327854316798146,-0.01702014796934427,-0.036833241876412584,-0.004418460970533925,-0.015404629046601547,-0.01656517874471733,0.001963970612259811,0.006675267569701969,-0.042832444887046725,-0.03504637173320995,-0.07221597574968004,-0.02387917262488737,-0.024655215934218214,0.016695842562756677,0.003251648576108558,0.008837660724050242,0.00037887062994385024,-0.007166621025702395,-0.02006265472349509,-0.014295055767227541,-0.0047841354632994675,-0.008334965296324328,-0.024160699324830014
2022-01-19,-0.021248794949584683,0.002244423247052923,-0.03280657614794478,-0.021038026125327673,-0.02813397275963759,-0.0031169520127305125,-0.010589951956570634,0.00331347737118887,-0.0030706354061805687,-0.0115444934199998,-0.01559001950040085,0.0038834733385373246,-0.020179594387427176,-0.01995433263901038,-0.01636598125671762,0.00041038530317507764,-0.003639324394244808,-0.00263158891179993,-0.005123292974747387,-0.01179014781805344,-0.016614359071245203,-0.01935608120337425,-0.004924861037846727,-0.01260055196882197,-0.008838792765119756
2022-01-20,-0.010400949427999153,-0.005719261864051914,-0.03726797068902026,-0.029909244443584247,-0.05101845695975154,-0.008016366420742037,0.00948062579669829,0.0010373181966122516,-0.006665078086135827,-0.01625467659661001,-0.008564110209334258,-0.01496952468162955,0.002243449039439617,-0.010310330716035383,0.0034186718005940523,0.0021860026094592624,-0.0035750120710903244,-0.019085754446375884,-0.015626180119963213,-0.001348553120127223,-0.030080217077818206,-0.02851020478869907,-0.00822261760496134,-0.01653763185096739,-0.011942856987056449
2022-01-21,-0.012847272641443622,-0.01864116094228773,-0.03265993392800916,0.0,-0.025593435738980572,-0.0023020342075974385,-0.023587879660109737,-0.003960374989397226,-0.009581210457838657,-0.007924204426050015,-0.017626692450642766,-0.018308658875448122,-0.01210985875800331,-0.024479068276458828,-0.018633612697973513,-0.015126746770551104,-0.012061274253205507,-0.034574317310084396,-0.028121090466125695,-0.018799186771951814,-0.06134555364691525,-0.001374064036698485,0.005751226893528535,0.0015403961542320619,0.006145033518395748
2022-01-24,-0.0048764602741954545,0.0011479362903059323,-8.569212215803846e-05,-0.001923607490181374,-0.019376817811636905,-0.011591185447740732,-0.02396353346549883,0.0023824627545248936,-0.014483149715146484,0.0013628042460956935,-0.0008966078353347289,-0.008270957362775276,-0.0015131704810491594,-0.006542529558882508,-0.009049774159988535,0.008554472296210924,0.0021249927869977305,0.0036202587493257264,0.016557041508309774,0.006579092620118421,0.01323896043083007,0.04127338458372478,-0.003856839535421178,0.021111729139474043,0.018415301175686623
2022-01-25,-0.011449916598297968,-0.026948204235227115,-0.045876495777992084,-0.01826357664674676,-0.047448077627213085,0.028193273583708194,0.019216601163019185,-0.01181606081401212,0.007960391305329911,0.0070123552163034435,0.010841495577251177,0.019560603411206093,-0.005372748366374583,0.005050951797322206,0.0222388628185491,0.028975486131121452,0.04165848642618021,0.04809026483409037,0.04426045406670983,0.058113995216863085,-0.03204163984338447,-0.013365166372975667,-0.01162046833737589,-0.003567784971420877,-0.011173215388996485
2022-01-26,-0.000563564951180519,0.0280948242786297,0.01986961535200689,0.013438664779002425,-0.0037865008807418995,0.0044640328253831045,0.008905738850380448,0.003474524114968342,-0.00403548370425923,0.008529268107110667,0.009441005356469231,0.010292393384402588,0.003302808958407462,0.010210762491646557,0.00993342156918537,-0.01019461711673327,0.0007537622171330143,-0.0005745297007830937,0.005501912381612292,0.025704715286404035,-0.007986135126473034,-0.0047467170060513245,-0.0033163506092896314,-0.010294992956778482,-0.014850595035042557
2022-01-27,-0.0029473620930802213,0.010493764384188524,-0.03703798118086319,-0.07302209805564643,-0.07607624373722109,0.013039444483274433,0.014342630941359383,0.006891085223931665,0.018032201650128764,0.012879347099505407,-0.017801787706821243,-0.009412166008396727,-0.004826642045904646,-0.007043607595226199,-0.009309410482659583,0.012727041018681069,0.0199961566753414,0.029427628776460893,0.020435245688744094,-0.023901579635118308,0.005493528624727967,-0.002382120666096883,-0.004452633902946828,0.004504309254265165,-0.002724060287355602
2022-01-28,0.0674507231123018,0.027694731596854375,0.0400195100168335,-0.006681959294499064,0.02540551800888152,0.007009827612787955,0.01782777501108251,0.009615465179572565,0.003963187597494043,0.014239591562752788,0.008906455127811436,0.008758253950564171,0.017383378278875594,0.007966958712223571,0.008382407831741623,0.0021275735890427623,-0.03579591262547713,-0.004919740619618203,-0.0004558733698032458,0.020881947103006015,0.030610731040560255,0.027969879627499687,0.02912065218093615,0.008741888411226277,0.01963387796295125
2022-01-31,0.02579039336992486,0.008784989210475087,0.06958830712125251,0.022579727446353576,0.0821455939008777,0.0029062541867995984,-0.030650922022329437,0.013871698809266328,0.00714383312333938,-0.0074963310179027185,0.013482066352244037,0.005868951240067279,0.021862223497817104,-0.0072231317138417295,0.006624892608706341,0.008992696020106699,0.005497505300246299,-0.00674770028144948,0.01609591883325029,-0.015492288614408762,0.038127433338896885,0.001199903184162753,0.013035256684347882,0.014695217943376476,0.011354076832425897
2022-02-01,-0.0009731240215603364,-0.0071643758386165015,0.0061885649238003345,0.002659483507428498,0.021902782628062088,-0.008217448005152584,0.007186229919063275,-0.00884188395303359,0.0053857290183955495,0.0008032103106519973,0.017014690154920693,0.0171900152115737,0.026102663980436404,0.032909577758283404,0.021872098464736176,0.06214113119807757,0.026004570689220928,0.03241849922175345,0.01513418825546138,0.01145184009697576,0.01077253018259915,0.004675842627369226,-0.0017748975621999286,0.001012368809917366,0.004465341412416508
2022-02-02,0.007019554841880548,0.015107309452401926,0.024219105989529456,0.011375327941303963,0.04993943475084113,0.010999791675480729,0.014776196482458747,0.023983833337750535,0.0010978404656969355,0.011755541073048038,-0.008037598790487972,-0.0010658356801459923,-0.0027505991958367867,0.005917792549480331,-0.004970067846193785,-0.0026014499525813927,0.004589404688860388,0.007292736452771573,-0.0022996573512011073,-0.0068554617253814565,-0.0038501180924552735,0.013550484528903652,0.012623250679553213,0.003300835251359321,-0.010484110438305203
2022-02-03,-0.01686113480229892,-0.03973141176502704,-0.05262451280624444,-0.025157475961301235,-0.022073044579387628,-5.7899081916475186e-05,-0.008951946005168765,0.01856415252135363,-0.03726674990583998,0.015106751200494293,-0.008304258487322167,-0.009858737892097751,-0.011579960501250722,-0.009201703057840205,-0.014754526967255013,-0.01172789844990873,-0.008975897592342663,-0.014638949868931772,-0.010146962530886924,-0.017217407972257577,-0.08134849507057183,-0.02415717860293766,-0.006272385088092994,-0.0231290768403291,-0.018485578682566096
2022-02-04,-0.0016807975923664425,0.01544868993169144,0.015373182704199817,0.0019808617422837752,0.028892330104462197,-0.006562273784270854,-0.007144169330836604,-0.011523295888069829,-0.005711882144694942,-0.0005685171651319779,0.025626959036530478,0.0390716901767136,0.024007500270488796,0.02080809309404032,0.020332656882440885,0.021479355956540658,0.012440695014885088,0.010944906244223344,0.017030455681150088,-0.0018162339447905808,0.1269489157684572,-0.014189610467566961,-0.002227625591968215,0.0005502150172922394,-0.009846200642161816
2022-02-07,-0.004243471910117735,-0.01644471478646335,0.016678296147269657,0.0035346820732073667,0.00056618026970084,-0.003326695129171156,0.003954363776299697,0.0010960691599040948,-0.012552868595508226,0.013278033323352072,0.0033375919454937397,0.004752529652181291,0.0014948347379204294,0.01759676778560337,0.004228288481215179,0.011965991327441717,0.019459131325233938,0.011579444647229254,0.008669716992782928,0.044688736074951156,0.001875974577811346,-0.006471141729550904,-0.0008079008872778048,-0.0017208087661551943,0.0019979532832562234
2022-02-08,0.018298262867639224,0.011923854402491923,0.015250430256603748,0.012991249632015913,0.03620878020429975,0.0026273684978067907,-0.028788612102381202,0.01987570842441994,-0.008673735566933396,0.006852162445136512,0.018639792627394302,0.01777564888652597,0.005283061213544584,0.02446690501021306,0.011387695017033449,-0.02619285142546831,-0.015346102880142402,-0.01747492285537708,-0.027939311086581403,-0.031503257577777194,0.02178265381683596,0.011380512805486468,0.0008845173219415738,-0.011154504310424555,-0.002840504968321264
2022-02-09,0.008259639106503928,0.021599798007738473,0.06166414901192035,0.022286170901505722,0.035395224996439205,-0.0001165517165369624,-0.00445855267053328,0.00946045611102743,-0.004952975086564426,-0.0021624461075336935,0.00415948735875519,-0.0020272276252618635,0.011898457084038546,0.005262956213220624,0.010669688162395437,-0.004798263180199246,0.009845579504384323,0.017582315960660944,0.01583364771439717,0.012771292880131574,-0.0013886979453967615,0.008073474163392172,-0.00084601564043243,0.018841743392606095,0.023015721071572917
2022-02-10,-0.023881782448632437,-0.028783284948767855,-0.03354661459698404,-0.021262322690310875,-0.05476590278071969,-0.012144238826269641,-0.017047734054299067,-0.023112001938018954,0.0003914424397089886,-0.003427722495307023,-0.004159487358755225,-0.004678010523595623,-0.010629361755266317,-0.00016939422647982208,-0.005024333037135455,-0.009666825097276961,-0.012781691697434653,-0.0112518488851578,-0.00575275135722881,-0.005854710687744272,-0.013654506185153747,-0.025798597471622428,-0.011572990487750914,-0.009894394020975517,-0.013857949978347224
2022-02-11,-0.020425657425750084,-0.0245735284523636,-0.0753776270839238,-0.025496193537920955,-0.1054753409572586,-0.0101445507888768,0.003551269163747905,-0.017806392421560704,0.0010446858886805025,-0.004917039025819873,-0.013102217203392372,-0.023307421507843557,-0.02047453104947516,-0.012610911779278521,-0.00519843599992557,0.024866628285183545,0.02015704690354052,0.022382953639272406,0.03566038643857225,0.03634951784865689,-0.03657177570139793,-0.013609753769251031,-0.006679213909824909,-0.032564159955825775,-0.016716225237433508
2022-02-14,0.0014221678470130038,-0.0001359759677163276,0.013190972354985847,-0.001050387749641809,0.009584565370660275,-0.01266114852749792,-0.019487551865178438,-0.00783169320083588,-0.00222038256239153,0.0069471874100119745,-0.009333961703080722,-0.010488843303983317,-0.007797475529261326,-0.007920293223125369,-0.010328819220201388,-0.015453303154209718,-0.0155367792269389,-0.021290066615047426,-0.029025369368524977,-0.033035965388647386,0.012147601490993106,0.003618985436538152,-0.0069610683375810525,0.01000808354358006,-0.0008538841900121267
2022-02-15,0.022888522873784012,0.01837292581222904,0.08783868367429196,0.01791321296988611,0.061103288980186396,0.010273250395180846,-0.00020099154312909834,0.008041081684360388,0.017371185567654004,0.012232144119613406,0.014517985234441642,0.00777249285805113,0.010218540084625796,0.009119903305501517,0.008092355294900872,-0.012614041265231394,-0.007346719248155948,-0.020637424459308353,-0.022380512475229764,0.019902496264205316,0.008621083638872947,0.0048240500243287125,0.0016560939252152265,0.027790277540724984,0.00914115494233017
2022-02-16,-0.0013896028267583512,-0.0011681807129097761,0.0006033492881961445,-0.00434458504806125,-0.03161325912764804,-0.0005979439013131364,-0.0022117692621648477,0.0037983224112530236,-0.0076114890140473535,0.007638708393848361,0.0018079461389842993,-0.0023043988911506125,-0.010745990297471256,-0.0041192759115120945,-0.0007465129632532256,0.00460538547819433,0.00029798421838277806,0.005892643358400136,0.007814251549703494,0.0391340639922288,0.010107783346743868,-0.009014059016423328,-0.0028407850043211565,0.00623138932567264,0.007064167554535877
2022-02-17,-0.02149892004702568,-0.029719210706008952,-0.0786007275293991,-0.013778837934412683,-0.046257047271834204,-0.006118728381656482,-0.015824961862637585,-0.02043433843014269,-0.011199474819198633,-0.006188676659560464,-0.023301518115757737,-0.03434986288100942,-0.030999160297516166,-0.03482724664674965,-0.034030478572598756,-0.0015325865459811623,-0.005151272714944794,0.010475682552758724,0.0073985686870732354,-0.01400956815151072,-0.022050230393006458,-0.00616043062871924,-0.008571098719890187,-0.02551193159189183,-0.022632936542581184
2022-02-18,-0.009399829468612078,-0.009677594245897397,-0.035933932192062486,-0.054651412859972597,0.012909101060878142,-0.010776510631552433,-0.007595188319859178,-0.005393712710600035,0.00013101601572860317,-0.006505182915878907,0.004677669752343196,-0.0023909969806373255,-0.008689407243141933,-0.009304058395583154,-0.008847615768870637,-0.011183416270384921,-0.0014230322337313453,-0.01692616281500744,-0.008741487278742455,-0.022135803075003613,-0.013350682834785058,-0.0030800516218219493,-0.0013161429342119777,0.0010495957843065233,0.0031119201250727024
2022-02-22,-0.017972932364963442,-0.0007296337889950464,-0.010716291292544386,-0.007801254164747967,0.015862278448389985,-0.013683168832615984,-0.020821085478097866,-0.011393836848081004,-0.005514758882694408,0.010566680483856818,-0.0017762169915096718,-0.008741309128211314,-0.005128120774812461,-0.006311568962694407,-0.003905091617403932,-0.011702026305704698,-0.007674264015148938,-0.02028678545083334,-0.018901898236252056,-0.016550042907043448,-0.01587889987657254,-0.09266986372349471,0.008345148507174575,-0.03386537835920858,-0.0024671518503831696
2022-02-23,-0.026204584119691492,-0.026234663555364333,-0.04382816583653176,-0.0008953393063919184,-0.05227221843106976,0.0004967206123167736,-0.013983168338537686,-0.006268218379054723,-0.001449299518520259,0.008210115605011033,-0.021161064848020203,-0.01726825604297171,-0.008986657851948446,-0.02435345813642205,-0.01054220507445158,0.004046087080375089,0.023512972230188046,0.004543874478662432,0.007277455219370649,0.004792407210339857,-0.03641116014436802,-0.02472022624220685,-0.01962138501551076,-0.009890059576185556,-0.03786842133906123
2022-02-24,0.01654292441074488,0.049831233310491156,0.0590179753469632,0.045317908742215605,0.0605388553260524,-0.019289280483249845,-0.01960658188785291,-0.008148453200736112,-0.031204291352332752,-0.010204339976101744,-0.028238056140899147,-0.026704558831963893,-0.002935441670885781,-0.023252500198239,-0.041171326088642116,-0.012715673740838422,-0.005177527657852293,-0.005683177493464645,-0.0020869725946160993,-0.03638607080485385,0.04410800497645022,0.015409448973835676,-0.011200939581712805,0.0024816850759690366,0.015056081930282465
2022-02-25,0.012882080285460222,0.009191000058192162,0.01707582547284646,0.02096868199693322,0.03745123153026154,0.04850677691569748,0.03757932169572149,0.042640810131546254,0.037513439640800936,0.028969950015937117,0.023383888098914618,0.03204977846322256,0.028771751208131465,0.026213784810061005,0.021362464385613553,0.02655693914194842,0.040190112889565956,0.03955850359926903,-0.025946694150546203,0.029062049532636906,0.01593036537376894,0.01082784516068869,0.017877748252461013,0.011813067028575895,0.01710361759121954
2022-02-28,0.0016363226997504127,0.004965570190643065,0.009393909700740945,-0.00020938047713503938,0.018658469575542513,-0.008651578026792055,-0.016480522719178388,0.0002522687779524485,0.0034010401215756555,-0.01190699412574278,-0.042592076727415745,-0.01838229444025244,-0.02554339790700751,-0.013770273766484084,-0.04538375559495742,0.00742393690817621,0.025460113085110075,0.03857961490309379,0.06879397840071111,-0.0053377376795516575,-0.0014673390183547882,-0.0025930428691046045,-0.01339180188534154,-0.016343049726243623,-0.008569810857243988
2022-03-01,-0.011695999817181776,-0.012935131968898549,-0.03794677703240133,-0.018621019359609515,-0.0802386164491766,-0.0034695357569745943,-0.025678481145592735,0.0007981551898266112,-0.003139001832308014,-0.0005416054304986583,-0.03845945634953672,-0.03992660681967104,-0.033232224748078555,-0.059442359612576615,-0.010864133158313246,0.009518234462285741,0.038953441817536,0.021896494344221838,0.012882193998598898,-0.04083240709478957,-0.015891148369833387,0.01389764329747612,-0.02122298831628798,-0.032223891874073624,-0.018139125370174102
2022-03-02,0.020379303413972587,0.01760969596486079,0.03132779902208958,0.04285301676540995,0.038348561240827944,0.012361924017951048,0.041739651666598876,0.01898936743871713,0.004313464303091289,0.012649029743888604,0.02052812601565326,0.016116169976046108,0.024618476277287058,0.037659181437151926,0.01642037613233523,0.017032576844165745,0.029094361114912242,0.011077069444002127,0.0028309685378270616,0.04083240709478953,0.006006111112644554,0.02198923663782731,0.005451832858532229,0.02583207520322317,0.02875924789134672
2022-03-03,-0.001983262815894178,-0.014326505170198574,-0.021113016494541496,-0.01942193790641251,-0.054734370765102465,0.014588872083498178,0.002721761541115989,0.00248964143912327,0.006240835148838806,0.005600294235544712,-0.007133263070044556,-0.010768050854761395,-0.008838603751976171,-0.018944837802210103,-0.03311465890547388,0.006312672293518135,0.013404526785352257,-0.006446255916525948,-0.003862336763318762,-0.018518745734791044,-0.02769967430173762,-0.00923713853622697,-0.017965724336170222,-0.012683623026091558,-0.013456365001039026
2022-03-04,-0.018579944520011483,-0.020691022120138586,-0.03335779135555324,0.002916799856144886,-0.03239994444534096,0.0059177554959694975,0.016998774690373423,0.024482617022282497,0.008775764686410371,0.0009967858712318764,-0.028532494606062674,-0.036916999936449625,-0.011310721815105946,-0.04899521770118918,-0.01803724320746152,0.0369447892790491,0.015435063431117911,0.02893740006814887,0.020933511729893443,0.010843993641068575,-0.015381483821486462,-0.00030824333146442024,-0.003555956272464796,-0.018765999432282705,-0.01652399336727767
2022-03-07,-0.0240032711932623,-0.038508823222379085,-0.07156257118762265,-0.008146436764560646,-0.05167696562268875,0.01597956826573756,-0.013867715962251281,-0.023907466353866764,-0.001286101941137709,-0.007399637523151681,-0.039381522720109634,-0.0658578158774436,-0.02388235867270904,-0.0630230814324969,-0.018548913799925754,0.035399047866231444,0.02114261473747842,0.0099233217589634,0.011720409697982725,0.07802601130807485,-0.05786267214586164,-0.004605706427116711,-0.04990833006196423,-0.05274671188052817,-0.06386490522957379
2022-03-08,-0.011744906262672238,-0.01103204204641407,0.007558358359882845,-0.003782249247457823,0.02475185728495075,-0.02047416599823354,-0.0113183696690676,-0.027929627732375208,-0.010085109661406527,-0.01550924567403487,-0.0070676340432794795,0.006499383715846864,-0.001616738365461576,0.014089413943717148,-0.01231669459702021,0.007547037883510194,0.05106796447552683,-0.024692323887616028,-0.019667948253032835,0.06839099201486529,-0.010520594620232346,-0.01885864848433329,-0.0068884832295152,-0.026299181452671017,-0.005461254124416059
2022-03-09,0.03439902401542702,0.044837968202686526,0.06739886563889454,0.002733220487814007,0.05098531670572843,0.003786058367567012,0.02723925258244951,0.025256173679960036,0.01085665641609655,0.011419021970567792,0.03928074831940502,0.06155410563673556,0.03731948960345044,0.05648843398591149,0.01949160048859966,-0.058526345556671584,-0.025298549112762053,-0.02656431926944812,-0.03489428208296656,-0.05752371159544852,0.023717698424230754,0.007467816006511292,-0.0014371653951718117,0.04626874616404643,0.041964125026413904
2022-03-10,-0.027562398758425994,-0.01013787074457523,-0.015589541038962245,-0.020575687809508074,-0.042211258676490324,0.0017699534776383626,0.00918849583043921,0.012016234739326483,0.001284999073787402,0.0022147231187208734,-0.01191130160701881,-0.009056774513211968,-0.011123204267037673,-0.0030557277316642837,-0.01930966604723271,0.03057034901103372,0.026997804846748786,0.03583294705687845,0.05231238143787813,0.01954451803688359,0.05271118653269622,0.0023302917535637244,-0.0021148849656933565,-0.007273311555471081,-0.005035369768745705
2022-03-11,-0.024199172025563223,-0.01951772298137695,-0.02493528965718093,-0.017948286526231594,-0.02059383023309044,-0.001828844010374769,0.02151471833853499,-0.01463754149534075,0.004738868889927081,-0.0007374772454025,-0.022781225275814526,-0.008394719974059892,-0.008829358277867787,-0.011079370363699107,-0.01320613848993882,-0.0051677862726163095,0.00046806088414624245,-0.013223926562338815,-0.027056106903924394,-0.011587269445669854,-0.008845856240147519,-0.0036236934279199684,0.02169959531508391,-0.02734820663595948,-0.05216312477893239
2022-03-14,-0.026921770979566637,-0.013045859282934379,-0.03546314981528348,-0.0316995173673934,-0.0197546939888789,0.013722631170797384,0.03863157806496433,0.010404177353397685,0.0027036049130696434,0.02018932074511474,0.00988163088807615,0.021342525585012772,-0.00619638750741507,0.0282739150358534,0.0012916380945371853,-0.036455087487484765,-0.02476285232303801,-0.019081234133737683,0.0013822187943023621,-0.031974528278067176,-0.025553208143987614,0.0049438339043297195,-0.0030458502232038193,-0.04213779149473307,-0.04247060200291521
2022-03-15,0.029245599581937363,0.038010831312357454,0.07420501222247139,0.009191900536956218,0.06695005327144413,0.02558875141354195,-0.0007658512037038403,0.020267712916391956,0.010996124996377032,0.024548100121416436,0.017590537639462882,0.007254845591521675,0.012780356072723669,0.005001609450926352,0.01609685052826111,-0.05859624298176338,-0.05195001560855934,-0.015658082724733128,-0.017591713778500846,-0.056691669609083326,0.03813139923769891,0.03147579099958789,0.027860217239180498,0.015445348966197182,0.047173565539812515
2022-03-16,0.02860231323198877,0.0249010707908875,0.06419033953539566,0.039812787394455464,0.05377353055156938,-0.009239746132824812,0.013507361191293806,0.000702715005674172,-0.0066344821958443006,0.0010900433769776298,0.043716322637517985,0.03084496421049377,0.03463436521598697,0.02930093075536458,0.030205141469753366,-0.003762480968510417,-0.0036078654018673055,-0.0024226814289740654,-0.007230425467432468,-0.035782744864621,0.03819476755459102,0.007187745154310714,0.023667483217740697,0.04735331368319715,0.050324274324471306
2022-03-17,0.006433446933543506,0.002815086074829446,0.010962019650971664,0.010877636345294955,-0.032417180334417726,0.012979819076165335,0.02463728857383694,0.01742836721405634,0.010442338043370082,0.016145790951010756,0.012565061649828383,0.005359325070932013,0.00733901059356225,-0.002328056936292181,0.008589802000215014,0.026298631146698514,0.0171621931716064,0.041420883118913523,0.04219448518875046,0.042130438928854916,0.02664947618554765,0.016335378914277856,-0.002817413816915334,0.017577560629644887,0.0028562212237503827
2022-03-18,0.020702999221437795,0.01749419453066383,0.06589748793494851,0.006554768832127389,0.01572314541775015,-0.0111478639543849,0.0049655992068959424,-0.0017765485175583462,0.002151206340367993,0.0038389616530520197,-0.00035664074419444324,-0.003025542339508723,0.0061279661690413845,-0.0011663516185042295,0.0010466609736153698,-0.003932647964959385,0.008008206920372506,0.0077608156823074665,-0.017717602632701286,0.005552736741198474,0.025192147663773066,0.012938033074565269,0.006087268154102386,0.029617663175403885,0.02188938150611384
2022-03-21,0.00850151751958478,-0.00423647806454391,0.010566720205053386,-0.001265296827677958,0.021449938387321975,0.005646287203498377,-0.0058878407795479445,0.003038006185557746,-0.0006325287994600113,0.005325150537965177,-0.0032170867491655777,-0.0013996948746505917,-0.018645063491051276,-0.0054601253352141756,-0.00647235658829134,0.043893473213581564,0.017833031101504065,0.03123407541296757,0.05591989155568809,0.036089014809014046,0.001493436589994942,-0.033938103617182504,-0.01518261631190154,-0.008032844178157411,-0.031057495566598106
2022-03-22,0.02058716555796817,0.016246616526401733,-0.007886151370613926,0.020881874675315642,-0.009883040171517848,-0.00473146870735063,-0.02144992839810575,-0.004620009141923521,0.003031322590786056,-0.0002498217836008273,0.02104463308449649,0.030799980637265828,0.011759204789512015,0.043056529240879354,0.00908472515607427,-0.00438952932673581,-0.0033461566727154826,-0.00968087216877481,-0.01339991066539036,0.00024281590163157697,0.020820051155123028,0.0010924935835350564,0.011828566329405455,0.022030593368428383,0.011788261397190853
2022-03-23,0.008199954901497707,-0.015144099697144402,-0.034130211774763525,-0.0024828619816978665,-0.007520810454558131,-0.0037786145413244558,-0.01615558016419922,-0.00414443800756211,0.0054077859907995605,-0.009986978484186976,-0.020114439049672597,-0.02498122454140134,-0.021809747818610076,-0.04344782894169787,-0.02020286396841108,0.01563974403708294,0.010728854471280122,0.025226871823550438,0.022261362081964747,0.02894631892863906,-0.009022396175222974,-0.03921481102459251,-0.008434533184332743,-0.0006765888908960118,-0.01918375674304921
2022-03-24,0.022424629943594322,0.015275648326598458,0.09362743989745559,0.06709893393690618,0.05640224288195418,0.005148981657716549,0.007635069044613932,0.02012460589951632,0.008492571611657377,0.011673009598385154,0.006489237908541183,-0.00046432326994184215,0.0018455782762088209,0.004099630981300498,0.0012413924961112196,0.0030027947702493045,0.0026494543260664805,0.00162774449525617,-0.020772741129090062,0.005408338176797814,0.0014768099843156708,-0.004013428882523295,0.01738151170869322,-0.006941183816508876,0.010384289552459207
2022-03-25,0.0037268848886439997,-0.001382020574275429,-0.016403687763448145,0.0040598446608374,-0.007160735187898686,0.009541217712866555,0.0036063127819431317,-0.0008375388941136618,0.01149927029711436,0.006529394408991546,0.00870481091095861,0.015207646096308876,0.003740577405008066,0.023680008972131447,0.00565583873651692,0.021593072035315967,0.01793793486672465,0.027920736894651202,0.028512817780634244,0.024097413696540882,0.0068448147304497955,-0.016282332191790136,0.005479108641736314,0.012190680518682766,0.0037807541728159455
2022-03-28,0.005024094063035337,0.022853327230366524,0.01885190225195421,-0.006193154527198278,0.004751788393772371,0.005130556110625583,0.009428657465342386,0.0003311235973206165,-0.0015994555424581902,0.003959298317877318,-0.00742637008404024,-0.004124515505277989,-0.0065102237025916635,-0.014372234025575265,-0.014557510204094107,-0.0284526653758838,-0.017637245438874474,-0.03791882756211972,-0.029753054681709416,-0.0456698854965857,0.02527066880086216,0.011520673788201227,0.005613840529675564,0.008267853659183715,0.010578420891862289
2022-03-29,0.018953680860091558,0.015045550009417784,0.015367303224640298,0.014264041411273824,0.024562827512904544,-0.000506425366868216,-0.010186725685846498,-0.00482455024495876,0.00442341590068277,0.0012955101015194805,0.002198316687848403,-0.00252926717914428,0.01291961155472053,-0.004061572337027395,0.009787527161847255,-0.005327556812293471,-0.012278252685294823,-0.027525433444996146,-0.001905069701085489,0.021337758876872476,0.0019184362663260243,0.010854794577358993,0.021299408981775084,0.03161430410845417,0.03173812517481682
2022-03-30,-0.006671625190074265,-0.0049264136987633165,-0.034291522858847116,-0.015818381334686774,-0.03308201916037515,0.010354848342126794,-0.005704534644902286,0.019563501939721315,0.010123547154776714,0.009634063330566944,-0.0045434353146667755,-0.010180350780457837,-0.012055384883384692,-0.029300930755364704,-0.026921894677899964,0.01697296627149704,0.007034438652022607,0.007047625279549942,0.0038062895276738833,-0.009901180881999608,-0.017961531171231216,-0.02954692150431501,0.0034592626146901467,-0.004321508937215379,-0.002194632907095646
2022-03-31,-0.01793572817927167,-0.017841128095414552,-0.014697488247422997,-0.03703760574837925,-0.08650827605686844,-0.013228125131402143,-0.01285898148727494,-0.021052599710271437,-0.004256527689238277,-0.010065603772498504,-0.03048698062572011,-0.042276757738268986,-0.016494288459983176,-0.03348193274928207,-0.028976709349140525,-0.014305746024194764,-0.016143410725631226,-0.010939755858830419,-0.015479733514460749,-0.021552179053135508,-0.020064520292900095,-0.030045468611778335,-0.0070517742626845835,-0.029148980747599283,-0.0006592284640908316
2022-04-01,-0.0017195611613286875,0.003593923712192811,-0.021260888973740955,-0.029693949313445336,-0.010573296708596235,0.005401881152728639,-0.003870487583598918,0.005124379257627809,0.017757298036225024,0.0035098187488927946,-0.007436664843099212,-0.007793361952411868,0.00036353279852588616,0.005145560181238399,-0.020240895146108898,0.0063968482329969266,0.008500069998360274,0.005783437756381514,0.00918344874616144,0.00915632977394649,0.0034450322821231614,0.00851602058057463,0.00793485019476043,-0.007758695695549308,0.005699785264255564
2022-04-04,0.023416815830753997,0.01777748877297218,0.023969175241415248,0.02240363618096121,0.021398003013379473,-0.0096996109861222,-0.012291785578465357,-0.005026473621214952,-0.0003591607727744574,-0.004867899238631756,0.004424378745600707,-0.0017128565614056546,-0.006105338651253019,-0.005145560181238504,0.008941194311218372,0.0004810608199763084,0.0009128870833217752,-0.00029864404408219973,0.004146680889911538,-0.0033635059280706066,0.02884445449723015,0.012149170920773123,-0.009756586028220864,0.0061223780029657,-0.03787090181087306
2022-04-05,-0.01912339993711917,-0.013070435550567439,-0.05364322355203194,-0.021987977727460934,-0.034141794224067094,0.00643944689754472,0.005871928579850668,0.015061978342894564,0.002750823861305828,0.009467622173804681,-0.01170565234226786,-0.017043904153482517,-0.013034063281813942,-0.00704071779550237,-0.02337711451117513,-0.005184100823227797,-0.006163578209964363,-0.025177503994477282,-0.025141687818492846,-0.026583989830602214,-0.025822642256601212,-0.002359491973745075,0.006783428139784888,-0.015302046499424094,-0.04611418263929029
2022-04-06,-0.018623151551455927,-0.03729254949967092,-0.06056882720743366,-0.012334197870053236,-0.029932412382026454,0.025679490584055893,0.0313156630583672,0.02666152732842848,0.014820387279124755,0.03298129223693786,-0.013971309883991166,-0.011022140929307592,-0.02405496526593398,-0.004791041592230514,-0.020566699424657234,0.011059228525166626,0.008837126394253384,-0.005214982585828384,0.005247760648620394,0.007877977086829493,-0.03283328123701215,-0.02094853225768246,0.011800724972011213,-0.03023282865850311,-0.009075968399854282
2022-04-07,0.0018026225620753759,0.006224322089970598,-0.00818684215864037,0.00042072691431025577,0.00048221276699823807,-0.002582589791965408,0.04240204069682156,0.009731495356162637,0.021308508108910364,0.025542704873712897,-0.0030467690880519142,-0.007839390325715434,-0.006694205462531423,-0.0031373316205066466,-0.009944551125894926,0.016597847473918854,0.013799065216741872,0.024507377009830175,0.018154422690307936,0.004648399909649812,-0.0061382328144399005,0.014003323117354962,0.011466741644285326,0.007914820020420633,-0.0028833469768849854
2022-04-08,-0.01198058269689774,-0.014707363980103487,-0.04602852758580318,-0.01141909803672847,-0.02657445559842054,0.0019786873789132573,0.00018116907752209862,0.016640837170795154,0.010087051736577783,0.009648737409072778,0.018142529346981087,0.007083375222866287,0.022784712643022006,0.0205252203642063,0.016847194322236445,0.02082786979316166,0.016794135562396933,0.030444501152441295,0.05059677015642199,0.037840033431907304,-0.021291810941382657,0.02723932904889044,-0.011466741644285397,-0.009552360894239071,-0.019437162352680667
2022-04-11,-0.025847227251462285,-0.04023019640042619,-0.05339203906542567,-0.009616588943303132,-0.03660233364291247,-0.012598259897071988,-0.022732214581825463,-0.01572863638160923,-0.012047585750452151,-0.02975955044759597,-0.0036774721669715436,-0.002018554358840147,-0.0019621308332743908,0.012237798378242857,-0.006506865403112052,-0.03503803572310869,-0.02605291731524071,-0.050451109964025825,-0.04464552590450238,-0.029091385711041133,-0.021850949776512304,-0.014211188177513505,-0.0040246994536066,-0.025047790738911047,-0.010357471051252972
2022-04-12,0.011457741387113262,-0.011281377264501811,-0.01902358746825807,-0.0015041805943720665,-0.02358922969199619,0.00033363985573712265,-0.015321963072691618,-0.006964553469381939,-0.011610551417728793,-0.014949623894088137,-0.011038077780301535,-0.010665319933918982,-0.003059935178645869,-0.018619812598564645,-0.004163149220143549,0.020655901493546444,0.02062409804604247,0.020406924669760823,0.026271507207478288,0.004827366648448763,-0.0022158166719546393,-0.0014030354291665213,-0.0051238044165310736,0.0004800510090844432,-0.011092600506620117
2022-04-13,0.01621044095717977,0.01952032558701522,0.03198833584619967,0.010907968859869076,0.027381916479401594,0.004215865620520395,-0.00018819683628470963,0.0061455834882190846,0.005822026194319691,-0.04279539284089247,-0.03276457045775276,-0.008975581193430891,0.006825321004553131,0.0024753500550725688,-0.003781354177923396,0.014036752237935771,0.015616139812745332,0.0022972793438519584,-0.002102268254677923,0.02473387872500362,0.031037763445815297,0.013393920245479385,0.008631605915441591,0.019404341945506855,0.01406291502611892
2022-04-14,-0.030447103916117064,-0.027457674133870864,-0.04349405280301903,-0.028918751035390232,-0.049066449804004535,-0.00421586562052051,0.000376714256813846,-0.0040679515462263005,0.009015519129851152,0.020918345657310593,-0.009312644058670008,-0.03272977613922544,-0.00102556581346515,-0.046166856574984164,0.015433545512915174,0.01168106445385403,-0.0004659610237914708,0.011309519843482656,-0.00503040907803089,0.015847209398235255,-0.024961650159491106,-0.01918946922640713,-0.0032681357480351674,0.04576375791254979,-0.01770405609291251
2022-04-18,-0.0013320262691357305,0.0024623780486316567,0.024396467298705277,0.02101705924288558,0.008879457587999325,-0.012529468888716193,-0.024391610245671384,-0.0013845058567345237,-0.009712090911236301,-0.018342169073033213,0.01838368665999589,0.03350212077782021,0.02529585191641851,0.017536753461996155,0.02673548682860174,0.008164488248767603,0.013315030049306516,0.02050449724359857,0.0030863957797718153,0.009893173050541514,0.007084013688019547,-0.01425488194865021,0.002193042555734308,-0.013806772247361819,0.0012571041538720377
2022-04-19,0.014016532986554291,0.016896565460883875,0.01887250961341085,0.027283022320393296,0.031865193883183686,0.03005149599634563,-0.032545707674188684,0.006755251567169935,-0.0032586392475030903,-0.019068759583130777,0.020495207791850215,0.01836328060560081,0.018233451690996418,0.01389503845795725,0.011593701794397521,-0.008961608764321003,-0.011917380696212643,-0.01863189229803663,-0.012730660011346253,-0.0057398588343149,0.034294010908479985,0.024968383343140273,0.01713895614056694,0.04035081914265217,0.020147662137475406
2022-04-20,-0.0010161504747152868,0.0037082925591984347,-0.03278690468903098,0.00374838068888914,-0.030481581761409672,0.004414564636797264,-0.00860581096102483,0.015336384307877407,0.00777955029529286,0.002235846057307581,0.0035023586008831637,0.002271733662310849,0.01509606966239067,0.016998700251735194,0.0033955330227790296,0.002276187478966837,0.004065571474614936,0.010870103825585864,0.007608985475153757,-0.01742003817657601,-0.026386116801539967,0.023566638640866274,0.0017605301482828402,-0.008647230631492527,-0.013012325004160026
2022-04-21,-0.00485520709108297,-0.019571451264946433,-0.06237476237747162,-0.012760266844762632,-0.04536589364446734,-0.0028863892245041497,-0.012947723220329107,-0.01582020849092383,-0.0026634309883324225,0.01154798568829798,-0.0077821349282643565,-0.019091786387639295,-0.0200198958215317,-0.01804481345106827,-0.008890705542191275,-0.010629156973211531,-0.047174359193880105,-0.039738833490835006,-0.026428101694988163,-0.04873136811838376,-0.03772931062801116,-0.01528388391353501,-0.002347931952284857,-0.003022092890732398,-0.015207970299971058
2022-04-22,-0.028215547805250252,-0.02444081550547705,-0.03365737276785648,-0.02041750419762949,-0.019215143758009243,-0.009975376944826203,-0.02015676004151152,-0.031182117041869517,-0.019202570762970682,-0.0225204864221388,-0.029142976725466556,-0.035311763222554506,-0.04443637014358561,-0.030601620069638076,-0.026960869655348295,-0.02207338944625825,-0.022302984002831778,-0.0273285963273818,-0.028608590065642682,0.02430221743927731,-0.026969363430673157,-0.033584097587224006,-0.020102839062823438,-0.048321412738457956,-0.013259019935370419
2022-04-25,0.0067146156113119335,0.02412047696636572,0.019637145966638396,0.011111263706507763,0.028520671890778268,0.024324448749688157,0.016893319425731034,0.0063717901694533875,0.009998465323097616,0.008416791227158616,-0.00031561003486385965,-0.007214260725323563,0.005146247325773384,-0.011066546466886134,-0.0019538853375793636,-0.034294459925469374,-0.02173188381114466,-0.046366083357737654,-0.03818132292365596,-0.07372032308694498,0.011872429325306142,0.015966230472215,0.010774426899947419,-0.008793642237004441,0.0007699171378694438
2022-04-26,-0.038042738426539977,-0.03812127139374117,-0.05760211362823451,-0.03327176802614396,-0.06291524135185138,-0.007175893421751656,0.001633003351360861,-0.020211572637965736,-0.011299478477448733,-0.0007681803812151855,-0.030027537756511985,-0.022783766332072915,-0.026161914354988446,-0.02765336712411257,-0.01775900687293818,0.00036469522892381697,-0.0061142613613896475,-0.0037161781874496228,-0.0016113964610287618,0.021731746726377277,-0.046830397470919216,-0.016465877705994968,-0.01715038066186963,-0.05974578929367173,-0.030599223457710108
2022-04-27,-0.00146765840942705,0.04698758581220118,-0.020052505422643557,-0.006612183678930477,-0.0029399678873941195,-0.01406848072422694,0.014377156977629806,5.823230105242262e-05,-0.0008291893473862187,0.009177878066037318,-0.013091317495370725,-0.005502334477921174,0.00035145523141708176,0.0,-0.012621592922756712,0.02815707162528173,-0.0018545290673401302,0.018874297959920017,0.010873432708683893,0.010316006102917883,-0.008819827903123646,0.005452302551733875,-0.00580975974297766,0.0059563662764649345,-0.011837455219504014
2022-04-28,0.0441655105860394,0.022380005050568325,0.07160674929591349,0.03519793350931393,0.054209726983229255,0.007440480450569164,0.015361935419599798,0.020439519493649378,0.048220366404406675,-0.008345671642574489,0.01568923583921846,0.01533030548205361,0.016402114865244358,0.013147628513777439,0.008432129717637607,0.02979740266437704,0.03490618193569751,0.04712070187242327,0.043028498605901654,0.003996976827776785,0.045483928748159326,0.033132144913082605,0.028127119700303092,0.046808731730793286,0.024320420619183783
2022-04-29,-0.03729152285029644,-0.04271131019002139,-0.06446448141576125,-0.07190968971116454,-0.04705141466021663,-0.016487556145079504,-0.028923493302130336,-0.03072943712498482,0.001241123570416125,-0.06222529169070586,-0.032800555348229066,-0.031179151058878887,-0.041422904793002584,-0.03468820197274351,-0.026608419087817997,-0.022616255326662626,-0.03215775806871693,-0.021029528992876505,-0.008612786467546672,-0.027807721448842446,-0.15139791287665308,-0.03711887055446737,-0.019986901148790398,-0.018669916000904882,-0.02565943559942859
2022-05-02,0.0019643065947611924,0.02473504532107053,0.05179763346261781,0.030945429525024524,0.04928004220402605,-0.01013630595142317,-0.014988602780817999,-0.014658177660590833,-0.011795434831292723,0.006717591399547284,0.009090541565325334,0.012810045231587432,0.016009159183996428,0.0009164178548353516,0.010318047463462359,0.013515372087904558,0.019468440263915896,0.00417864889761526,-0.0038615236191090613,0.002560346438244708,0.0017565476902947816,0.02163531044710188,-0.01016541405973377,0.011005868380469085,0.009732489580749381
2022-05-03,0.009576886716280195,-0.00950137452018299,0.003525855226496383,0.0022216222674738637,0.01425675870125477,-0.0019613311340552384,0.01946197048387217,-0.003057503965454881,-0.006294929127236767,0.011631367018723814,0.021193618509650007,0.02702511577782071,0.013566233060669295,0.011158177341731258,0.02813657620676773,0.02039022956148755,0.017006416299729345,0.03089848376696553,0.03754581656587847,0.02624420615488963,-0.001981867083020741,-0.006569308656438758,-0.003126876079570929,-0.025871244467969377,-0.01389475387410147
2022-05-04,0.04018964720215151,0.02868549652815133,0.03666291559003098,0.03231739240791886,0.0870662538802882,0.010656058896208027,0.007478134778171751,0.01588534985880845,0.016171552140111116,0.013214512205718659,0.03254589346245407,0.03934480447599512,0.029590589124951692,0.04038721448568,0.041635942501086334,0.03902869359356576,0.030904090547465766,0.048631150613068067,0.03266707764198339,0.05923180333937344,0.013390415419768674,0.03337539419468513,0.0337904064809975,0.025712529722796855,0.09380501687405596
2022-05-05,-0.05732818341143984,-0.04453148865140886,-0.07609995063987188,-0.0347048116498413,-0.057442406640835796,-0.01927467158952648,-0.024667094602891397,-0.025741281815004447,-0.0057780385153044615,0.0038843344622940703,-0.025337947675144964,-0.028363125040367025,-0.034656302679066435,-0.021439730769487166,-0.017771299981322968,-0.015274158725190794,-0.007967742815951024,-0.009675060695063277,-0.010878995699394661,-0.01228166383321875,-0.07862161321968106,-0.052744726851020475,-0.021461785513841796,-0.06074858259526075,-0.05229966466549138
2022-05-06,0.004715783065423249,-0.009491528807377915,-0.009008661581022039,-0.0067491366747024495,0.015538535757307195,-0.0022088657163823197,0.012103906969804066,0.009855931956196117,0.004308510210715958,0.004262388601615044,-0.001615356791941017,-0.0024005177084698674,-0.0003513113936072497,-0.004702919600915789,0.006023755881713182,0.015165496025847058,0.026296175304849508,0.04588797811631155,0.06887427079083297,0.022324934804785302,-0.014140750847553027,-0.01617768573376589,0.007444591812007422,-0.03552195045783856,-0.012467540175797385
2022-05-09,-0.03375260865919071,-0.03764530770007876,-0.09691774778751513,-0.02815783267191496,-0.09892479865149745,0.00542834510142192,-0.008190040809714234,-0.0267752831121015,-0.008521225377999488,-0.01231145820915197,-0.015148117645053414,-0.029262560930295674,-0.013090316784468932,-0.01333187633000924,-0.03408874607265294,-0.08213545355451794,-0.0693737150736265,-0.10248603681104156,-0.11429122432703147,-0.12325940434072429,-0.05354166033985849,0.009199165371334602,-0.013205852896140699,-0.029067186341611817,-0.04040299846986014
2022-05-10,0.015983795003501416,0.018424738455066005,0.03734657923907578,0.02159006548396729,0.02707347596624255,-0.001354205292242836,0.01732444718042366,0.003263508794146271,0.001937667143656517,0.007457852756785641,-0.024674181307669983,-0.01691401480724329,-0.012476750998043093,-0.02022134478039751,-0.02311539429030172,0.006608332717252757,0.009561697701960541,0.008196801700471823,0.013642258410226349,-0.003950906543807493,0.0006432376717787577,-0.01995974680491383,-0.007340399417292082,-0.015586977213526934,-0.022429373992688195
2022-05-11,-0.0532334899425695,-0.03377352006131596,-0.05640654401534907,-0.027178123486717134,-0.009170799411382354,-0.005435429321083738,-0.0008086747092441288,-0.0038188673334332082,0.015593614293210404,-0.0008553072553968072,-0.006328260854829572,-0.005327642778970505,-0.011572728094884167,-0.011909190251736828,-0.022612664082001258,0.020604959942141184,0.014694534456109567,0.010556365358846471,0.014366089420812638,0.012588691664646896,-0.032556515700991315,-0.028567635963777756,-0.0051006709426818665,-0.014443093322722164,-0.02536777542742566
2022-05-12,-0.02726250293203818,-0.020159673804957437,-0.027741278173836547,0.00023362569743089654,-0.009829781187642815,0.009830389739908567,0.02695283252705907,-0.015234145864459437,0.018220682830631645,0.015216759282999892,-0.0008468687347093773,-0.014156526856358516,-0.007121669954996648,-0.018014019303080626,-0.023350693446744696,0.004529422214172933,0.009454933354312104,0.005638210516211331,-0.006451761667409177,0.017054693534109332,0.01468209351950873,0.023505872000495493,-0.0009824631071293135,-0.00018534892138776172,0.004732388568746017
2022-05-13,0.03141785495754102,0.022344672882457894,0.09043681065703889,0.017584722555152383,0.08854177317609224,-0.005751098968269721,-0.00937106672812825,0.013690246008978677,-0.004634703611918055,-0.005133608258567208,0.008855914699552735,0.0028473352878664324,0.025001214526434293,0.01965715157961599,0.022930974151923852,0.029232434953922526,0.019003275292620813,0.03269271098985547,0.030804441836349745,0.042879870114314454,0.05569537333818581,0.021649216339267786,0.003474737707647721,0.046271427371582935,0.07839026930385765
2022-05-16,-0.010730001868720376,0.001454199162800508,-0.025280136519454623,-0.01199815429290111,-0.009294584022146574,0.006930983302413048,0.014912121677690583,0.007839087420504098,0.020906028910364832,0.012752417708386287,-0.006993906313476118,-0.01028837977565717,-0.011631019418804003,-0.010135614694086482,-0.0037854221822108845,0.023247654781540228,0.03015974187352443,0.029336115697566768,0.016597659614767706,0.033786962082194845,-0.020052883582188548,-0.00013502815951163573,-0.004089250538577751,-0.003634740890466786,-0.042973546073585035
2022-05-17,0.025105068106456196,0.020140231887431408,0.05153364000720093,0.030180595553255037,0.08372538748911619,0.004146936979647158,0.013136062272042188,0.006742962191750263,0.007338647844950352,-0.004448109921454817,0.03260984901063257,0.03333624312794773,0.03092319361631478,0.03491963915821363,0.07291807908688423,0.012673955076710541,0.00587824582398959,0.01430468145695354,0.0083539237560977,0.019039063269998636,0.04030980601090871,0.01661843833694163,-0.009924465204165199,0.028886267878785437,0.01779134275610341
2022-05-18,-0.058073344337285525,-0.046598817823648116,-0.07059773505694597,-0.047271083770523324,-0.062309484488218846,-0.01874064618968187,-0.018478636311759458,-0.043890693228343124,-0.009724752077882249,-0.015299287924869705,-0.01725399276427667,-0.03132764632101308,-0.020139562244016283,-0.03729166225021397,-0.03447565482186008,-0.015977548663570054,-0.026713647553944984,-0.024019892272718866,-0.03872477281191553,-0.043298543384372216,-0.07425163860523787,-0.053823756535419966,-0.04477358019009584,-0.05799123320165539,-0.033657988691768406
2022-05-19,-0.024949831908830614,-0.0037064920800670056,0.010921667784287114,-0.00806090577861277,0.0040424972990291035,-0.008928817274056224,0.004947873755951953,0.015096085403255336,-0.00010852238457907894,-0.004668819927865914,-0.014933119935694255,-0.012404235355305424,0.0047813378308781485,-0.0026157204819315075,0.009283532058797703,0.005390685691622793,-0.007165749029914878,0.0012433866261031905,-0.007205015521794574,-0.006831239728510734,0.0019259973748420684,0.009006549554652847,-0.008912132355654316,-0.02715499059848221,0.009077667808166746
2022-05-20,0.0017456863976746475,-0.0022938237975033697,-0.025431939696653062,-0.00860606473820675,-0.033341661240580855,0.017326245651764025,0.03530234437480339,0.014892246177106517,0.015729837990538672,-0.004690603215124045,-0.008232488875767522,-0.017274837508181998,-0.004552921143716036,-0.007888062370008955,-0.0006027341981646807,0.007868910950091814,0.005736849440380666,0.0039116759275163145,0.0028718772462560677,0.006587705234788204,0.0025313230136678384,-0.0019828360949337657,0.021214592075234517,0.014549519454965352,0.02009398735301681
2022-05-23,0.039335276652695095,0.03152937811067578,0.012146197007634486,0.008368111918075724,0.016652022866286274,0.020209502611878656,0.007783564167172232,0.01298834894290679,0.0029884617053224606,-0.019931243482104594,0.06003284532131146,0.05766685020384488,0.03147445584784247,0.05030896298509459,0.05893221399687001,0.021858146637852308,0.02297310772481961,0.03738035700164519,0.04814608143838866,0.06336787203160682,-0.00031610064973083124,-0.004047196344583411,0.017334032633844854,0.0058164885712296424,0.00040883635537665176
2022-05-24,-0.01940300098230899,-0.003959006842490195,-0.045027761179395345,-0.00788826517984648,-0.041997214611117537,0.010863729553461014,0.009972944786800008,0.011074885061150553,0.00859549943366755,0.00726950546983565,0.014026330308972278,-0.006151781136213032,-0.008436897340024424,-0.012168479068415877,-0.001707021506106039,0.005417155526968569,0.005343435991675006,0.00421072402434703,0.00917176002172405,0.0020520292144549286,-0.03266897126205667,0.006585944975552121,0.02702651587450665,-0.01241210454283609,-0.009579816688566896
2022-05-25,0.0011392899599943162,0.01110841203851226,0.049574183830736016,0.01263880395863124,0.01621272465083974,-0.00986096268479145,0.005601178898746896,0.0010645409716460758,-0.009448539738864333,0.01893299026876436,0.006940104893142736,0.005315244931758123,0.0030211717387308517,0.018991355715723555,0.0003796544874742444,0.019927262145856627,0.01591743731606461,0.015588615095121841,0.029126640715719406,0.02585893686198738,0.025371870055026394,0.019433503402318933,-0.0020878284926990043,0.008445772592366388,-0.0033060391502799514
2022-05-26,0.022934749691140018,0.012792605196726895,0.05031767517075827,0.029880892771591366,0.06376243458058146,-0.0008910878157435573,0.005199693063845378,0.008277609474123994,-0.015479269850198598,-0.009189328089455155,0.017142485686058907,0.022894324548713846,0.027346150902095856,0.03299443417328623,0.026033792727000918,0.0035244834022447203,0.006704438946676696,0.01738380732522293,0.004872794515532852,0.03575645234945713,0.03950431937060653,0.03098928591381854,0.016582238946843752,0.04287556432776082,0.027354372555993857
2022-05-27,0.039947814819531954,0.02723042945416952,0.05238230075334741,0.024311126809908844,0.03492720676080838,0.009041691261468034,-0.0014829567677595472,0.009669608143186148,0.008307016339458255,-0.0037927416909385274,0.014038801650718476,0.009499337982054013,0.015179480851326161,0.006339536763188143,-0.008727029539994999,0.009782302281770778,0.009524815457071947,0.012733353330192316,0.023137508125593082,0.03203670250841173,0.0359770770988458,0.018486574160251304,0.015121537339572,0.026647076336842684,0.029367100105720235
2022-05-31,-0.005360359741023515,-0.0050264342963450585,-0.007416464567620357,-0.0029223004342258455,-0.003919283093517838,-0.00865162408187022,-0.016269590204131074,-0.020580782176376673,-0.011344668482527652,-0.017688997617037232,0.0072863066978848656,0.004850509373634371,0.0008262655349300489,-0.0026183618390841425,-0.003924146251159932,-0.01642701061157289,-0.020514104403435048,-0.01973955952043562,0.000803242210968194,-0.04415824231998592,0.043030852834664374,-0.018684978224503147,0.0013490145161892272,0.02435825236596228,0.02306661288298239
2022-06-01,-0.0008739370256503453,0.002020862027561388,-0.01903223459301878,-0.007003333018099549,-0.006302949602689425,-0.010189514487193204,-0.012712433348776215,-0.008551152117921127,-0.009717902600141697,-0.009202539876562714,-0.01770081865927989,-0.01434984735568826,-0.015415619073668152,-0.01341732525928814,-0.01928247836816803,0.018985404805973174,0.009459323540993794,0.02972459663717761,0.02145344932141246,0.01554403279117827,0.01219142464906909,-0.012240056268878963,-0.011685327865188179,-0.0014312293357614818,-0.02868775456050027
2022-06-02,0.016671729654665124,0.007897522468268466,0.06712823587487897,0.016414048991337662,0.07028291065879007,-0.003156090694302502,0.005901894865186963,-0.0005889640306572919,-0.012587066536825077,0.0049865465523598294,0.01595984438926213,0.006561050941554855,0.007428887458673199,0.0037575488309295395,0.0007631989775689015,-0.0017391199257569012,-0.0018164334263051523,-0.006848596743053693,-0.0035078637768577296,-0.008173635283408458,0.030965911805553418,0.028788822065143178,0.0044029906093453865,0.03908124645976731,0.040339113305015474
2022-06-03,-0.03931868541046732,-0.01674651900271092,-0.045528717559196116,-0.03287154414793824,-0.021313974447804286,-0.004129505632495703,0.009822443239741548,-0.013601255353395326,-0.001000511545380298,0.0028581106739018407,-0.014037090364120031,-0.013994245603901107,-0.017327118252570314,-0.011314614943721898,-0.02120325692912745,0.014434258929850395,0.009049851895415215,0.02711686447788919,0.021567248427292317,0.024955954357072898,-0.0255076393596147,-0.0025862870278379416,-0.0025734981091390364,-0.017660393494240704,-0.0046693494140864385
2022-06-06,0.005213829548260059,-0.004714281176228514,0.0035192241825323612,-0.001153011433524515,-0.006133555551980027,-0.00011331402116772127,0.0011271956564116205,0.009366907664725482,-0.0007788043676528682,-0.00435837950090522,-0.0033092006154604933,-0.0011056484280597219,0.005725781800704409,0.006671248265735984,0.00136260017164301,-0.0025262548907866475,-0.004345267464663129,-0.006284352414170276,-0.009661868000329381,-0.005280410151894375,0.01974655443905197,-0.003908311714583037,-0.0011684301977355441,-0.005970729235690925,-0.0008861512942900491
2022-06-07,0.017433126207542157,0.01385680366351648,0.007424936511531057,0.004374314311128744,-0.003508302522655502,0.010937646538749693,0.013057497685872969,0.014018524584482812,0.007098441586545515,0.017655547143186835,0.0026173544997744984,0.005517329563947717,0.003115186089501482,0.007727040106875333,0.013526860475489446,0.04481229632432283,0.018878647799322166,0.0444072118472114,0.033587104338678814,0.035573078184698646,-0.014447976483889591,-0.007000675128218695,0.003501069260484456,0.011905752517106995,0.006184949920113995
2022-06-08,-0.00505601544717283,-0.007699388855312421,-0.014586449377434318,-0.05428419273364169,-0.0326315007792257,-0.0059615353910666405,-0.009122332503139664,-0.007207689753115658,-0.011113660280534777,0.0007371400543144817,-0.016042522323386713,-0.012735459942832815,-0.02147224465481206,-0.018646497974231974,-0.013332330506319011,0.01173313346749556,0.005147470957978198,-0.006951068885851701,-0.0013024675687786172,0.012995167646048812,-0.014907309337206952,-0.014150116638633668,-0.01346724695025438,0.005982077135386627,-0.012662969193887402
2022-06-09,-0.03661796028157799,-0.021002376466505056,-0.032704079003241945,-0.030036787607965992,-0.030894319560898362,-0.020342703110660578,-0.03211661286947248,-0.008342098741869315,-0.016678151539217766,-0.025927980309446794,-0.021239531792755867,-0.03920987137502024,-0.03380505864584935,-0.04491003915968731,-0.0284097791035057,-0.021845001339355366,-0.02013137900873775,-0.027453633203955757,-0.022552565682130637,-0.029272370485660795,-0.042394573681651705,0.007800690535975663,-0.014146303475335457,-0.031537919544017,0.005591505414045741
2022-06-10,-0.039394551472394686,-0.04558680133269691,-0.06135202359376254,-0.020962989064452434,-0.041117281386561,-0.006700585472769777,-0.035581375602661384,-0.009855614758925796,-0.009362300849552753,-0.015452547166499115,-0.0470560619453522,-0.03960330448785403,-0.05819942126499394,-0.06261859205050682,-0.04628192268213491,-0.01844330608649358,-0.012014308827013678,-0.014699299445262696,0.01054127252718082,-0.019507757613351575,-0.057588983573757455,-0.03605892599814279,-0.019936392139535984,-0.03317489046627426,-0.0419262318623395
2022-06-13,-0.039037087405578146,-0.043338485373958104,-0.08140353741774502,-0.036651078581783125,-0.0861872092932443,-0.010135073624565259,-0.042098530937565236,-0.03129167555929457,-0.02532344373794895,-0.026751180955853257,-0.030230697307317148,-0.03528498106190145,-0.012975047652071706,-0.027572436203061226,-0.04326178987304199,-0.0469750014456229,-0.04710130359858461,-0.04436617056805658,-0.08149629115261038,-0.06316957128265897,-0.056080729107119705,-0.021244582341802338,0.0045814656354256555,-0.03810910842373051,-0.04472797890818463
2022-06-14,0.006650586873893191,0.009163093683667918,0.012006470823589598,0.004226905072850468,0.0,-0.015457630522866021,0.00020885185481859131,-0.017070535646351404,0.002250759328179692,-0.012994749969192063,-0.016779397800326477,-0.017643810355580256,-0.0027566419029783715,-0.0408323798257995,0.005892364261497508,0.0026046871435521,0.0013140720732835098,-0.00241877676421447,0.002517352932105214,-0.025132793026517018,-0.013205363644664271,-0.015983852410026513,0.0012152296930462876,0.002532088124560358,-0.0006914347927898402
2022-06-15,0.0199118342666575,0.029301749486929603,0.042709746732288965,0.018804715480830216,0.026208377094419113,0.010645489043932983,0.01223689055977881,0.005571878679362744,0.0015375844323487586,0.003409410367418645,0.011766508880346516,0.018580311929468813,0.026302295302642144,0.019576902516747454,0.03464096199541233,-0.012670945311481661,-0.019831647728113463,-0.019564085175936476,-0.029377442753760922,-0.04012800602259306,0.05106358079343476,0.003796576305870441,0.0005862832996845728,0.024269536251753914,0.025667213781235848
2022-06-16,-0.04045907418448848,-0.027340653497468597,-0.05766040689372977,-0.03448184682565017,-0.08467266732669369,0.0005292311186643918,-0.02146146770439157,-0.014345467872539715,0.0030673897997104092,0.007646789788035714,-0.017305021435793648,-0.006259820181486409,-0.01770337915493528,-0.013716591440918075,-0.014608075650413064,-0.037582197340874146,-0.05493330791370268,-0.0652887804125888,-0.06398409796989168,-0.0760365145039438,-0.03795462873180655,-0.0226694438639658,-0.015651151559907324,-0.05732432289157294,-0.04465436580064729
2022-06-17,0.011467109779004288,0.010880694274294006,0.01772539324407047,-0.009958170422809328,-0.005867311158764454,-0.00365183221653221,-0.020211162879452297,-0.008875254553982713,-0.0031855427839276016,-0.006271735426742886,-0.0035327245110623857,0.0021954728773750085,-0.01837974672856824,0.021805469765983167,-0.007922144324355361,-0.059394417491374446,-0.046740423656286265,-0.08855711636314804,-0.06827045032522051,-0.04899835384069564,0.02439607839682275,-0.010033308403211047,-0.003450105951450845,0.0020517115050126917,0.012883728105272631
2022-06-21,0.03223567530714564,0.02429362387320499,0.04229207910760893,0.020348658159387602,0.026852135980431832,0.020732273575004383,0.03339273591315386,0.060637599803079124,0.039506920726765545,0.036845487426126255,0.02447034987901768,0.028718853989239148,0.017782977343259954,0.013166598983987126,0.03048489685163096,0.06037877304858717,0.040999803293604344,0.05741916773460999,0.05216612790381944,0.05779506643196849,0.022895360879700146,-0.005667408220915826,0.021985468200569926,0.012406319997680496,0.015052595206013649
2022-06-22,-0.003834545946545,-0.0024066934041322525,-0.012512970792957143,-0.009319794865068218,-0.0004775088464703896,0.015656391829883372,0.019757804441571183,0.01929960864816503,0.012754917171836133,0.02810854351387039,-0.0056276361262223495,-0.0076393671922659525,-0.0009485219872564698,-0.01005285349342634,-0.015973230918816327,-0.04037585847205165,-0.0444428552162071,-0.06469968871186517,-0.06025830556093089,-0.03406160683226125,0.0024812460138330314,-0.000817625469420212,0.014379066754220857,-0.035209739329738074,0.004649120876589897
2022-06-23,0.021344158730389105,0.02238398537841486,-0.008286279892591225,0.0008024033324183868,-0.015886718677797975,0.022060516417945094,0.02057355922727402,0.02047583667933029,0.031356224598491717,0.0127271704057151,-0.010999633739168539,-0.01607944863973292,0.005712266069791432,-0.018300986894910547,-0.018172538775877992,-0.030625831620238787,-0.03748287164970495,-0.05715854724600598,-0.033039550395504144,-0.07009736413998813,0.031530734371298275,0.023660330185550315,0.0021370109960614303,0.028933115263302677,0.02559039310266996
2022-06-24,0.02422167497580538,0.03357951867549702,0.054044545749933906,0.0315733629398063,0.05487780536623891,0.014532708461898039,0.02950649325618917,-0.008378267061000103,0.012207490606235313,0.019153011193560988,0.02940873209175162,0.007143910242594993,0.056321480462450196,0.07274998383079513,0.032058834680338814,0.019639098731135566,0.01629546560516264,0.03378407072821466,0.03141335733720119,0.0022844352345971464,0.03512809079637107,0.027149460917072897,0.017579992122480854,0.04445996839599183,0.037966915673592706
2022-06-27,0.0,-0.010552003125690948,-0.015120205166451494,0.0005177230056429857,-0.010621182041893737,-0.0009330963188926534,0.005605516158280146,0.02001470780540467,0.01365076871228969,0.005237717677373402,-0.008044334593105638,0.0012372318237018102,-0.006528566862679701,-0.012839691784850319,-0.0006271956103041319,0.024215469229848973,0.01915667512930312,0.022145368606501348,0.028261315308875032,0.02339747908310935,-0.02821501915746544,-0.001096107764276068,-0.0035155144328110274,-0.02157545747762869,-0.005520328480111699
2022-06-28,-0.0302423353965001,-0.032264110215525624,-0.05401447324406155,-0.022249571817819905,-0.06447668032790861,-0.028855087468792947,-0.023796775716875586,0.005482857123803665,-0.027054749626655862,-0.0042535102522235834,-0.004823499737087106,-0.002785959886406748,-0.004297802238921981,-0.001492316291427534,-0.013047169771037096,0.02736547317822866,0.015932422185900026,0.031904547889936095,0.039217191423147696,0.02964831689008041,-0.0527726431080026,-0.04537343696673469,-0.017148089981260512,-0.07242475831681772,-0.01740039944177893
2022-06-29,0.012939799426363212,0.014630361987808841,-0.027917090797770282,-0.013054346175102741,-0.035148809072489795,0.00028268518786046207,0.005511789397941724,0.014197491979940267,0.0067244024380695416,0.010762255649864796,-0.004499830160549752,-0.012476740127729851,0.012575270561205608,-0.011766269635967094,-0.002332874953264334,-0.037638991113101275,-0.019938761337688578,-0.040288456394413065,-0.04397538183917282,-0.0216003136513628,0.01405345471235089,0.013676144952974225,0.020018131717470643,0.004562197321025954,0.0011780033295074846
2022-06-30,-0.01819222276112048,-0.013266783313514175,-0.02495165167753465,0.003212832047473164,-0.019682062932027213,0.0029334527736431105,0.028830456999378792,-0.004041600565599098,-0.01459090520281434,-0.006378401071194846,-0.023606831897704128,-0.023179379958274505,-0.020856836433867904,-0.013691888254420253,-0.023848947228945688,-0.028547253906122037,-0.015081098173990217,-0.018205458154347265,-0.02486039032542407,-0.011676704871386943,-0.0251953932810785,0.0014595131402297507,-0.003477439223059929,-0.010221508134355987,-0.0005234950634293508
2022-07-01,0.01603515112221799,0.01065059209873041,-0.042860873926249245,-0.029019024447032832,-0.037302887179396726,0.011259615551959944,-0.0022912336081432447,0.007313088070058154,0.013617690704126387,0.0041701063936811856,0.012706504928521519,0.013718576343591119,0.007412968091254369,0.018966296886896997,0.018953663667114217,0.02205762855497031,0.011878538284051608,0.012943682486180424,0.010627766613265921,-0.0030802902171433383,0.031054064397665036,0.01738542778261124,0.02432904713566763,-0.010030475057294768,0.03688183839558263
2022-07-05,0.01875339339451237,0.012518643072220559,0.029913831473577554,0.00958512859153684,0.020555554534006978,-0.007716803761102305,-0.0128909872030093,-0.023782713184174385,0.0023776677521407724,0.0008449643566680715,-0.003810958289660013,-0.01019122845847007,-0.006807311757633061,0.004498705233115385,-0.0055625038363641185,-0.031796739510815825,-0.026629724256338087,-0.07223297542117055,-0.06285558007043529,-0.06729157232894864,0.03533051481031728,0.01652469288437558,-0.0026522608447659066,0.03056212125249528,0.003274627802797351
2022-07-06,0.009561216203783153,0.012701874084146298,0.0110322094917481,0.008143312420369425,0.0019927144480472907,0.0008978788193647907,0.021267287047156556,0.01969623058817844,0.005275125222843712,-0.009136564100777057,-0.0065031580073911036,-0.008357427330133352,-0.011642154997943773,-0.015075595826308682,-0.009918245641005217,-0.018204924084275785,-0.01326583117364557,-0.015478377322358365,-0.03801547031791086,-0.018165913095751208,0.007286182647943523,-0.0005287340812743893,-0.0032953070498973405,-0.0008633171852385622,-0.008334119454297649
2022-07-07,0.023716103287957684,0.008193119985125345,0.04699438517338288,0.030615879788598113,0.05109426230255185,0.0011210729266359406,0.012621166850431303,-0.0017675962226659152,-0.0012890924005786732,-0.0034809851031178756,0.024978022041674288,0.02800945940328695,0.016341908255974067,0.015574309692264313,0.01676032278107062,0.03144115936673315,0.01927607236494011,0.03548018931741599,0.04039769970768464,0.04918323313134436,0.017341975999450154,0.010907298343377751,0.00586834756727742,0.036734273913623675,0.004807071406393783
2022-07-08,0.004703772871392727,-0.0027609019490781248,-0.0012618183361979664,-0.003940553536111986,0.0006302606181832836,-0.0012333830846252068,-0.004690796575856446,0.008228506103526313,-0.002476052039931276,0.005576476819116108,-0.003142794926070308,-0.002199479959534475,-0.007158868019561987,0.0014944419044195035,-0.0023468099608168406,0.0016273522857329595,-0.00523931320050464,0.0012730860893898222,0.004273661503050633,-0.001746941946077524,-0.006814197291832041,-0.0007676084617951503,0.0011854137495040727,-0.0018512289697341197,0.0005046714355229894
2022-07-11,-0.014868089689230429,-0.011838661408125525,-0.0442796602105351,-0.021014263263584278,-0.03071260711677352,0.0003925530325238472,-0.005279919507618686,-0.0032445554425187236,0.016250164472045987,0.0024830521183514614,-0.013203273391474694,-0.010434964875223312,-0.011159377537538798,-0.009753558715648444,-0.013546976398376199,-0.005124476612344733,-0.00886455067170937,-0.010580566448823643,-0.01739831236242997,-0.028071057975125796,-0.03335256478334072,-0.0002793297908378502,0.00015791840851570648,-0.026475662937813726,-0.017559782940245253
2022-07-12,0.006810528745424207,-0.04184477899718285,-0.004630657098714527,0.00026876115475650477,-0.0076968137752899835,-0.014116414661494403,-0.016201842306086102,-0.004906102545564697,-0.007450926504484707,-0.00503780799199414,0.0009739633456370974,-0.0031836782962616217,-0.002219557639062375,-0.0047866339823097685,-0.0012998969720864864,-0.013400857739772258,-0.01847238816263926,-0.024853777541591366,-0.04144502648886226,-0.019365233210140987,-0.022900025593117632,-0.004444593276848536,-0.007132191539236591,-0.012926743956245457,-0.0017987503103960355
2022-07-13,-0.002539791264675823,-0.0037520340733431935,0.005422211249503957,0.0,0.015076917427786404,-0.002334412672977711,-0.004815396866417393,-0.02595500942558576,0.00181462915243115,-0.0020351970134063575,-0.009427185792139517,-0.01672065651954677,-0.008169187491469278,-0.013474102497179114,-0.013751390740431059,0.0040155701876462765,-0.0067168257936533115,-0.004082340776511009,-0.0010055891300014544,-0.013534431496094521,0.0107459397638012,0.007199079572849831,0.0047208434591697185,0.012926743956245396,0.0020554047811304926
2022-07-14,0.02027551932895371,0.005366959648408243,0.013623634372210824,0.013347752719999745,0.01383575574353011,0.001367224717654218,-0.0077534674680963455,0.00237138076581172,0.0011724249076565851,-0.001992270901246166,-0.03556372636582415,-0.02329112355914218,-0.0299458276749464,-0.00848234688421459,-0.030345747108651525,-0.020241276573261618,-0.014967631104790895,-0.018213283263391496,-0.03633772570058284,-0.030181357483503566,0.002081127555719166,0.007977127264682733,-0.00027692570257803527,-0.018144611278419393,0.0035869040521667624
2022-07-15,0.011384824215275521,0.010336797782204135,0.02505426131610615,0.02384489748798463,0.03143458558529574,0.014410505594575075,0.006980811304205775,0.052948843040954784,0.011438516668784088,0.020917629357474647,0.0448140062201227,0.06799671392760073,0.042685298368956376,0.05986496918957263,0.12425642509103801,0.01669903655721204,0.012500485961394272,0.015562550620787074,0.02245411685980049,0.030490869239253832,0.026052020207380393,0.010070582747340632,0.009495452633225933,0.014236491880140395,0.017995731863816516
2022-07-18,-0.0208590035051506,-0.00966792539477499,0.021279623495025667,0.002327933946928377,0.003937493619508253,-0.0226984218558109,-0.019512737891854644,-0.01978879984756798,-0.02797842518593141,-0.026717493453099924,-0.010323221863908352,0.00030992940983746146,0.02483625254079773,0.0014577707716389823,0.0017991545632742951,0.018284554641998112,0.013923753945010836,0.025959940964794745,0.022865755239981533,0.025372183773461662,0.0018476894058664548,0.002186202863488645,-0.010208426683144835,-0.007285315962019059,0.00763221442177604
2022-07-19,0.026371003513120456,0.020554165513150556,0.05386100144570176,0.038266249009152736,0.053207181802207,-0.014685774720145029,0.012142666101438753,0.026748949557025597,0.00021672422621183142,0.0011362052205738209,0.024476556893365805,0.033229738370620286,0.054234750992007606,0.04067640893226854,0.0403185853759553,0.024890663848587916,0.03540285269226872,0.039302241426328405,0.04027145757066462,0.032371003562373636,0.03837171118403459,0.022872303851215896,0.016034346894470707,0.049275674172903086,0.028506737164507693
2022-07-20,0.013419466648721375,0.010502151501106857,0.046848958450471066,0.008418052643791462,0.04050525874159007,-0.00572415780656847,-0.01076443060615508,-0.02655643046807519,-0.029780936845876023,-0.013785178445092102,-0.00017459652722930585,0.00029964541973170644,0.01063360762218263,-0.0042047596185479505,0.006119788117466087,0.010929113221290872,0.013121272315806972,0.02489080407079788,0.018643747985524938,-0.002340699479643145,0.037849962832112935,0.008204549947148034,-0.0075134630230916325,0.017431093038471082,0.008683922985275244
2022-07-21,0.014981441426391679,0.009751830321669076,0.013554117857045595,0.0012319907996427113,0.018391788782975007,0.003508360489557504,0.005885800552736245,0.005739509576262639,0.0054506771742091975,0.00040602979656404923,0.006786776675959939,0.008655571190652215,0.015710332698922257,0.013023609135652574,0.002665602647856009,-0.01683743266738033,-0.007673326059811703,-0.019817851642395,-0.019223113657147038,-0.015050906405968721,0.015036666950921374,0.00889168076936048,-0.004369585138284074,0.00457975659695581,0.0032373647905337
2022-07-22,-0.008143795139040014,-0.01706092527325636,-0.04134153190609324,-0.03533750893795061,-0.03337547293123661,0.004717281508987778,0.0021494641741977506,-0.002011804249073731,-0.0003328276469969351,0.004861308480834585,-0.004867743608723334,-0.0065591180088536765,-0.008024999329343824,-0.0025448213728783337,-0.013014628465128492,-0.007664461372158153,-0.008356655964549518,-0.009036825382279758,-0.025030616617642387,0.0419272790525397,-0.01789158533462613,0.005199779631743113,0.0020493990895283365,-0.022652191326567785,0.0005983154590250354
2022-07-25,-0.007425850537724436,-0.005893889649313067,-0.01718010610000286,-0.0010208532576992263,-0.006376673401144364,0.001973391683836142,0.010485549795246754,0.015339659132399113,0.004650291884072476,0.011718066756042093,0.0040003590134744796,0.008933693294990967,0.0005863039749681285,0.0076150212014173355,0.004804545741514473,0.032760192333826044,0.029318203109147067,0.043518923518368564,0.043400829010562074,0.030884225149492246,-0.010510843951367733,-0.0014361593579334155,-0.014315292769989277,0.0014651601892080974,-0.025320705743018403
2022-07-26,-0.00886545141923283,-0.027139113709974873,-0.029265628000307752,-0.005120476922701233,-0.0265077260575117,0.007049021549172626,0.010185509847926414,0.003996198721324861,0.008359908744227,0.004317476523017522,-0.015745624770838303,-0.020365993194962705,-0.017334338851811508,-0.013889049345643625,-0.014677807728782286,-0.0038974270230228867,-0.007842996970350869,-0.010483592647097402,-0.016537178427389557,-0.01588451954330152,-0.05366832967343505,-0.026378035187672524,0.026446514555818892,-0.03805004228507244,-0.014709095924993962
2022-07-27,0.033661699853091566,0.06471220204496925,0.07327818089230918,0.030833844496156646,0.05221954809832848,-0.0027674820761388547,-0.006714587594354902,0.005665151774520383,-0.000657282782651509,0.0018542582807569395,0.015919190935022618,0.01620696641928531,0.018629345685734836,0.01870502257900959,0.01831375933534858,0.021413606111465436,0.013082646240425396,0.02365050509893016,0.041904829556402096,0.020298368588189848,0.05226402422174644,0.002445353598281829,0.006977164039378579,0.024970741113125097,0.03246429565207429
2022-07-28,0.003565384182668546,0.02814086256228494,0.010845919080401709,-0.011766048132016153,0.02038748773731374,0.0057571491038958455,-0.016231801524191954,0.012786914412473972,-0.014241226483846533,-0.009305516290845387,-0.0037384733249683443,-0.008070681877199806,0.013983201225028389,-0.008962325051612702,-0.002295019205408978,0.011617130060117407,0.0075419270058789695,0.008434252884083433,-0.007422006356348416,-0.01721340744091291,0.0107708959770675,0.0024055487507975704,0.017498125033654926,0.0397163642894191,0.020402940563775254
2022-07-29,0.0322669723516541,0.015543569089906489,0.009903999332724686,-0.08951002667185666,0.0300871847033699,0.0018352197421481246,-0.004149109076801841,0.0015688161692210209,-0.00669345080538574,-0.04256251339849955,0.004779093076018657,0.014598907257031567,0.012921048193272144,0.012616370357054985,0.0034743148823027383,0.045268207040644395,0.08529223347410247,0.035201247929987085,0.035043342921833504,0.036297559273611786,0.09859082981024253,0.004362697091315475,-0.00034160270839106666,0.02368567861682184,0.0012981541478207371
2022-08-01,-0.0061726218049255105,-0.00977158235342248,0.015190103124851138,0.01774296028158157,0.0241580120493586,-0.0035012865531162973,0.0019780096976309385,-0.012916508200016469,-0.009107996841452054,-0.023191970513555156,-0.010018830543311232,-0.0029621893613236213,-0.003937214009172855,-0.007550744123485922,0.0003853464719936915,-0.02560084871975227,-0.020167792104380636,-0.024205331756367365,-0.03327554211432535,-0.01715936690231149,0.003255181148895761,0.016085823823797817,0.0032599399885540575,-0.005409643810574157,0.0015323882635605542
2022-08-02,-0.009330820134612929,-0.011540834485655262,0.004598404958483426,-0.026039523986085406,0.025604521514246557,-0.005709072926845437,-0.01834572994521078,0.00014933952698842364,-0.010446231570907261,0.0012116733646380996,-0.015708004390906465,-0.02007552241624252,-0.01272789279600511,-0.01527441851163404,-0.022792462305208115,-0.004349072409897609,-0.008571620055294936,-0.004109231827789008,-0.0036318374713873733,0.00793534600818745,-0.009126353187385704,-0.016850231548020952,-0.012108091776651366,-0.022383275900864547,-0.01423321930806505
2022-08-03,0.037534523932825005,0.027456135468683023,0.019616373621230518,0.014063339540322739,-0.01215948302419638,0.00961146580524177,0.003415613188757611,0.009645875757663205,0.00011431590138822047,0.005753007463882678,0.010440888369238647,0.01799668789090872,0.016005197241983748,0.023280741589239175,0.01680384647737107,-0.03295979478416917,-0.024039460224550686,-0.0364498180954722,-0.03396912182379038,-0.03184528954331822,0.03917484597170419,0.018647235763975905,0.0039762044990470325,0.022208278495975214,0.04164818500767827
2022-08-04,-0.0019280821617688579,0.0041685221645536554,0.016899886174165997,-0.01378547318999957,0.0576397878655967,-0.01616791406615622,0.0,-0.012844819309987782,-0.009172448079276113,-0.01627900295557661,-0.011063841822256558,-0.0071596300937931175,-0.003909795497974421,-0.018990754124931036,-0.006804856857490397,-0.04298979618434529,-0.027538736993107084,-0.01589413143832473,-0.03726520540201979,-0.04576982356532738,0.0216251677554199,0.0026076558724855495,-0.005547720416976124,0.0017487398176709533,-0.0044788611339734614
2022-08-05,-0.0013901339533795734,-0.0026122726492950657,-0.011831484423522083,-0.0076004315614007075,-0.015517779079626322,-0.003966026028357939,-0.011903749614094754,0.0024514729334888952,0.006772878504529491,-0.006354853569314955,0.029811347266940822,0.016627395739397515,0.008401567579196268,0.022883044047349074,0.007773269987019786,0.014347710929009092,0.0164056702599378,0.0325098411403275,0.06955377668704617,0.02069730252677226,-0.012492693140300751,0.00817028647173556,-0.0054245683863213,-0.005342701574752479,-0.013325044249302675
2022-08-08,-0.002907200528737989,-0.009196958036990206,-0.0650547256387892,-0.00028247974800693035,-0.02213745797527574,-0.005332363122644533,0.006070270727715175,0.002873900652164381,0.012279714338593248,0.01652461592579757,-0.012255179681802952,-0.013936523813867787,2.997110194589977e-05,-0.013111167167012364,-0.0036846167666998446,0.005637137096378843,-0.0014978881123558177,0.008365444351501059,0.001680550538763801,-0.00028861452025229857,-0.009921207364734218,0.0073355211139789645,-0.009418246507892173,0.0011411344259139847,-0.00011701821429626007
2022-08-09,0.0003034359768196655,0.007038512477525473,-0.04054568713252198,-0.024607990600108407,-0.04632492050826578,-0.0001172552390773956,0.004227623151490882,0.0012294086059131027,0.011572349134296675,-0.0006415271432248568,0.008967048898254034,0.012757610694030598,0.005779929039560433,0.00485055386522894,0.011973784653138305,0.01826929957045697,0.012952704636426794,0.019880102480007,0.00974784165937865,0.009764495908047868,-0.011398203042398835,-0.021907156861084916,0.01261493964900427,-0.03471866960732315,-0.010318912735060292
2022-08-10,0.025857347167554265,0.02400968342837601,0.05748690040024673,0.02432509096310107,0.03607978641035924,0.0028750880959444738,0.0034091683877285274,0.0008559731252992873,-0.0036929439948254214,0.004907847964722201,0.025753198634707833,0.033341283148087646,0.03298922946209129,0.02120238246399638,0.020897366768502776,0.009448597388097337,0.0026344962965241295,0.004909017143416229,0.006905281188977021,-0.0020026054930935744,0.03465340706112098,0.020656351522465508,0.0049862400103138855,0.027145969097351178,0.019261673866054024
2022-08-11,-0.004441597648364635,-0.0074280741969945385,-0.008602046716582814,0.006200647636586573,-0.009433556572475518,-0.020900333555115645,-0.033797893993663675,-0.00907937548906837,-0.002919289294285023,0.008056056482982701,0.01467356230349986,0.023669630922461774,0.0107778087448251,0.02054095621545283,0.015113575185396627,0.028517306643545674,0.02409450181911057,0.04462357436424145,0.04089902336757031,0.054880727823237045,-0.014471032455294032,-0.002860595933189816,-0.007990051658160153,0.008449385785947096,0.014659551280063696
2022-08-12,0.021199454241718426,0.016893315183203247,0.041860470142131415,0.014505164407166624,0.02724470118258442,-0.011069830627261778,0.036996033550249864,0.020138876449905505,0.02322963324722589,0.00365314044335942,0.016428277075982666,0.010802173740298585,0.006066737681245745,0.015133366408622144,0.0070125239875072345,0.00865433004906301,0.0014398775281870462,0.02353534423386893,0.008332342525123632,0.006754169957600687,0.020479998229218345,0.013427602271656633,0.011122741491750535,0.017118266395308453,0.011846718415894434
2022-08-15,0.006313342061145434,0.005330361446286212,0.017116980865978685,0.006349388607980992,0.001783594424851373,0.004767925327260462,-0.00721004070005668,0.0017274558329798933,-0.004625293903053661,-0.0021764691059384584,0.002698467263188403,-0.0013784945711547102,0.005720892027557731,-0.004144130444288384,-0.005717011241834801,-0.01803379799277378,-0.01920097657832717,-0.014971156561621958,-0.019491611661523793,-0.03786473334719788,-0.0025808990121560286,-0.0008894222073140369,0.012357418273274613,0.0021515695831932154,0.009579116216161596
2022-08-16,-0.0009240729999687268,-0.0025931337545992707,-0.008071457986419733,-0.004136262677636028,-0.008051384795696228,0.008871399644557028,0.0022085884906308207,0.002713766380596806,-0.00011017832675171278,0.001825880486628776,0.009508733862092143,0.010701281163782175,-0.0024762235283665728,0.006753036452665042,0.0020325120901257703,-0.009359030367744629,-0.0025538661569406585,-0.00667112681506599,0.001157110074233985,-0.005046076531298731,0.011112811619446402,0.03978777285305625,0.0031973400212403184,0.014847872309179617,0.002688124023758661
2022-08-17,0.008746230643107268,-0.0026396561607612222,-0.029238335781124426,-0.011393810709332226,-0.01944939998007374,5.9847326338490923e-05,-0.011903749614094754,-0.0020530331683244426,0.004955151369591627,-0.007817274781480095,-0.00844772428323807,-0.006297117086155156,-0.003471109873463212,0.0017352859793454472,-0.007782476038905505,0.0080583115421919,0.008213556942757548,0.012509016785656548,0.011322495167754413,-0.005071786412690976,-0.018684262378250237,-0.004960799968468666,0.0019881024269089967,-0.008677409151642636,-0.01181460501894057
2022-08-18,-0.0022943318875362963,-0.003955547702413722,0.023607836263780296,0.011670190451094176,0.021841800382469453,-0.004845287919853057,-0.01410347821625349,0.0004033534159188247,0.0039466490303513325,-0.001061263326934707,-0.007779671288169301,-0.003576723502343477,0.0022028750476277004,0.0,-0.003913584389944503,0.023368959720699443,0.01738078543905682,0.034138014034352376,0.04556393822293611,0.04771342485751136,0.0014064484864398943,-0.001689642452651232,-0.0008997619698581056,-0.008839388332993137,0.0022614210931462494
2022-08-19,-0.015217083332761665,-0.01395083727535174,-0.050472293525062335,-0.02291241807885261,-0.0457333679484958,0.015115771162723599,0.011664976846268667,0.0056699955035362706,0.007412157320041428,0.00395568352659426,-0.025056424997450557,-0.02229741648787454,-0.014919739975255985,-0.017270212927876522,-0.01770967947067601,-0.0031834975217753785,-0.008399112716106105,0.0024761442332169132,-0.0020191925169719964,-0.00026935624694176066,-0.02901859297383289,-0.012033600336994452,-0.00014997667716099561,-0.024873320092996594,-0.018579453720569
2022-08-22,-0.023298650374157643,-0.029794611013620586,-0.046736101285576974,-0.04450337836676241,-0.03294964868714686,-0.003514452728088221,-0.0050994852524288686,-0.006862475349608627,-0.010041556493176578,-0.01070207454670927,-0.016660065448702206,-0.021653283272340645,-0.019807245349655223,-0.02094545032128139,-0.026190715826733966,-0.0007442979298501992,-0.005022461767803693,0.0009506250118958937,0.0012626702939863357,-0.005402530293698153,-0.03691702741982209,-0.028761633880856143,-0.013560305095048063,-0.025236441651637197,-0.02292505736679247
2022-08-23,-0.0020313200490713825,-0.00472766209768809,0.008592715906236644,0.0032455299873998355,-0.0037770344915644587,-0.00874988768885039,-0.01836824465326747,-0.01623565649228442,-0.010586810608516758,-0.009450332954054955,-0.00990570496030497,-0.008968815543408786,-0.006563280731796211,-0.000901019397245249,-0.005870736664427678,0.04156617566936373,0.03192620015283444,0.03004570127322072,0.023933230296873182,0.06399679776687464,0.002998007806707862,-0.017154085774639477,-0.009207849756829785,0.0030767164787614144,-0.0030653500385504884
2022-08-24,0.0017922880949036645,-0.0023540751674340416,0.0023834834548090997,-0.00265459578190084,0.0025915735440064976,-0.0033160883367391453,-0.01215414350307639,0.0012311818313997709,-0.0021085664975021346,-0.008016380843619926,0.0024208214082867816,0.003191714062631745,0.005160632411647031,0.00606648893786426,0.0011768738919183932,0.0059010611549603804,0.007380332748177971,0.01890736949746316,0.017258594885229052,0.013877057496595558,0.001346256547678855,0.003935002071695854,0.0012276760487792706,0.006573899924733857,0.01593092380153557
2022-08-25,0.01481290608601293,0.01103428214109437,0.039339067289960346,0.029965831692102318,0.04687285110477742,0.009317347522102427,0.009860546155131957,0.00948028747940768,0.0028841229749173923,0.010243861840228258,0.02347028425142582,0.0178012638289545,0.013218648139789504,0.01666172198546286,0.02037532966109136,0.0051599426095643025,0.008724540733956714,0.01401621918762819,0.010597588827902155,0.006493015328810658,0.025676456345101635,0.005405519606247644,0.0064957762198035885,0.016115775377361592,0.01545237834277379
2022-08-26,-0.03842832679968592,-0.039351029742760314,-0.09681850217340583,-0.044842746585846464,-0.06372935398581657,-0.017260448337582696,-0.022805069368954014,-0.023011393104166424,-0.011251396080867776,-0.021620288265716936,-0.03327635403024732,-0.032097564605552104,-0.02955309860511971,-0.03178409871239672,-0.0447835861346286,-0.012388367647292542,-0.007377314442384764,0.0003570123536528908,-0.005204418566580475,-0.018847077755425833,-0.04873552390255167,-0.03843356053136065,-0.021598218451678496,-0.04461241327712614,-0.038850197952859725
2022-08-29,-0.013784984575722477,-0.010725477790842616,-0.028634798726718008,-0.012669714055084866,-0.029946050993921617,-0.00776116560306277,-0.012681575701437877,0.0009819734651196723,-0.018886574155184067,-0.004704705961137169,-0.0024446329536273225,-0.0038273521561330635,-0.007399289168888996,-0.0011379403351646205,-0.008270501416112826,0.0227293685370492,0.007438190419902967,0.01152796782866371,0.01592767371185183,0.0240612688771951,-0.00736939497405998,-0.005988806233318567,-0.005033071473407911,-0.00370105016588419,0.0007136809457869285
2022-08-30,-0.015423708981721271,-0.00855772216510783,-0.021299920801092477,-0.020859709856056577,-0.017671273496180372,-0.0035031519152623823,-0.008253845506622918,-0.013167309423739568,-0.008139290254250097,-0.0011798850047929894,0.0001748254182468234,0.0055886899521843765,-0.0008689928130785305,0.004996656190071822,-0.005891259997492586,-0.03879732608785466,-0.024659009354367063,-0.02608215593260957,-0.037922771703247336,-0.04301215572977156,-0.00820055348874808,-0.010926031211567351,-0.008524031441588522,-0.00018533703184365504,-0.008476190294569587
2022-08-31,-0.010691879317901394,-0.005720541645647508,-0.024476093038149845,-0.01059526713623032,-0.024097547298343052,-0.006732884672041112,-0.013614456617850896,-0.006736109403722449,-0.01765003255087484,-0.008073459594807531,-0.0059614985645877715,-0.014180340109137405,0.004640038797709834,-0.00978954745051375,-0.0055163570154702565,-0.00750403415793734,-0.016066672638701512,-0.009547772264469862,-0.00460597236467569,-0.013796601350911097,-0.01534276001209404,-0.009592822837259206,0.0006740399907515307,-0.0131587298465007,0.007881656198205701
2022-09-01,0.004695523922313428,-0.004100337214313126,-0.079750098895159,-0.005025101873716113,-0.030385122793044495,0.024489795856100244,0.030483474577609755,0.008952052610424626,0.02075323126844285,0.02924218109041269,0.006835021333696967,0.0023930513500912414,0.0024918434252623614,-0.0002288569312844553,-0.0012301287909609142,-0.01815717137930118,-0.016071611425095677,-0.017697985454281105,-0.021583210597019224,-0.034670406802041476,0.008248627364462172,0.01701691644964661,0.016472175000349937,0.0003757011825676664,0.015696363179488824
2022-09-02,-0.0137045335278266,-0.016807041657587854,-0.02102741628214057,-0.017148787445354016,-0.025713466520097577,-0.01585018257363604,-0.020145880786956595,-0.01470688122493939,-0.010612919292871368,-0.015797636004025856,-0.007010818585538793,-0.0011955913064009558,-0.0060753399321193035,-0.007349578697137863,0.001844493333294349,0.01815717137930126,0.01474202046419258,0.025071484617123815,0.023395382979921817,0.03257114116772335,-0.002428212185707112,-0.0050231419640764455,-0.007671725954470193,-0.0041998040719385355,-0.0292288706119623
2022-09-06,-0.008249026762320325,-0.011034764159851605,-0.013425899550522456,-0.02793282821220536,-0.019124848779770644,0.002699957031850933,0.0013120339514611625,0.0025725612213761888,0.0022010947830232927,0.009566669062061817,0.0002638682228276469,-0.011129724944567352,-0.01516823682511544,-0.011592820076387804,-0.01277585643066777,-0.00671771593839274,-0.004635254692239943,-0.014893730881021089,-0.010007240244563639,-0.01421852323738331,-0.011040262841267405,-0.008117853434745801,-0.00047150753803600336,-0.0055950499793900295,0.01887102511315832
2022-09-07,0.00921145157713057,0.01893143269417076,0.018620431011480035,0.009506615794627103,0.01124245251635944,0.00543958403553533,0.008053461008976599,0.007697010977402608,0.0051936312460325275,0.008107315999659106,0.01881256368834621,0.015308553056178047,0.012388765052174823,0.022141163523973703,0.008466823407571341,-0.00856745953475307,-0.012875382181981528,-0.017364223985193113,-0.026360591828926038,-0.00806258377562839,0.026371849253352748,0.027019806020831604,0.015717703963721505,0.03117789458922349,0.04386503609022836
2022-09-08,-0.009664476577092225,0.0016644191918479352,0.019925719834535865,0.003257317831745097,0.039046750806976026,0.00801287621973154,0.02038454463829311,0.011113461544523893,0.006311498652174313,0.012964606010967569,0.02302877073608232,0.0316651790186977,0.014476188959558586,0.031213752273975114,0.025780459882751898,0.008146292303981461,0.005400959475136884,0.014506456022089201,0.009597029295857111,0.029511849222892947,0.002622535962612139,0.008135904463663262,0.006402926796603183,0.002301924433359858,0.01293802765087055
2022-09-09,0.01866446402444842,0.02271707148591779,0.027982064112630538,0.022826920971342944,0.03174490227340706,0.0019329586293800748,0.016013933773395998,-0.0028945329796732917,-0.0009156175326424537,0.006384264008722011,0.00479456562629897,0.008334281649105138,0.013975568203639063,0.0022085968201948497,0.015312816790660513,0.016613788856546893,0.02545079048065836,0.03314130124060944,0.04179875173911181,0.038041055542353035,0.02622824562673727,-0.0004338799806981191,-0.002155503421937524,0.020392254377688043,-0.008644182479798757
2022-09-12,0.03778488993901727,0.008246794190485691,0.008168467843802612,0.00317352113702594,-0.009524412948798786,-0.00042254107681429995,-0.0016738157045338004,0.013092215460129612,0.009344747425165636,0.005781548096524899,0.011762405202183692,0.009400882514238141,0.007265213927391913,0.004402430289377565,0.003939399950598417,0.01143688497801682,0.015691465871465637,0.021382554376496457,0.0244237766325149,0.012531545503732063,0.023581047138634757,-0.007466791306154168,0.0032700420039187953,0.012625892683367973,0.004275393620775946
2022-09-13,-0.060471234849302946,-0.056547432074427084,-0.09951767330578885,-0.07464432112827951,-0.09421202038108016,-0.026364719466300014,-0.033424851296177754,-0.03308722341727829,-0.021555555386786288,-0.0264288500194252,-0.03536686457303085,-0.036672473968218246,-0.042303172817908734,-0.05206812322660377,-0.03745306841235017,-0.023635349254934167,-0.01919848656076905,-0.018172654976140238,-0.02807804041860365,-0.04274378267120212,-0.07318946892343868,-0.06817919630956518,-0.023471006507298418,-0.061091770165568444,-0.013905611847534052
2022-09-14,0.00950987701515665,0.0009123489486883657,-0.00022844886701326405,-0.0037625192542429867,0.0054375869421743215,0.020430936966090683,-0.0008664540195440538,-0.008185765073380421,0.015764622437461732,0.007335776263511705,-0.0023224132429321013,-0.0038306951648035925,-0.0034470343975778112,0.0013872979148851518,-0.011700660731556243,0.02424982964935716,0.023926286236179692,0.0467830704309014,0.042885334433344705,0.04498276609790086,0.013549201586232946,-0.005737518258815694,0.005450462531276871,0.012034535348481881,0.05385148636541282
2022-09-15,-0.019111468472752934,-0.02749372912864891,-0.015274404794588557,-0.011720262741970579,-0.010252419736729506,0.0025474208023214735,-0.004560811051782774,0.02544960529295349,-0.0023026543984021983,0.020989416036626758,0.014958133485625203,0.018719267739310493,0.013234992372706226,0.019675685559521087,0.0002063180488451488,-0.02950838326330027,-0.016364115028845536,-0.018434259824038915,-0.03345818645973721,-0.01527494208491541,-0.017816303428596674,-0.017522386051729146,-0.008837639209994575,-0.014117752373038703,-0.005191349380977026
2022-09-16,-0.011020631531759546,-0.0026115746269609846,0.020592485018277592,0.013774331878886574,-0.0019586285585143364,0.015150037081195462,0.001957137594705459,-0.0036207790950211808,0.011119423943391863,0.010817673361776917,-0.006724727526050898,-0.011365481227685898,-0.016448649664710217,-0.0045413816347006355,-0.006835657872417765,-0.01723091655421978,-0.02630518197380369,-0.02125229090959481,-0.009098036609833313,-0.03231062602922711,-0.02201762235626526,0.01618257240450298,0.005664933879409473,-0.013166816200892086,-0.009916913360063187
2022-09-19,0.02477328767753364,-0.0008992721791326133,0.013845194463763448,0.006816697637790576,0.003392415947960866,-0.007907203418539156,-0.012900635964605936,0.004843989906462702,-0.012388294353660836,-0.009765613152046595,0.00918204716981383,0.0165678585391979,0.007482531366437754,0.008611160014408132,0.002698228070373669,-0.00010737864427738506,0.0028722417156836475,-0.0023006763841503203,-0.008434056316418906,0.015516365995714616,0.009106029090597056,0.01599635544226179,0.008204623501066776,0.029245492715796132,0.009049002164438486
2022-09-20,0.015544374336193365,-0.008501563693546321,-0.015513543516126814,-0.016438820021077917,-0.019997991483667366,-0.007909632429238277,-0.014854431389338037,-0.0014334373124161143,-0.007414257560734741,-0.0062584726551309575,-0.019916069195758307,-0.015103299642743557,-0.016566614178734295,-0.02074628604561075,-0.020735822638718943,-0.00818801467291985,-0.0039592109551469905,-0.007113233615431548,-0.0066649089377433125,-0.012133967114936183,-0.020012830448643784,-0.022540089997676566,-0.0062841988113084436,-0.04570751339246663,-0.014760044648415111
2022-09-21,-0.020476140243957053,-0.014541265632133456,0.006430314714823401,-0.017064677096223918,-0.01028522558856342,-0.010296927147729338,-0.01916845964559369,-0.020718087004954158,-0.017240581519126715,-0.01035146320022913,-0.02925931518627915,-0.030305326000897363,-0.00791971974334195,-0.02661239729567827,-0.019663090510019507,-0.01624986407654003,-0.008159811385914336,-0.008782911537082862,-0.011687282009383917,-0.02418612491820018,-0.030326766225786016,-0.00952834588797222,-0.017059316221571853,-0.026014067855524077,-0.02441719466122465
2022-09-22,-0.00639544113586789,0.008459659176946627,-0.054230553348734965,-0.014149521527361713,-0.0692039254696753,0.01760503211459799,0.014691018247016668,0.010451459952444713,0.034646505503010364,0.01906001924315886,-0.011443890460686309,-0.019802740633322408,-0.024589917798515937,-0.01790231616235314,-0.0163203840809441,-0.004186818069774656,-0.0007741921057068563,-0.009314794064873653,0.0009298625949986057,0.017148210540085085,-0.010430481377003647,-0.008988463009323603,-0.012584738228598692,-0.012504128619178776,-0.04501664794926445
2022-09-23,-0.015239574053281326,-0.012779574944559662,-0.003589092979169674,-0.019788292239441875,-0.02240746923857711,0.0032442827547742646,-0.011054798855085209,-0.007468187633198576,-0.008377206190358406,0.00034976685724529975,-0.018788947862986644,-0.02397748738395026,-0.03561975535473341,-0.027097991476878792,-0.02938776982277341,-0.05468694532402564,-0.06756899007777813,-0.08997308592998907,-0.08119788534868796,-0.0882720929208437,-0.030553234112175812,0.006665933516221214,-0.008058485530160558,-0.01564675061983363,-0.006277001656838435
2022-09-26,0.002258024894588455,-0.0019772873493956898,-0.02327923788815301,-0.02018793603780709,-0.024729340110824,-0.006137009097834149,-0.0056876903467648595,-0.010274286082152624,-0.006938034013017993,-0.013016120185979136,-0.021767049597360796,-0.022308216216317883,-0.024641485584720436,-0.009947857743964696,-0.029113695779769033,-0.02085727297974762,-0.026670057199859633,-0.013914842525149441,-0.03677520455670095,-0.03311367588786602,0.011968890924047326,-0.016223058007279342,-0.008944399912262832,-0.009944077912337196,0.007575085605055467
2022-09-27,0.006544738290794997,-0.004389642286719795,0.015015712608847006,-0.0029706839541356013,0.013036748797420086,-0.004597067651439704,0.005914416697898106,1.9551341583212202e-05,-0.003952844688088342,0.003605217335758958,-0.00884138318583688,-0.014935194579122657,-0.011057808614010737,0.0004997554242836771,-0.009348188666125721,0.020740652259677347,0.0004254864441638841,-0.004445499099073142,0.002563945168104063,0.0035372724470049484,-0.00644711979642255,0.007883845682194255,-0.029390440703589926,0.0023913942866446262,-0.006268833291555252
2022-09-28,-0.012732260388654198,0.019519763736479068,0.025688435303308166,0.0088856334444272,0.017561175157114278,0.008572323708040647,0.007682039009928069,0.010897004319743222,0.01089087870110644,0.02011804124699372,0.02001566243015286,0.016223534935867614,0.031783856834928646,0.01929797413988908,0.01884007772442696,0.03574264073166197,0.03319674602039684,0.056313490736339004,0.05784813694005194,0.042069016455796165,0.030980865018271533,0.049022268275164704,0.0010134969428318178,0.024720596631568444,0.03302708947151473
2022-09-29,-0.05036664447078733,-0.01491957454347512,-0.04135854955194411,-0.02803385879401814,-0.06371968242679818,-0.011061154086494334,-0.006095443900210294,-0.009992611803673484,-0.0016144602327906443,-0.01308670706904032,-0.017091265600795835,-0.013283937694492999,-0.01568137692849802,-0.007624998729440484,-0.023547046295240744,-0.0020277372023675072,-0.006952175264701066,0.006387742788406875,0.011037171065117875,0.014844271889006113,-0.027577874271049487,-0.013773294337107863,-0.010777965000920734,-0.03474052752025045,-0.006218213219590027
2022-09-30,-0.030499750014097944,-0.019558501291328224,-0.0066506671761084055,-0.023395081605225247,-0.012235427609837438,-0.007136570051423372,-0.009099243277200068,-0.007476345195670386,-0.0060199828245327035,-0.061478816161095386,-0.015760342410335245,-0.015116868270122243,-0.010387679570881603,-0.0069377659624301966,-0.017131220229248848,-0.015569313567782232,-0.0076272197351726035,-0.012815965528226433,-0.011037171065117929,-0.0019478735583860545,-0.015803691756381223,-0.00862376101559608,-0.015737455014028057,-0.13705925208592684,-0.02704619602970961
2022-10-03,0.030289373043953773,0.03310834239661386,0.030264802877721594,0.04551399090895199,0.04248727343860618,-0.000980019074915784,0.00864614201586274,0.020519142338416466,0.016468602081500708,0.03016418453600513,0.03044114879684813,0.029044387812839134,0.020601785267331363,0.03325494314817898,0.02113333076288445,0.051453520788254055,0.05458348234493789,0.07190713755557451,0.07082305012659447,0.06471245548277671,0.025167330486858045,0.027733815512637733,0.019739758812157775,0.027060893483468688,0.016011576290709584
2022-10-04,0.02530013920939835,0.033253336618481254,0.05102545673235889,0.026707336902306707,0.02671602645924321,0.014719568529660826,0.00722342424341255,0.014749836279328228,0.009548568510967661,0.026186899366375044,0.045722163415335006,0.04065475277118438,0.05121484633748311,0.0460608643744319,0.04254995816369002,0.03579634249916479,0.038147793780512765,0.05010139106713728,0.042764545980921366,0.02118405819002809,0.043978891324203705,0.020445289433560127,0.013338055628261321,0.037237086189985884,0.03319668962197809
2022-10-05,0.0020513415794211672,0.001284886986516882,0.0031846066471948966,-0.0021683903616228177,0.0005889416300838184,-0.0030840238475226853,-0.007676519961437931,0.007427005036115031,0.0,0.009392845068336316,-0.012423548680085309,-0.014308292556461502,-0.01881857525525328,-0.00529650788224625,-0.012918024042355905,0.03961627484715924,0.005693549151131112,0.002677565518051248,0.007243756558116902,0.06074492134536811,-0.0011568286989315974,0.0010008088364902056,0.0024707460503981832,0.02737453416639532,0.01802654834529231
2022-10-06,-0.006647732715371884,-0.00971789143894658,-0.005998581339694862,-0.016782575286257175,-0.0013256348753033303,-0.019571156600317913,-0.02362239487802849,-0.015179284801257392,-0.010805933969726093,-0.021438039081175475,-0.020593001718611156,-0.014515928910789446,-0.014112073620458698,-0.025015933665527307,-0.01795225804239046,0.0292297063800253,0.018065394972367994,0.014727425259109002,0.011434875951011725,0.021889991884991952,-0.005388563475942685,0.001861472742421167,-0.018319108001257314,-0.01026095321783312,-0.008580695358276436
2022-10-07,-0.037409759092454566,-0.052191542437180695,-0.08367962191773232,-0.05521255684270373,-0.14929880040853744,-0.01061797142116544,-0.018030953839870266,-0.027892949187550566,0.0018282146363475392,-0.010965820380928264,-0.02017605313655099,-0.02282686587777801,-0.011853244346280555,-0.01071042606783557,-0.020411015556690715,-0.010143264529540282,-0.008647962824965855,0.007283239080572878,-0.0006274201059517628,0.002350720381024751,-0.04888996644735069,-0.021124406112546595,-0.006667434546072132,-0.033951320326027365,-0.026308557293423185
2022-10-10,0.0023526048875872085,-0.021533285289727866,-0.034198619849224156,-0.020424942710608872,-0.010838768533702027,0.0013102980642090865,-0.01356039853875683,-0.011935779474114266,0.03234795040706584,-0.0032483266346609446,-0.009385422764064259,-0.0029311849688722306,-0.0017947870336304345,-0.008169380320517028,-0.01408334219782027,-0.021915370909271044,-0.018224188050378804,-0.014534197451568018,-0.029864895286043976,-0.010859403618202729,-0.007799184311071454,-0.006563727470127699,0.007519076536514064,-0.005407075493418413,0.0003444402465057864
2022-10-11,-0.010307723399963593,-0.0168921454805841,-0.007223888703286857,-0.006369404823901049,-0.0031185108670457305,0.014359295593444288,0.004063430253225648,0.001902518336053856,0.006279750207075808,0.022873062397609875,-0.02928468809152672,-0.029457652633807382,-0.021287320415460612,-0.029874903477067893,-0.028033242385779755,-0.008534773180487901,0.0001906362847589968,-0.01050021724054117,-0.008116786377548875,-0.008821325505368922,-0.012927390072384172,0.0015212014368834433,0.008898408877848452,0.014884659697389247,-0.009811027498035673
2022-10-12,-0.004615537885514613,0.0015072707141225248,-0.0074504835180900985,0.011514883930474078,0.003810143280624359,-0.00024583705222882174,0.0026206895036773184,0.0003000052826559743,-0.006943051715416174,-0.010870887350540866,0.01605320691023871,0.0030187529203417273,0.0037317075645588948,0.006935944020648071,0.009595352070204292,0.00437800124210898,0.0029859224047190107,0.006210192816455376,0.00617468616054499,0.0062069653071463145,0.006130377153208065,-0.008413048545647284,4.214066190756083e-05,0.005892378086531232,0.007626642052098186
2022-10-13,0.033060390429530996,0.03691816005618963,0.03922069079717992,0.0421319002652165,0.018666526746521517,0.015007605696097753,0.0223513100471264,0.01970615434550443,0.022635018106130052,0.030909297496210332,0.05410306629681012,0.05948125380828364,0.03905022316554673,0.04512751695607384,0.05037468223779475,0.034352004593469695,0.04732733780015909,0.05389527797994452,0.030943554284765175,0.050352841855227294,-0.0032826427568259787,0.008200778636586088,0.04006239760486978,0.011793271118360071,0.028371932639102336
2022-10-14,-0.03277126629853719,-0.0245475339300836,-0.06324618915523511,-0.019492280388832564,-0.05224029078527811,-0.004186659102564921,-0.0027958684314778014,0.0062949476341138105,-0.00335741963981657,0.0001400040925626152,0.016503852355004338,0.0003155140786711195,-0.023326808550193208,0.018469402993909093,0.006497828373472418,-0.026660276741592825,-0.031592732232952905,-0.039722796118566286,-0.048722807236781476,-0.04702658734895206,-0.05132600960921381,-0.022888138638344536,-0.014656113962828886,-0.022698770482267056,-0.034144460132794124
2022-10-17,0.0287065719606298,0.038495051297619765,0.05720797669676641,0.019492280388832592,0.03547343843217706,0.012868039781048477,0.018264293235086188,0.016908638367606272,0.02082731448004155,0.010231429199314005,0.04114195664625694,0.05880445383451757,0.022153772106890006,0.0181342711324985,0.00829315510526828,0.01431367683823269,0.007279459565706501,0.003385254429511515,0.002733029809559296,0.01646711608884971,0.06246082010978991,0.017321817776346494,0.0135613495416783,0.02726644820316386,0.028871826814242087
2022-10-18,0.009365452415421352,0.0040755073249105125,0.006623132474484141,-0.02103728746820194,-0.0006903851926863856,-0.0034874351017350797,0.010029494518663041,0.0006320325731190808,0.005192640685813008,0.00131488378469147,0.02539544585576772,0.03679242271671781,0.023012371804568218,0.01602193976318016,0.01276521791749113,0.0017875878152193835,0.00870303802177166,-0.003978788599314156,0.025237278534758985,0.011598511196675796,0.022334186457693587,0.013420409578918933,0.01093483540444204,-0.003228869669036762,0.0006745587711889294
2022-10-19,0.0007649863007056509,-0.008505635576785546,0.006994939762485132,0.005012396525719677,-0.011984488041602558,-0.007983137404586019,-0.02247785703750168,-0.0036258289384235145,-0.014371786623979624,-0.010217915978688475,-0.019801036053974652,-0.027908792633461837,-0.006681518590028283,-0.02378629498962148,-0.018516951650817,0.029231150736444046,0.03193323080204834,0.026947151150302967,0.04787182317682637,0.04751538691481056,-0.011148202689094493,-0.03414846499611527,0.006240664580620362,-0.01245423477377333,-0.016319568290734814
2022-10-20,-0.0032725690111503696,-0.0013965373650868757,0.011796384285148996,0.0030722167757854645,0.009391389294729111,0.0025469575477986327,-0.004650143863725225,0.0010756538541266407,-0.0034373724736381913,-0.0013986993785169933,-0.0032666239777147804,-0.006506930764259949,-0.0030517384999480036,0.0006874809459909185,-0.009738096857530978,0.001348003197315957,0.00569774055292874,0.005763178444157168,0.011618171449356538,0.004826558367234071,0.0015630456934787908,-0.02213137471401075,-0.00391584652966649,-0.01984123226876635,-0.008375677023976319
2022-10-21,0.026699565371786572,0.024966248339950023,0.02206090013373625,0.033556423093792996,0.018012310220475704,0.021569223815566172,0.04644595643659721,0.024370419812475307,0.028950651324819058,0.02848587029611831,0.05119413706295313,0.03642081607057577,0.04495077336152359,0.026674367768011006,0.030743479348537068,0.018399869019531456,0.02472739599059386,0.021763104671393346,0.025583896026733974,0.0983100417825911,0.03470527521216521,0.022276542143222965,0.018956720584114694,0.01905049150959205,0.020753154870676326
2022-10-24,0.014694282592359163,0.020966702546936583,0.010612510327130856,0.007756371254426702,-0.002042188106233722,0.013365697715268993,0.013040250344271219,0.014637755263104806,0.017613594468501772,0.025710351198284312,0.001226350990943159,0.0034271935093482695,0.011012953070463842,0.008219383593034613,0.003383215680616985,0.006966200240807373,-0.0003463370467718952,0.005207769580106744,-0.0025217013060489517,0.03393460635742852,0.0041816570199037775,0.02766877523519908,0.003020434246538326,-0.005552208617911092,-0.056289252677143374
2022-10-25,0.01915307481705469,0.013697253094694512,0.05120993678101127,0.008426420945756132,0.04610953094612056,-0.0015807076023331324,0.0010971166787587861,-0.002551595434817074,0.0034855856960915787,-0.0071163295654846125,0.0026115242123404235,0.009083429865224604,0.011193435609964324,0.003754092604154643,0.020283679074967687,-0.006777458184966195,0.010342716289201232,-0.009635562720204901,-0.01995130225625469,0.006117435025685849,0.006488657531862419,0.024411658181657667,0.0016045628682832844,0.04129008080765506,0.01716330493677965
2022-10-26,-0.01982236875670834,-0.08029532153005663,-0.02791006391817437,-0.00732339958552298,-0.028714871697103673,0.008748631822461422,0.010256686597250517,0.005446049975233268,0.007138774164789927,0.017795684431169925,0.011425899810762885,0.008721292097561001,0.009848997781664922,0.007247325921911604,0.001983953849860355,0.011830156311969929,0.012272506575850562,0.020997927165444623,0.01727441237385982,-0.005542362939827418,-0.04182438724790477,-0.0003789670681367075,0.0034351546483395003,0.007278301254097241,0.007948673634296011
2022-10-27,-0.030939230911058033,-0.01995409933244936,0.02147974920335104,-0.03515688829471569,-0.019099728536255158,0.0005803726693394315,-0.0069715227843166324,-0.0025253850830406523,0.013424037993571008,0.006470380644079246,0.0039404171050179,0.004750648756791978,0.004428845148473043,-0.001094930781367535,0.0006603490280631314,0.0038194889710131143,0.00456340055577521,0.0005527739999309473,0.0005208157578863952,-0.009628381598377025,-0.04148511663717591,0.0031314461100691994,0.03258755657007917,-0.020226948290796715,-0.0071272624161882936
2022-10-28,0.07283454397609486,0.03943266199785887,0.048732376112622225,0.10127910861573276,0.05656096475002947,0.014747714815792248,0.03628172323942548,0.017273372788222417,0.010274031844584077,-0.039126842372771545,0.011807881388730766,0.00860543408392095,0.013667534172413077,0.01521775577053557,0.015070968766959155,0.028868054400871142,0.011624173963382067,0.004176365197280604,-0.005073252376679391,-0.024088236521173253,-0.07046806314523207,0.025742860466451734,0.034879122402745065,0.035692772622494616,0.021116763841705195
2022-10-31,-0.01553011363844141,-0.015983116430431044,-0.024662008041950862,-0.022261705828556144,-0.03195154987360462,-0.005160037667781787,-0.018728213419618632,0.007068044817284515,0.00425813178841339,-0.008231376246073044,-0.0015874356824962614,-0.0038772473237281145,0.007838717270813823,-0.007797211799255526,-0.0058702579497334,0.0009929928294453547,0.00509869650048669,-0.008528755306506406,0.020947350651368324,0.030837865115560994,-0.009424419446504316,-0.008473851796267555,-0.006798620886577509,-0.01233186749793096,-0.005872715152843311
2022-11-01,-0.017698609581307995,-0.017206618307529255,0.003402347248561652,-0.00458319997481692,-0.006682308891524457,-0.005071101309712145,0.03088235692269498,-0.014222841383997806,-0.014331591986135914,0.00347777581412216,0.017872277125946103,0.004429898172915696,0.011744450645534022,0.02065917174997526,0.007819408929800403,0.0098780646007015,0.007270518582414329,0.013313984932580245,-0.0015394601128302955,-0.009268162759035506,-0.056733592543970986,-0.0002363533816239178,0.0010630827323779549,0.011692380839105251,0.005872715152843407
2022-11-02,-0.03801855540652786,-0.03600880801904122,-0.024214643855095006,-0.03158924041507335,-0.017415247334958372,-0.015487141630312047,-0.01977323679612348,-0.007114303999665991,-0.0036150945225214073,-0.016402241453979085,-0.0092506546304597,-0.0030436554355746,0.0034654990268140006,-0.001491942596369779,-0.014601962400636543,-0.02076632200122309,-0.020626387490186023,-0.009988515135336613,-0.005296029123378673,-0.007985199236736703,-0.04945158785215427,-0.025069936178816945,-0.009497275538814711,-0.03770730171912761,-0.029359138688877892
2022-11-03,-0.043330237641842066,-0.026938592978990802,0.015165460237456503,-0.0010945691398253138,0.024929698010961704,0.0017005101958472975,-0.002145256407955661,0.0003310801685523779,-0.006560702065100567,-0.0006923788076791412,0.0018098869695560476,-0.005556771024978208,-0.002633691151667512,-0.022580331257174305,-0.02152532989815686,0.013502070066403117,0.014626710164758515,0.056174253129137965,0.02036780954299437,0.012823158091988017,-0.031090582711074753,-0.02535955375547625,0.009497275538814806,0.0011064489219989593,0.0011816496823787472
2022-11-04,-0.0019494221007606187,0.03278232781453057,0.05331792072643279,0.04255960526982514,0.03401796582863271,0.00444157320977999,0.013860990671354847,-0.010057843744691637,0.004546578792340985,0.005937288775146156,0.026990933072573064,0.024767213811708197,0.025582150192149048,0.026009346779006494,0.02376776471055625,0.01083212948211825,0.012563426889772524,-0.011272417191662104,0.02744212638151171,0.024786676967040778,0.018638216982674413,0.008947407933178695,0.006099909331682444,0.05791411901215633,0.08138615385717382
2022-11-07,0.003895051347668551,0.028849477484652657,0.01019101010051546,0.00741932628306505,0.014209598088723218,0.008709321905985482,-0.0027567921867231175,0.01264825711289417,0.008732013141788054,0.019224906151032315,0.005266208344484867,0.0059619815318974895,0.012908359168701372,0.007035525115076937,0.013207423273495297,0.011772763912605464,0.011868988643505851,0.019607102823039627,0.02574988269280752,0.031695596416619606,-0.004958465035960488,0.021731193608401936,0.006497007772847278,-0.02483881470593269,-0.015468375715161804
2022-11-08,0.004166155065462782,0.004378764914814858,0.020829038278309554,0.0024607412362200346,0.012132767458342531,0.00495942185525923,0.005506102798128919,0.014625817041606743,0.014188789656595051,0.0028991660933528497,0.000608685885320709,0.002698500285057395,0.0040189706435617084,0.002334306052591292,0.00849213289195011,0.0031628538813452548,-0.0014556533335706619,-0.0037122436247027965,0.01577197466118759,-0.0021916819963463067,-0.006093813282808144,0.0029931335232360984,0.007173331022249147,0.0033121509451549324,0.02511051672228979
2022-11-09,-0.033753176888975715,-0.01923363947450914,-0.05823066215814853,-0.03428893941913832,-0.06352624993003846,-0.008028050100342672,-0.01339428813230585,-0.022658039851010777,0.0008863671979458225,-0.006145477276857241,-0.01309404347041413,-0.016026370923586573,-0.005564554002156984,-0.02598114762367604,-0.016615960590951932,-0.04576855991488046,-0.04080178503276165,-0.07072653952109348,-0.060043176075992376,-0.030069098281538066,-0.043613588180190316,-0.015193326217042795,-0.0021930105935299956,-0.017756661329021525,-0.006418293589556397
2022-11-10,0.08523629586781742,0.07905865951651185,0.13391247378007054,0.07825214125437939,0.13338540231062204,0.01164546153663501,0.01402792711576634,0.006471282587154052,0.0029484800161198362,0.014125410460590598,0.04033478862209063,0.04314119510929455,0.04406948479563088,0.04216978440134217,0.06528220517158148,0.014585597727646681,0.01876283873367224,0.03298041234330937,0.019083391758800902,0.0005651838612648055,0.1149153510471296,0.08343027468961785,-0.006899653014209309,0.07718197811209039,0.04929391857472971
2022-11-11,0.019085382988977318,0.01685448871533323,0.03597975682946048,0.022263902557163397,0.05539617586871442,-0.030375958201135818,0.004632293614873295,-0.04144085252729867,-0.03933454796782551,0.0029347059840184007,0.0016274514785390452,0.007316519025511556,0.017971127364923265,-0.008377066436749594,0.03590295958832645,0.03074420981839935,0.028063712128167953,0.03416933576518879,0.0331728558526139,0.03187809566327547,0.042149929862782536,0.010340962061609322,-0.016409033370418522,0.0642308371139807,0.011568142770644853
2022-11-14,-0.009530879269040478,-0.0227570636730374,-0.0019619556104598203,-0.002632593176980312,0.01590158277672371,0.015594279051714288,0.033873655666998355,-0.01608408569398639,0.024104926077285965,0.010466932447277737,-0.010326732563375449,-0.017067489250674982,-0.007322284227349179,-0.014403991530270428,-0.023587441001994645,0.0029152274342054045,0.00048256947741165374,-0.003152358238072241,-0.006341920185422296,-0.013775493640805351,-0.023084154958510558,-0.025794897277297887,0.0032371954043598776,-0.016154007809157687,0.00041093741828551083
2022-11-15,0.011799662218095818,0.0017372087266074826,0.022512394718039116,0.01179173070039738,0.03789651525773973,0.002788081698541013,-0.013700174235966122,-0.021126636724038615,-0.0075019152320263925,0.008530738391218215,-0.007269852354857585,-0.0015903922173405277,0.0013589090373517351,-0.0034194886741771343,0.00020403286421750495,0.006681197060647072,0.008008478911590304,0.007936624118811115,0.007632701933593754,0.011035412752401231,0.004558631983396615,0.016191541524742593,-0.01640467322855247,0.021981024737505985,0.004199551926109827
2022-11-16,-0.008366003353096275,0.0018219120392318567,-0.046422745077431986,-0.039181645851057864,-0.04924864230237936,0.0061880136954421345,-0.010764008005214007,0.016776552197454955,0.0033077477663551393,-0.007674370887687223,0.001352865365447983,-0.009059345405496147,-0.0014375448771260834,-0.01076209699997262,-0.013552819674676043,-0.010747086614228973,-0.016406128906697078,-0.03683994057113073,-0.026484841001120175,-0.03121171024648566,-0.01856627488370557,0.009508133187214043,0.017285762090542684,-0.013966311965098918,-0.007798930093135781
2022-11-17,0.012887979544853205,-0.00020692874475411628,-0.01475303644494148,0.012117391580725464,0.016371506039982244,0.008038366034494876,0.0058104048973470195,0.0073819819792772055,0.023537442010196138,0.0019079384486681821,-0.004366302323394736,-0.005098796585473606,-0.006692020395261038,-0.004772152710074283,-0.002483747557274979,0.0013275869826958374,0.002828674656532946,0.014975382669368079,0.007224051580730905,-0.0030237886833998293,-0.02365067529774173,-0.011080280839535609,0.0031142262088555374,0.0012344742876481058,-0.00103064402324409
2022-11-18,0.003774514954555879,-0.0019051849659042252,-0.017243079241154247,-0.0006694642130219454,-0.004475518805971448,0.007634040074907333,-0.0020711139950098318,0.028108347621460465,0.01859269897194551,0.018363121227188348,0.009760340889118473,0.000537823185462731,-0.0015281335177413642,0.011028207387764881,0.008461333235452898,-0.008705658141800776,-0.005993115058763526,-0.020017851158120388,-0.02430874618761134,0.011480028203663343,-0.007513650804188213,0.005571303888425727,3.636178060235372e-05,0.0005693919719108431,0.010055287765001595
2022-11-21,-0.021918541504244955,0.0034349529982540864,-0.005988391343860335,-0.03162983736748618,-0.015202656964075502,0.005127750166267539,-0.0010375987103024185,-0.024466801408693208,0.01315291792894842,0.013650161210696468,-0.005919966582297484,0.0032218859059782662,0.002659852044631864,0.007285233712420645,0.0045111487113789666,-0.009953109119120644,-0.009609491326879813,-0.024402759640765204,-0.008260179638618494,-0.0221369500263364,-0.018006920831346168,0.01142960358515628,0.004198114749770972,-0.01519737047398029,0.0037705396060246305
2022-11-22,0.01455457279109567,0.012236425707004044,0.04599739565933845,0.029954578231651548,0.03778123079698833,0.004818697373872842,0.01850772426957874,0.011343443216494968,0.012140946768294468,0.01691420196718359,0.014845955215838171,0.004812502057300161,0.009580213959033183,0.005747881580103859,0.009163972952213962,0.028516409404978113,0.025333249312549634,0.035154563696051,0.03139152655263521,0.025872464267387773,0.007971580289157953,0.025248109925925116,0.0008741113745613093,0.020401042232547222,0.0011181013187440238
2022-11-23,0.005908889146186443,0.01035312047562484,0.029550534622501207,-0.005042882478558245,0.015166812515726574,0.001073846593297669,-0.0046970329473274425,0.012576105714335874,-0.0007487472043698484,-0.002506257189480225,0.0106071549965326,0.0031958119030438764,0.006180728650733671,0.0046591378761387785,-0.022343786468484273,-0.005004622041657635,-0.008916098147890164,-0.025242951285771982,-0.011639141922243761,-0.0422679102122187,0.009929087433161404,-0.010426803700347103,-0.005437840181200461,0.0063962671668492625,0.011012890521498283
2022-11-25,-0.019787972628196693,-0.0003636865507411815,-0.015188342784352176,-0.011184624300773563,-0.016629684121746972,0.0012987578523946533,0.007342289644939552,0.0148221596203668,0.006345684970270751,0.0014418707093652098,0.0019034145924758195,0.0023901189391845987,0.006734683617341102,0.002321322710012124,0.0010357854580286398,-0.0035272684831863664,-0.0029353002865529863,0.0005522191428741464,-7.012056372668049e-05,-0.011540351156584647,-0.007678331291085061,0.01503316209770537,0.0063108874403491316,-0.0064907147600429,0.00040210273640216423
2022-11-28,-0.02661539021456887,-0.023424523359697465,-0.027605591065505048,-0.02100982019862641,-0.02629419905272802,0.0005074129268442716,0.007288959272946591,-0.010001181098463777,0.008798494016840314,-0.007483252489093073,-0.017633105434600144,-0.022532962325851575,-0.01685668851896304,-0.009743877812013942,-0.0221951487006948,-0.030492832041621787,-0.02949999840062592,-0.02369941283067335,-0.0429010156222936,-0.018866658174358408,0.0057642482872482335,-0.023121853809937105,-0.007739042761109372,-0.009482277151006047,-0.009081001996463417
2022-11-29,-0.02137506993737791,-0.005932603445019288,-0.011949602483841243,0.0058995795710132,0.00272884527018541,-0.007016990713407837,-0.0016150385193430881,-0.00805432311705944,0.003589687781620266,-0.0014527089350137971,0.01631553260754986,0.0037908170276463285,0.0035245052191519317,0.012480361713060049,0.007173167465971777,0.006625947976914418,0.014858921312646144,0.0033052197397397736,0.03339167424620247,0.02318551888409805,-0.016419307746887702,-0.009324673328979,-0.005401669973654289,0.012215501402329288,0.0
2022-11-30,0.047450188998079026,0.059799519523238316,0.07916176171277635,0.03968638153346694,0.05616623679674595,0.010788299098996588,0.012848871223155107,0.036740612648413655,0.011691687875187854,0.018661895943133923,0.011793061060266915,0.022713062469811782,0.012875275499066328,0.007956529183758011,0.017504027879915993,0.00721108752017205,0.012515623726725555,-0.005973695484932413,0.004519469809633941,0.009746706547071165,0.043614054085946284,0.03112867040105209,0.010687806040321098,0.0318632974566154,0.035252219731654884
2022-12-01,0.001889673385240241,-0.0017653579258560875,0.012449412717412877,-0.008013251609739704,-0.001934033171920614,0.0041486157597987365,0.018773384952108715,-0.020006530039358417,-0.0029100931449730885,0.0027880211732290083,-0.014139038105782379,-0.029120322088126625,-0.006078064608509523,-0.022781057967020145,-0.013099347305326943,-0.00486183127454508,-0.004483038042180508,-0.0036500040280484456,-0.009842030848668071,0.004065174299418047,-0.010831192229061232,0.009461668835587083,0.002233783915488348,0.012862516995204501,0.01138285645387052
2022-12-02,-0.0033772405590581935,0.0012948677030849452,-0.01523072474282403,-0.01417991946242778,-0.03279842578642893,0.0007830576506664978,-0.0033335232494028787,0.0016799530929909228,0.0021833248884733417,0.012481250681491215,-0.00795868296626222,-0.012942460064148856,-0.008451345136887629,-0.020041743993096415,-0.01136608319435437,-0.008519906302507547,-0.008032585684544954,-0.007176606149124962,-0.011233938638064865,0.019704265213480173,-0.014449471106160716,0.0028086771047668,0.0,0.012827083159642745,0.01612170012464862
2022-12-05,-0.008015265431149887,-0.01908150724259022,-0.015887274604855933,-0.008193953514988795,-0.01830469082039139,-0.0005591300345674519,-0.0035420078183362076,-0.002091122918809686,-0.0002726839611730705,0.001709478359746942,-0.028441526912196025,-0.04564920997972366,-0.024039781176963336,-0.05090372699072987,-0.03445651068632947,-0.027780802024788727,-0.025001871702180944,-0.02326747978809808,-0.03537400091909219,-0.027072749598402793,-0.03370736231877902,-0.0244121555307826,-0.006642374312778653,-0.023263201314283232,-0.014381714041336958
2022-12-06,-0.025697010409774672,-0.020512619836769008,-0.03822913263125249,-0.019734080872365237,-0.04657184782625293,-0.015104061063796116,-0.020311305510749725,0.00796774750276679,-0.009865852516599634,-0.0013430514175035084,0.0016732476024309488,-0.043581998901840925,-0.023501713088259994,-0.005972848705104279,-0.014566660664174908,-0.02818968617489696,-0.026108490661320257,-0.03200540217489526,-0.0484957288139986,-0.006367211247876472,-0.03079571824833874,-0.00825054147269169,0.0006623896708425175,-0.01553695362689991,-0.01429779708758942
2022-12-07,-0.01388098422346401,-0.0030643554760991895,0.008284750194605062,-0.009485473681562958,-0.0018516814220463878,0.00605762654616221,0.010605445152983334,0.006634042137975299,0.010592741900500134,0.01020906225905712,-0.0006841634159506125,-0.007910019563205127,-0.008273149345605088,-0.022132587198571384,-0.006915779539195153,-0.002216410809086118,0.0029607465797270483,-0.0063343821346791285,-0.012837320981778727,-0.02145492814425392,0.002376766277155038,0.008469398939196836,-0.005275610151803969,0.003699250569438312,-0.0020594374049065353
2022-12-08,0.012059721204964968,0.012322887783659892,0.06304465861124202,0.003875394349979124,0.00469386865111235,0.00016939116814468556,0.03019223951625563,0.009185948185125192,0.00687991209362792,0.003561011697734175,0.010439788844787181,-0.009205461607347193,-0.005125285777865491,0.0030580562563296944,0.0004477490015764616,0.007401113290267709,0.0058950220243124815,-0.020046372895172374,-0.012683031702205675,0.002406647178416965,0.021140538059143867,0.012231555446682384,0.01121920000386978,0.02758597922028531,0.01819043981942232
2022-12-09,-0.0034408061550302307,-0.008035389046302245,-0.009833207072794678,-0.007057272401084467,-0.027040406541313053,-0.008273564943460194,-0.0011592721911368941,-0.016042654017982227,-0.018850572665897822,-0.017809341850560295,-0.005433238276808173,-0.001851061511111034,0.0029557929524008037,-0.0018808488445363066,0.003796745220668136,-0.008462971450959547,-0.0324442037874848,-0.023179781561803135,-0.023555310677529324,-0.06091251578393376,-0.014043946522882085,-0.011201300721802145,-0.004950404100775011,-0.017574387916654242,-0.018975992343778957
2022-12-12,0.016257242133750422,0.028479765546079883,0.030926864151054147,0.01580937876685591,0.02987443067290646,0.011878597712533315,0.008471228127225722,0.012276079487188101,0.0017450328410839324,0.01376479972440612,0.01539240082455597,0.010750906841749827,0.011186321162000029,0.008434939380151796,0.020082298642896644,0.024329680194978724,0.01036289857670948,0.015870645531271405,0.01945270781151032,0.04434975391664501,0.016255164405059457,0.023132513754204977,0.016695662902476222,0.023930075192543317,0.008900206545716993
2022-12-13,0.006759512595456139,0.017314065512644194,0.030164800223750524,0.001393217320853694,0.013772046777633181,0.007674429870352728,0.01729610779687161,-0.014095392051675343,0.017646625888779393,-0.0032112119445384954,-0.0009692263382704238,0.0006111391806439145,0.015057774950698774,-0.005615282890488063,0.01775707200544771,0.010874706511070401,0.022023494581862292,0.014476925754534369,0.027037196920756103,0.038946600581207656,0.021198289437405628,0.014859589450733103,-0.00849552816379699,0.006935785627774869,-0.0057613687477029146
2022-12-14,-0.015657932932254093,0.001166937649975256,-0.0222690743473106,-0.016494644394204377,-0.03870167424557754,0.0030641820604835335,0.02622172760703734,0.0002602424614988042,0.012357378106096344,0.0004245018494710366,-0.005009654676271007,-0.014455211820966549,-0.022797284023286117,-0.010377547424242246,-0.013179377627167317,-0.0073932136048348,-0.00693944101298851,-0.004772737780675839,-0.000238136210424269,-0.012219285720753465,-0.009887580246293281,0.0016207011374126717,0.0009111361271974789,-0.01248353609134433,0.0007830916317833963
2022-12-15,-0.04798724148702335,-0.03243875120835246,-0.0417089315184092,-0.04007034897412405,-0.03543854591925399,-0.012708305553204229,-0.016098077269881494,-0.02003736276144537,-0.017361858044926612,-0.01073267900316429,-0.025123372421519075,-0.01592545066510504,-0.0297116437494918,-0.019390428661109557,-0.0300244501024727,-0.009627186308668895,-0.0075135348777836545,-0.0028391400804449675,0.005543295520193186,-0.006365648442969509,-0.03477554111983294,-0.017639486656758855,-0.010251340682601293,-0.02673370366312669,-0.02176369024075901
2022-12-16,-0.0146862654442314,-0.01750083069248192,-0.022731738835177265,-0.008507348938774934,-0.01697774744552009,-0.010307160604182918,-0.04209743899909773,-0.0075709860087216285,-0.003929976776750613,-0.016194464555971167,-0.006245641719837343,-0.0022056801767119053,-0.009997551689251859,-0.004360335162887269,-0.006069396421750307,-0.007043025117831799,-0.013657014405151397,-0.018925215918884984,-0.006814658652407948,-0.014675100289949373,-0.006692740608663019,-0.013088764067224116,-0.020861758169274117,-0.023875066070502386,-0.011669052076999715
2022-12-19,-0.016037453557224343,-0.017479990848034768,-0.0193151382073996,-0.004840768642234135,-0.01261566461351191,-0.0010825209262923204,-0.0007786231138868218,-0.00019102236511817726,0.0021954189769061317,0.006274054394844038,0.005937932027538325,0.011292493373415528,-0.005036413041613422,0.015179256966069995,-0.009515215669995506,0.004479233285163416,0.006851821276700834,0.0,-0.001910115064797177,0.00907177432350887,-0.03403503022155705,-0.01876216497824745,-0.0010903967337806664,-0.027752962876456237,-0.005377079754375145
2022-12-20,-0.000529064279708041,0.0055986463885198305,-0.010451722094588686,-0.01315083520171511,0.007096708525942241,0.0010825209262922797,-0.0007788702354486524,-0.006495521464161029,0.002464079580778323,-0.005650889786601286,0.004832258768711412,0.004046519731837533,-0.00034821270128125955,-0.02029051199767866,-0.0027353181204502605,0.014349269718988575,0.016290004512770736,0.01981319506638649,0.007618597557581198,0.03800025648251468,0.003174469440173832,-0.007877822051752671,0.005327705712327258,0.0015513284832293847,-0.003056589370980507
2022-12-21,0.023530478333681482,0.010818055833184527,0.02553371996449346,0.014642714784862228,0.039634467934520634,0.011376955571035003,0.006603149805092907,0.013992081093680032,0.012680166644914614,0.010099506085261556,0.01118530353509237,0.015107468394871072,0.016324841437722372,0.0034105053026499957,0.022569170682165903,0.012758910178806614,0.01168792095084827,0.03171550799152342,0.02744802239843275,0.029506423890314295,0.018376816404560806,0.014254270520490211,0.003399218179141017,0.11492609754533295,0.0068134774829992665
2022-12-22,-0.02405958817792701,-0.02586029674222039,-0.07302232988267043,-0.032578715126682596,-0.058097522962779834,-0.0036650489458481253,-0.00038723172014341786,-0.0008532257875120714,0.0011693113350001415,0.0065134815074673865,-0.011414939803804728,-0.008913457919530476,-0.013165992985771362,-0.010758047983677412,-0.018468799701540216,-0.02038028241817908,-0.015110652752492137,-0.029498625902196252,-0.02895119191128231,-0.03668041766671466,-0.034947221566029855,-0.010196836673780055,-0.00895270801193327,0.008000372623090212,-0.009265493621717654
2022-12-23,-0.0028021227382146025,0.00226457350188987,-0.008708417893061877,0.004610065037141337,0.010282004383371391,0.0025387278932577006,0.0036727057123619056,0.00797420159301462,0.005558219619433564,-0.0010416876450005605,0.004734121863620125,0.0024669654598156007,-0.00020256315210046604,0.007347542681027344,0.006118816846758987,0.026101512659477542,0.03044749979212064,0.042318357271654915,0.03355558479777202,0.03065970215055352,0.017274436611979943,0.008222383365132863,0.006750032235956881,-0.003948922290775374,0.005203450684527939
2022-12-27,-0.013975618853488598,-0.007441718055529348,-0.07402712038146464,-0.005765852512211233,-0.019563910833782443,-0.00028182594990997705,-0.013597714979306334,0.001279149704049169,0.002321528845735407,-0.0006745993747234301,0.0034977269554450573,0.0018458715983584219,-0.010298642982827328,0.0014631129280627275,0.0029326187790737835,0.013798405067201295,0.012492249835615922,0.012058424972710495,0.011192026562446162,0.00957839820325409,-0.026265685720911106,0.0025694851066404042,-0.002732094819572504,0.01120560790274503,0.009419096657447112
2022-12-28,-0.031165685357874194,-0.010307995249211641,-0.006037593028977581,-0.01554035025819494,-0.011125365260953146,-0.004349095156869217,-0.00647517644942433,-0.006676673846320435,-0.009319083495214042,-0.004674158770682443,0.005450387970917448,0.007350931316725232,-0.003221748626500798,0.0019473923745873777,0.005168123605737712,-0.01656257160254663,-0.014862420211221543,-0.027035602506373702,-0.03607600475959149,-0.016965543125396398,-0.014800721671305868,-0.012026399538042794,-0.006504188715883742,-0.02219054800924949,-0.0060666667371912925
2022-12-29,0.02793051621860065,0.02725482634407275,0.039601604075020364,0.02589503712983131,0.035328267872429334,0.005081526056271187,0.010379154424653618,0.0027024343805567732,-0.002343441963731009,0.00203221954928488,0.0057211575134468945,0.011227456077266605,0.007482131255527632,0.005093897008751002,0.012029764415803371,0.007537378505827151,0.007542821799313591,0.009322397188086012,0.009608152574573283,0.005876265488458333,0.028435658196292006,0.014714002033444274,0.003088249653972148,0.020402787867348924,0.011796183172534006
2022-12-30,0.0024658395624793912,-0.0049495681225629395,0.0007529746840791167,0.008358784093048832,-0.0007717116390527107,-0.0051381274723016354,-0.0017548997541786675,0.0005660465344532922,0.0011723694938193022,-0.005861095541679207,0.006583850070214379,-0.0006036317743952074,-0.00014525933006087133,-0.0009682246551648002,0.0015486965002843604,0.010023231472814302,0.006539840083841073,0.013738078529267356,0.006895568860121214,0.010341440667047088,-0.002140568124387558,-0.014302427285976332,-0.009066066122794682,-0.002901700595714227,-0.00572951643534265
2023-01-03,-0.03812220310050918,-0.0010013571550747226,-0.020672051945747782,0.011286818165625665,-0.01164699926028446,0.00868012963968816,0.0003900739420970756,-0.02200656720993778,0.0017110469668881441,0.004753347055091164,0.007577460707426494,0.011706554226328556,0.008236448064776853,0.012036987464554946,0.012086813915545464,-0.03496541380720001,-0.031121696981723207,-0.042235402093541104,-0.03993136573126899,-0.037351958214279,0.021435277164066735,0.00015839013517627066,0.0030312053167015564,0.014761171349998886,0.016297805180831428
2023-01-04,0.010261380069560042,-0.04472886175446114,0.029867262367186762,0.034923650885171464,0.009947346827667153,0.010828280968321613,-0.02229107574569458,-0.027642164105111142,0.008422179941103102,0.00803478903637716,0.009282205561604655,0.018625754669982182,0.004265752644944258,0.02036997755866968,0.025448754094524878,0.0029063749757716035,-0.01068987876485233,0.001942770442552372,-0.0007234612876605253,0.003875904550192286,-0.007955122776173124,0.012019380481570374,0.00022707617868764315,0.020503999197796996,0.03536844597901151
2023-01-05,-0.010661287918169933,-0.030085860911258318,-0.03336624738826096,-0.00434467641050664,-0.03669994873614295,-0.007410994751267949,-0.009419957037847416,-0.029244190950955224,0.013822611078960831,-0.0012222757465866997,-0.000222000871033498,-0.0020522827713845243,-0.011396526178528028,-0.0054072350370178495,-0.004481857742929142,0.02212757939522405,0.01784862148153158,0.029814198128020105,0.00016069822681930363,0.018588229679423595,-0.02401157339665977,-0.01341300338932543,-0.008470352549695937,-0.004879349010711573,-0.00028723635460150193
2023-01-06,0.036133301373530775,0.011716577407388415,0.04079672076165876,0.04157647036296691,0.025814993454153806,0.008077073269075738,0.02505600306038268,8.168608030635219e-05,0.010504434559389063,0.018543562149714105,0.01895489514118472,0.009929639163662308,0.012488755990804762,0.008918098324539768,0.01190748060333232,0.012014304393967088,0.007504391959663571,0.012425699482325551,0.024539697782659204,0.034154760506824956,0.0349917378504728,0.006508427450516399,0.027502094593669334,0.03190150113552629,0.021410493592626742
2023-01-09,0.004080851859539427,0.009689320779935383,0.05045850151952379,0.019986719747001842,0.050010403118488936,-0.026250288567878893,-0.05096247463932875,0.00012245031785929267,-0.03961082108986478,-0.029800238015720872,-0.004140855077086761,-0.01522717308275144,0.014035541292750349,-0.009625784205696456,0.0048497349263155595,-0.0188132925162395,-0.007846842429016829,-0.007385742190788107,0.002194217336719331,0.020701655236395642,0.014760401298199752,0.0008814372558157846,-0.008272465938248343,0.0025663758115712673,-0.01844635568040051
2023-01-10,0.004446381979112103,0.007588207595362519,0.01782091375106442,0.004425626498002588,0.01197449717310929,-0.002394775780924907,-0.01604032232738401,-0.008319120662661219,0.003887969056815426,-0.012573969091185818,0.008914055384283458,0.006763688693500184,0.012275659034766156,-0.0007078934224795852,0.013580088525739678,0.01482433482735146,0.004897054311933401,0.006116156977522819,-0.0010965408183275527,0.005734783858068845,0.028326693248784427,0.008834364907184308,0.006192133214651644,0.007898314319068544,0.01195800783419659
2023-01-11,0.020892376027961113,0.02978993687062007,0.0057659164192217826,0.013830592232819468,0.014732882666596715,-0.0015998373425919628,-0.003576165599189906,0.015111629401669407,0.0023435014799464016,-0.015593031628072322,0.007404018282634634,0.007591428194663204,0.019728113902001455,0.008930772302693117,0.010732727276154007,0.011559947609381843,-0.004783024135713931,0.0013539852927820313,-0.0059733706782699614,0.006412388846214527,0.05645956080731301,0.025769768972704377,-0.00037198315805873385,0.01655007624735699,0.0028262288316816516
2023-01-12,-0.000599576364587921,0.01155460203236677,0.03137578209467399,0.014632713991467318,0.02488338719370984,-0.005044760381884769,0.0054642478116304185,0.004590300860359242,0.006282774997012121,-0.022540174863493093,-0.0010030147324568473,0.002614612871529456,0.014868921364447847,0.002103717427539641,0.00777100947990367,0.01647492939972453,0.010673332510291374,0.01610797352367066,0.02798466844896962,0.029393541136333818,0.0018911574433712077,0.0026407612859889024,-0.007918028454451498,-0.0003908286811123573,-0.00424234424071405
2023-01-13,0.010068300486299576,0.0030139875245219004,0.0232274754292172,-0.005960238735906203,0.0028208332377184604,-0.0032812734329477223,0.0029301743393722614,-0.012383071570841477,0.0042851679462828605,0.009025106320068314,0.024921658085680625,0.02180820925924666,0.010915116585975168,0.031938245711513026,0.016766346062769794,-0.0006185360287924141,0.0027071047754286055,0.010843142842471926,-0.0012736037649828968,0.004815856036124018,0.0294763168996709,0.004054031072328673,0.008215699447253632,0.007478382828094988,0.012953157325433997
2023-01-17,0.008718314823241572,0.0046709499223169275,0.046423350871409017,-0.017083032341798438,0.008275471212853493,-0.00618866430689711,-0.03769214476253237,-0.00921361487719725,-0.016165427139410535,-0.0050257548431962475,-0.015574365926594065,-0.020358755347963223,-0.06655111521803737,-0.002264160022149917,0.0077822035300745595,-0.0019463463576508584,0.016366723713303156,-0.010177922153327568,0.0046238149162587455,0.0030837658257506333,-0.021322326395198862,-0.011172759570528825,0.019226987196799262,-0.005525575500206314,-0.004486545038239745
2023-01-18,-0.005384463284737306,-0.01906979056772149,-0.01853013637697229,-0.027051825083565923,-0.014917214341654312,-0.015199672181183921,-0.023716636353603566,-0.018391960384232582,-0.015143616678265241,-0.02403834787207619,-0.030502962953482177,-0.023447828780211087,-0.0023751081773511827,-0.016914567198481816,-0.017646234709814586,-0.020757464338913234,-0.018226953641906133,-0.014154740329159943,-0.00981271452490946,-0.023013413180735326,-0.006161619000101003,-0.011793731980209225,-0.0298830107596542,-0.013434506831558555,-0.016529131768111115
2023-01-19,0.00044352977744425856,-0.016590958781970977,-0.035854223526392996,-0.013629349339372989,-0.04080426793626249,-0.001355824822614684,-0.0008892047353205191,0.01690645942615039,0.010151401065125628,-0.0032896069155388986,-0.013416067156384253,-0.014638278707525511,0.004744022727764214,-0.009961846887908002,-0.001214644706084636,0.006398370380445737,0.009937458992950954,0.009152462036213248,0.01922555573223245,0.004366396223473388,-0.018822579439957077,-0.040379045533778926,-0.009289526137195702,-0.015142238193214464,-0.007072743797823679
2023-01-20,0.01903862595584705,0.03511971156975151,0.06209393880886643,0.027760254451497924,0.03426087205089168,-0.004670728401017468,0.003330781026820046,0.004860682165388959,0.0003638546706994043,0.005900134520546394,0.002445884376307869,0.018485975344606536,-0.025730926706031276,0.022333128506112573,0.03424583783683555,0.018071414518095165,0.010558460529256117,0.017893196987752397,0.011058963056774193,-0.0005228927590108658,0.037400259951453026,0.013165397634386714,0.01879181032962436,0.016643869627022013,0.0074534714356768025
2023-01-23,0.023228366675335402,0.009776289109251018,0.07315848316783002,0.03530376649170908,0.08818806684403728,-0.002551476245243756,-0.002885925964156429,-0.0018714872911953183,-0.0005458699869286127,-0.006976762320178135,0.016082565981691967,0.01378930541362051,0.021130450775408816,0.024959234594931504,0.017270282199722174,-0.005218574604479345,-0.0013275007500086746,-0.013805949469602464,0.010714439512427228,-0.02632427341233363,0.0027724682514327437,0.0015227734199918996,0.0026400948525282936,0.013102681450749325,0.011077028063615268
2023-01-24,0.010012956945027443,-0.0022285276673361864,0.003744255016331857,-0.011630052242551571,-0.02420275358592863,0.0,-0.006020654400632297,0.011847799852749785,-0.012454173927695898,-0.005806179104972665,0.008559502509183244,0.007258062709010485,-0.0023227758762251003,-0.012964088228032793,-0.010831869711523614,0.009268563697964393,0.0009406762596687429,-0.011048962605051952,-0.010639219562996759,-0.007006197812731757,-0.012381472357830799,0.0069808059177246876,0.0010022056931607176,-0.011445569160059947,0.0040405408956225445
2023-01-25,-0.00471205471347761,-0.005925590558196632,0.003006449302234778,-0.007380104849108631,0.0028073905613269514,0.007104138018380135,0.00801954500443265,0.0018289507768213785,0.0006446940277457099,0.0006768879477360673,0.004827388768016331,0.008640657640779849,0.0037250391261793073,0.01982459799072163,0.009291624677968624,-0.005285948795866149,-0.009724737844608283,0.013044852896922908,-0.001960225950625575,0.0139637972254314,0.008888953725914,-0.0013543516091991258,0.012680820450607897,-7.886307672201216e-05,0.0031831129370638806
2023-01-26,0.014694779063868369,0.030251385724927148,0.024486431575149882,0.01304590326563036,0.003331781422863936,-0.0036641111948146096,-0.009222872089453625,-4.043698195404653e-05,-0.01596609867491389,-0.002642481237335452,0.0061630846224950174,0.013388574579121982,0.015158028684521256,0.010312877838504127,0.005572065419065828,0.039404282032022196,0.0474916878231521,0.034939480030324974,0.025557189077080798,0.021456966440690325,0.020774687057825685,-0.010934111081135437,0.006280524598211431,0.005582864264372496,0.016501861287413374
2023-01-27,0.013591653325229977,0.0006448529521977762,0.028034989455631938,-0.06629039957362066,0.0031880719815874027,-0.003915501891878928,-0.01044981351300578,-0.013142513417679698,-0.014040292786548742,-0.007627367896533565,0.0024259579875921793,0.0031079058453016353,-0.003584256650167317,0.006744180374321375,-0.0063430372522408265,-0.01842631566970418,-0.045427888935705416,-0.008378425470586275,-0.009386776815079415,-0.008738247011488577,0.029983350559053976,0.00913588573561867,-0.008260586238976167,0.0,0.0023874603979462295
2023-01-30,-0.02028233565433236,-0.02220621579571811,-0.06088842433155727,-0.00748530009879851,-0.039910668606601446,-0.03773576367506988,-0.005496069816116097,-0.0005348609445628454,0.006714806637999559,-0.004316069867842514,-0.008516844981712254,-0.004240431154402013,0.010574364685637503,0.003679397975223436,-0.0021234284672877824,-0.017890964128501267,-0.029692583115145627,-0.02523267070084392,-0.019193793046709276,-0.011120151612173947,-0.016667823165641346,-0.007766443402967325,-0.005778869235424833,-0.009137514353551309,-0.005703035031442706
2023-01-31,0.008980411747224724,0.020794838304824332,0.019380776489354754,0.011030081192389858,0.036589509858997046,0.008727331425909994,0.013909922056006618,0.027210224674929263,0.012365578155206346,0.014314963476851947,0.005947951694569329,0.005086176734413807,0.023090626015872022,0.012451790542097899,0.009041279151387697,0.021344914549732412,-0.0010335410871717028,0.011056062629910856,0.0011348148242876503,0.011295642263100399,0.025335155126435763,0.031111215747496077,-0.01296736996350652,0.007567931432438052,0.006803311301614599
2023-02-01,0.007869614870326403,0.01973871721624646,0.06949436390800029,0.02825940665750031,0.11892082439541483,0.009136666973639952,-0.004311766671151485,-0.0043967169792988705,-0.00401136616105921,-0.007813435421322333,-0.0026474640472608875,0.012325097064991214,-0.00027348589687761185,0.009766722172203755,-0.001341581666891509,-0.011007518554145921,-0.015403786721524803,-0.03481576522462266,-0.03822611589542195,-0.02272018662028515,0.0193976149644124,0.012019646137714578,-0.004234866125879736,0.016898772043597417,0.007757943566055346
2023-02-02,0.03639232279246051,0.04581861294279494,0.03592243317325883,0.037804004040375976,0.04244636293600509,0.0037525560847563506,0.008379655606709818,-0.054093085190301496,-0.0334568945691618,-0.01207837608910998,-0.004667208982384634,0.005829359129503201,0.010228870750054877,0.004243596445806575,0.0013415816668914558,-0.03178813803419202,-0.013808982541068715,-0.055909755855291225,-0.0201561493182462,-0.06317507355594121,0.07120315696615197,0.035039858554013745,-0.011558552847541426,-0.003403521110071033,-0.0076663967632182774
2023-02-03,0.024107219119184228,-0.023904317191165855,-0.02845398593836579,0.0042968363955207065,-0.025460105703134547,-0.005634025911536198,-0.006334905779059985,0.002524295866251747,-0.005038781120940013,0.002482478937771466,0.015356145671850617,0.008268886316469779,0.0012984208637387622,0.007383019193075215,-0.014806627543791043,0.006903661602802764,0.00260021844068109,-0.029080067912694938,-0.0010427387671018756,0.006671059599689393,-0.08808283393109906,-0.02469998716679646,0.003867672923301197,-0.01129857477145301,-0.04545171029016587
2023-02-06,-0.01809171707296275,-0.006134652680399501,-0.0005213644115822778,-0.04314761592408834,-0.02839321416816104,-0.007622582845906761,-0.0068321552807456875,0.006798638259165589,0.010532964798583584,-0.0012402917693275024,0.0058652163680904664,-0.0016483848179554529,0.002294772404238907,0.002099608900402087,-0.0017680118005101732,-0.0016990085490233592,0.0011208495507109618,-0.005751466182979753,-0.006359381672956934,0.008512266051004521,-0.011772272805910223,-0.006749735355741151,0.013868596139207278,-0.014841988220989267,0.006879302045005737
2023-02-07,0.01906189445239804,0.041163121498401,0.050123829869158185,0.012469717803152152,0.026300275313690558,0.00024480166867169094,-0.0038924107975894947,0.003444877505058512,0.015736324952513786,0.0008269926996394381,0.012116435713289766,0.010938027190139237,0.009661900618366477,0.009393723068586603,0.005294850992527226,0.028151051830850548,0.025893560069334305,0.041279628786489914,0.03140044986703317,0.019676613524538127,-0.0006852973444615529,-0.012437765613623029,-0.0021670623369055573,-0.003186358854175041,0.017088129591400124
2023-02-08,-0.017810383254897675,-0.003106827343606761,0.0014421104618603177,-0.028279020434705007,-0.014302719516171819,0.0012846373437537298,0.008907078653552777,0.013207335078459588,0.009043211805224624,-0.0036582659840831365,-0.007055916622404332,-0.007369670409524246,0.0018678590637042638,0.0024900129423865262,0.00039084673881755095,-0.008739931798902915,-0.023773744181206122,-0.011040830406723113,0.006707669010262616,0.015101652587984961,-0.02038057801277048,-0.013653693154296766,-0.01705206239628135,-0.019498013206275484,-0.004973411917132467
2023-02-09,-0.006935555614923692,-0.01172821520454274,0.005926916187709351,-0.018224559011453586,-0.017630037851343053,-0.013600084451882473,-0.014659001010887263,0.005180770338706655,0.0007498106878089699,0.027890430332479885,-0.015685909458710463,-0.021601583080270555,-0.019136853523333424,-0.014193513822745774,-0.02313947431137995,0.0037675415748481315,-0.009218949286186067,-0.007792827305164391,-0.011571702297073175,-0.01602990673208803,-0.018256648878253772,-0.016469381525982454,-0.008252471731489814,-0.005956967618420709,0.0026435653847792402
2023-02-10,0.0024532731637111433,-0.001974533872046924,-0.04918194335051823,0.0025211357191695523,-0.021009889351642733,0.004636201263905855,0.012382695022679082,0.017388608395049694,0.017186602551799816,0.022278297718986362,0.004405434443890963,-0.003927034387363781,0.008900860611147773,-0.0012620286189104495,0.0025977000026007322,0.04128700578188125,0.02074051180530557,0.04561000478015822,0.05343786640307256,0.045742955723515374,-0.006433489213979846,0.0031326298824879413,0.006729623091424429,0.00040922259048984283,0.009759045400699697
2023-02-13,0.01863190351859048,0.03076494209136283,0.024296779752195307,0.02662101339959803,0.0200479819453114,0.003693464382536425,0.002503828536294713,0.0022231721111427866,0.008985836999153226,0.010988600224386654,0.010789387470068976,0.001965561310836137,0.007352725625640002,0.012965529499269572,0.017605115767256183,-0.0038971728761548236,-0.0055981811441369695,-0.019748506010955808,-0.006431949514661177,0.01671543323482342,0.019579629188155288,0.02184204386921007,0.014301468364770609,0.023608451486346178,0.01326492895870884
2023-02-14,-0.004233735307126011,0.003127765122061576,0.05287328476344913,0.00314735463038546,0.033360081819263296,-0.004372005703407006,-0.006156646593451991,-0.005100335105724602,-0.00742123787873467,-0.007443059493600827,0.004409290158983551,-0.000842293230251011,-0.006006888759668885,0.007658036796375017,0.011889807434134725,-0.011784064183793467,0.0076312924595419405,0.010980314299845669,-0.0011258459586332803,-0.00858666322588635,0.0016060637303955492,-0.015889250600263926,0.0015390561137378698,0.00835489746361923,-0.004988553819152627
2023-02-15,0.013807600981692989,-0.0080249761499713,-0.009052359364048723,0.007305645161776155,-0.008999028244874684,-0.016614768251952444,-0.00919148430098306,-0.0032112453571260273,-0.009795881006921027,-0.010077640039285584,0.004181205633768443,-0.0016857841207364378,0.006862191376086314,-0.010987756831390551,0.004060641205932607,-0.0030108838189822035,-0.010594132642363014,-0.016874110668549495,-0.035163894336652,-0.01471521645710762,0.014537811644538115,0.007072386645663233,-0.00018760965094144646,0.010091514171516753,0.009401760206856217
2023-02-16,-0.01048425546457701,-0.026983369463438437,-0.03404687080197328,-0.02278790139540772,-0.061740510205500615,-0.007115543383018908,-0.008577598139154288,-0.007970456768685871,-0.01092499154011425,-0.010180118971521716,-0.013864800527754028,-0.0079053369773007,-0.011120914090987847,-0.01575844487376721,-0.006971415794150586,-0.002933598268606957,-0.014541926933076087,-0.02991027680374781,-0.026729246377314844,-0.0037576923428570227,-0.03020652173405669,0.0017133733537922505,-0.0027423990912984328,-0.024618112148475958,-0.013484892076630383
2023-02-17,-0.007575183050218007,-0.015724964074518438,-0.028303475127421242,-0.021143986889301837,-0.01992753308392036,0.020662062763985398,0.00603531222938929,0.023783885729683773,0.027868241038688006,0.01183389236619313,0.002956949156879538,0.0019823769152134915,-0.004602914016145498,0.005701460432667854,-0.0007775462818742254,-0.03921022851152188,-0.022586010338771716,-0.03991465366704122,-0.05519543789600968,-0.0447288280749875,-0.009726256199159627,-0.010294206951171359,0.015527867663718015,0.003691475109473183,-0.004099872212018264
2023-02-21,-0.02704208649456247,-0.02110763318421077,-0.034872600447463216,-0.05777651402417643,-0.022284729675710338,-0.015013292593605076,-0.011873194980386845,-0.015691224075229403,-0.004117375748641536,0.004549534133796329,-0.018519503253214806,-0.023759340528466785,-0.020230507685324254,-0.026673864822380954,-0.03120926853311833,-0.0009891359200695248,-0.011425353932412794,0.011364136051108772,0.006816826340197899,0.0011240973776594852,-0.027324623494127544,-0.07322527838753824,-0.00534753446933327,-0.030416241012547224,-0.021899981600290726
2023-02-22,0.0028918215431597413,-0.004601659206013875,0.00478178149531024,-0.022900322716773423,-0.002086270616926871,-0.0013935266732665443,-0.007522157959560725,-0.004937691761011981,0.0008247707688288627,-0.00878851286152476,-0.007692756324736786,-0.006685231189849332,-0.0006368262627947873,-0.004986479929222159,0.004004847388137728,-0.013037692500291463,-0.004045531922248211,-0.011748471764811043,-0.014020563332007189,-0.018713313247443172,0.012712248376870747,0.002703500984601372,0.00033499876793587676,-0.00995857664526356,-9.559538581902038e-05
2023-02-23,0.003285169277642398,0.012878500230327885,0.13121583053106264,0.005481708826991705,0.040169117169228497,-0.00031687102609716207,-0.0018896030730254075,0.005710846917861383,0.013015097752575656,0.009248903850099017,0.007979282014078756,-0.0008753514254938714,0.007315873266358456,0.005202693266614498,0.006771452993499276,0.009162445971541098,0.00980517854145579,0.0128873418928685,0.01653337816634938,0.017214158551024483,0.0003131233176392935,0.010107509220749121,-0.006947923159181248,0.0005002473654618861,-0.012099282253433517
2023-02-24,-0.01816959657755532,-0.022025114313428913,-0.016102587867144563,-0.018522607054437985,-0.02103478088638081,-0.011220971136145603,-0.013087545573687296,-0.015082078201853633,-0.0063498732811004726,0.004200035407590909,0.008980636245092311,-0.0014605228551565444,0.0008524927560310973,0.007968266502774048,-0.003977766536505963,9.033891673157565e-05,0.0029599191461714,-0.0017085914522551647,-0.04509075590056295,0.011189907593975524,-0.024509991975448668,-0.008893107469596819,-0.011688193776893837,-0.016134798750171896,-0.01862453836752497
2023-02-27,0.008213827041485839,0.003764816692754752,0.009190562700671265,-0.0095925027104439,0.008670210319754101,-0.002182318290593775,-0.023507887864152904,-0.002087537711252491,-0.004834729673711269,0.01022829279624377,0.008689913463811367,0.0,0.004606582421652864,0.0034260642272439337,0.0057626920278423905,-0.0018077192957849405,0.002521409252416154,0.005778904798542918,0.004279474430620227,0.008862803818044279,0.002776912318089041,-0.0021936843557803943,0.004163084614349391,0.004142676582653182,0.008233777091025822
2023-02-28,-0.0034536551283312353,-0.0029627585393260008,-0.012201231481566691,0.0012041266474822274,-0.0024149336662233636,-0.015345729382653609,-0.005162642434673402,-0.015387123985669462,-0.028944335503924,-0.002466110058757815,0.008335957690722247,0.0026275282298637574,-0.038711950926832335,-0.00021367536504762267,0.004349349245273863,-0.005805960556908957,-0.0126703520005685,-0.02399613911122167,-0.015191232377668768,-0.022117890127799716,0.005000289230826088,0.0017890103431176952,0.00246617327395349,0.002191190329494556,-0.0034224985516623325
2023-03-01,-0.014348504903948145,-0.01270962496201936,-0.022564890386540477,0.015917504925663895,-0.0036973448182288805,-0.0045120197740694075,-0.009659705289911426,-0.0015138454554913389,0.0038518811469172485,0.008862422474160797,-0.005596281764093359,-0.004675789739866367,-0.008398316091796695,-0.001926371232493845,0.01585318187009107,0.008876806517196224,0.007929958784160055,0.027673543891504206,0.04320457267497661,0.031084749738320504,-0.02210395970404292,-0.019580610904972002,-0.00451953182677917,-0.0017695737433615483,-0.00648591773606787
2023-03-02,0.004120593620115741,0.019462580069243996,0.026777309680120886,0.033770026346969094,0.02709170264122543,-0.0007869289899398952,0.010891416654231918,0.005205190639154808,0.0033696499895953455,-0.0057484391607890315,-0.010436584544511062,-0.012757748935262327,0.00825513538772014,-0.019031543485078732,-0.0019434472367535422,0.004588659583428055,0.0031424379520006446,0.019387282991310584,0.023366987738938697,0.007441652123115818,-0.0004340848307001873,0.0076392908183098174,0.0182925390397193,0.008397924749707146,0.015457148820229551
2023-03-03,0.034488430967523034,0.016508995577281468,0.02440571801028645,0.007604458685839075,0.013336752480104337,0.010245897336433938,0.01296313216909202,0.0017984870286898015,-0.0012156399857891375,0.01082320685166521,0.018193387909222404,0.019808559177732915,0.022629237248948973,0.022666744091821154,0.018313625968898743,0.012577697534848588,0.01465551620971467,0.002857507377768968,0.007997691541476438,0.012400354590947365,0.029623128385877155,0.018361651386880392,0.005590220225714701,0.014156181237983545,0.01483951229619821
2023-03-06,0.018369971061050084,0.006170184809058949,-0.014163976238660203,-0.01565216397673388,-0.004425787655494856,0.009948831400498806,-0.0009722629085665469,0.004628185485287483,0.03872403951107849,-0.005010275272688572,-0.005864527471413921,-0.0020513962958348285,-0.0001119407121949992,-0.004706678730796326,-0.0032525536785529387,0.00882519954118242,0.007308412273288419,0.008432639964074897,-0.007087445652370377,-0.011496670952805252,-0.012192056844170188,-0.0008046547709623045,0.00581825865117918,-0.0063871549787389,0.004199423890149275
2023-03-07,-0.014602895643281046,-0.01064571553723536,-0.01118777912503282,-0.017857469051589404,0.011637259074327897,-0.009494709040999217,-0.018907826205208752,-0.014455613833723324,0.0015290727276828983,-0.01524982748517414,-0.029848707737360085,-0.03249656055023113,-0.03120584928190055,-0.047879303698380206,-0.021306237200185714,-0.01951961881596887,-0.012962176731317058,-0.017587033772882073,-0.022160800931163946,-0.023952056699726356,-0.0021355795087460443,-0.02550590489036753,-0.013054395303198763,-0.004838299448440464,-0.015840461475960944
2023-03-08,0.008342295577194878,-0.0017722422365161919,0.037628987397605396,0.017472721475393006,0.03893496404086092,-0.007360303429474243,-0.0054688501036376964,-0.006945645215433135,-0.027239292543994327,-0.022015128922441143,-0.0059330268840283255,-0.013423018643534764,0.009232944121429195,-0.013818227460471028,-0.007861580309902852,-0.014712001070792466,-0.0063603176138614555,-0.003909212899643092,-0.0036428466310354296,-0.009295474373652673,0.003947251242114644,0.00992918148205694,-0.006761070157316994,0.002255302188671063,-0.00816169502085095
2023-03-09,-0.015027048579121741,-0.005454255116353089,-0.031293891710663206,0.01755100675662918,-0.01582091978176361,-0.01130856184888426,-0.01658751228473191,-0.012164670273769041,-0.006299794581473801,-0.015154414192456216,-0.05565703836671022,-0.06404729127218146,-0.020829061776634447,-0.06380896780588237,-0.04190806992536177,-0.007758707417077357,-0.01533250190180058,-0.013331052617512362,-0.024310807065478626,-0.02553818590970707,-0.017941053663252313,-0.0120452414918487,-0.014042961713711739,-0.01674206100502599,-0.021697231405778266
2023-03-10,-0.013975615090525487,-0.014893097910560565,-0.020301964005967073,0.029073896599138505,-0.016317106297512866,0.0024435952328922404,-0.001775594055946316,-0.006344906316040762,0.0008361119788030995,0.015889554924917105,0.025078197721309328,-0.008880224061440947,-0.043066710490604156,0.005576470117309818,-0.00536396878093755,-0.012447737945975673,-0.005247030762716393,-0.015140985777216925,-0.024827252531302274,-0.0230651256688046,-0.016614182739941783,-0.005885157584911818,0.0015276058340924078,-0.003229215525561726,-0.009214745156922728
2023-03-13,0.013178536114834931,0.021214243332441367,4.347505689944258e-05,-0.009968536916333197,-0.00801554001888811,0.009518470718197992,0.011861674957972388,0.007251105987552098,-0.01836808151237924,0.014851166032070543,-0.018120478736133268,-0.05990214597527019,-0.03781657024071512,-0.07399639372914985,-0.07739139015597415,-0.01157155305999702,-0.006030451000180033,-0.03455696536853218,-0.027839925377355648,-0.043276104479497556,0.01856350439768763,0.0007333768677129468,0.003999177494172971,-0.005376536375769595,-0.0030231523785027776
2023-03-14,0.013990931423276216,0.02669631418204836,0.046660512613176046,0.03857824386914286,0.06422594947070319,0.0056029223908841234,0.0010029667399928193,0.0019392050860822328,0.018588044219695808,0.012426896012481356,0.025351921041546623,0.00873055896805462,0.020826868779283778,0.04480261936399485,0.05775418026361363,0.0037474040915217925,0.01283375811874403,0.006731352180848905,0.0009160557736659256,0.010590766630303382,0.026161301723076753,-0.0033213268298918574,0.01066227422734326,0.018146949793761198,0.003827619952235022
2023-03-15,0.0026181709349810613,0.01767354848953531,0.0068335979282740985,0.0141796205427246,0.025180615599408738,0.002789786771220646,0.009478629374135279,0.001827928360230026,0.006151049898443211,0.0013638367788939198,-0.0483966146567223,-0.009432290283684606,-0.03140546429337344,-0.0334123814570945,-0.05596789750790521,-0.05102761202958832,-0.04425935477005064,-0.06227829671011015,-0.06411945976169803,-0.08539174399575437,0.013816419647147053,0.00836920450168364,0.0016533393646643475,-0.006999180731749216,-0.0012070268905108943
2023-03-16,0.01852130625941765,0.0397362949997809,0.05277607148617759,0.060438224106492154,0.07433094325577853,-0.0020753615889504582,0.002231858073979843,0.014059577352760477,-0.0026981272157339574,0.008016778797182407,0.019227756196938135,0.016707615883226275,0.009246309617887081,0.01151651936850646,0.01769209634300231,-0.0058228644090632395,0.0031807046087900834,0.01210618926500948,0.02913395636946508,0.018798266333185775,0.03914078921242471,-0.004315382666760208,0.015756854476791624,0.020769474994620972,0.010912603584207143
2023-03-17,-0.005468977725637237,0.011626559097168794,0.007178228043652395,-0.012335597520310645,0.012754728526719493,-0.01076979562090232,-0.006710801628311563,-0.00535308096359168,-0.03064925375141886,-0.006978747965427672,-0.0385142519830998,-0.040505674224764955,-0.03734484799333222,-0.039974132179057854,-0.030490963107828877,-0.011848729757466198,-0.012718922600540458,-0.021071211993552108,-0.016696944143238274,-0.03302091600936659,-0.010955473953869642,0.0057728105655217195,-0.01253301265959796,-0.002157404172004114,-0.017376106319251006
2023-03-20,0.015365188608156529,-0.02610456201861946,0.006779595226435013,-0.02204602422217669,-0.010583184435897454,0.009860556869560047,0.01755089835603715,0.01576426604062493,0.016670791370341068,0.012244875721080415,0.010516058789946908,-0.0025192634846818145,0.01954156781137544,-0.007442965182887001,-0.0036225777012587235,0.02580594007648241,0.014596813395437766,0.018578424781678555,0.025938095268280347,0.03388670608838049,-0.012610742620752562,0.0030120631717567192,0.01316122727299827,0.006705528728102069,0.01158419950506584
2023-03-21,0.011873300556578762,0.005677633938360322,0.01147846005418941,-0.02429827251702397,-0.009131507502356051,0.0,-0.003682214451866375,0.006561857454310628,-0.0029328627468642164,0.004154962578324159,0.026467443056525968,0.029821136593830955,0.024729565956003383,0.02633111678074079,0.021984028532239557,0.043827808610748496,0.03014012953566309,0.036252440658959835,0.029618724910508903,0.04360481167894535,0.029247763784060337,0.000587609221632505,-0.0019595352574909206,0.0357399196040867,0.006886632762069462
2023-03-22,-0.009144941329443695,-0.005457324809339119,0.01021516079303882,-0.011662940721775808,0.017053811141251974,-0.018627186847685665,-0.016115472533601093,-0.009585431566001312,-0.010860284896760358,-0.01997255777962359,-0.026152903532540447,-0.03379314527385041,-0.011443098952320919,-0.03382978462352762,-0.03064009265835313,-0.023154646541728274,-0.020547312841236298,-0.0135302739392399,-0.026966910421269665,-0.01839519537906314,-0.019166746850565648,-0.023845836998211193,-0.008697484406105741,-0.04986551893908937,-0.01422439005776843
2023-03-23,0.006945042162353536,0.01952973783741943,0.026949653535208448,0.03149311966299342,0.027293687964803304,0.0005295131358221315,0.004239957846428884,-0.011867748848022832,-0.0016295864277203764,0.010551467445646565,-0.002676939540952695,-0.02453873626225524,0.0037549774991773375,-0.015987514350126783,-0.005965946524020344,-0.01134627770994099,-0.009981006340534313,-0.020022146315789278,-0.009025730980710968,-0.04134966547493539,0.0001013336349731114,0.004589664166081354,0.006511788118240268,0.01222629595983851,-0.007087315672400696
2023-03-24,0.008271420044563804,0.010425911659677713,-0.015268136410622033,0.011303464136997765,-0.023509147882878036,0.010007403280972512,0.00521296287053544,0.012855676096388418,0.005453741573538577,0.017362986953458844,-0.01533284069260592,0.006283539254149645,-0.007268005009445393,-0.010433786987430103,-0.007855905161032678,0.0011597983012789077,0.009916954623135358,-0.010320603663371017,0.006753293552743032,-0.02021159035821777,-0.005893146925693609,-0.0031398560035303456,0.006322197534239746,-0.002151757912507461,-0.0008132223700043824
2023-03-27,-0.0123693562351179,-0.015046781694334401,-0.009304107587463556,-0.006149693680664117,-0.013774851387164163,0.004248918287525135,-0.004217866056490177,0.012339689438003726,0.020120652837705796,-0.003042469019567072,0.02825751582890067,0.04854452751434562,0.018888314011390732,0.03365315703149768,0.03800657046643925,0.021688946565679816,0.010136882404270024,0.02125412835650896,0.02702736028973978,0.04818083723504619,-0.0009175342309669643,-0.006202352235977982,0.009208090029628592,-0.024317735198897225,0.003249012291405378
2023-03-28,-0.003988320119114922,-0.004169229764895044,-0.004571080961383089,0.003762608324791657,-0.02144773400790953,-0.00970107761272012,-0.005734747848745362,-0.019529459470937247,-0.013179384855921067,0.004496690450729541,0.0030306433745471446,-0.013072014911859749,-0.0002825610943724961,-0.007769790941770339,0.009777963756161915,0.012399232389391987,0.011603834760679122,0.010779982515666345,0.018557172009282214,0.01843104422065362,-0.008193440518932924,-0.0016011313238251477,0.007313613366856125,0.0005091797751691694,0.0006079383343818343
2023-03-29,0.019597346167077898,0.019001981922559138,0.021501360601184853,0.07337607953263482,0.0160506863387385,0.009766487285441,0.006480364375298545,-0.01275614587773451,-0.005796955030646505,-0.0015808651201813923,0.002015316996747002,0.01937008339424719,0.007134300506620422,0.021025363030218916,0.016014171301777475,0.017031284476590844,0.008553325638818346,0.018414203518490643,0.02035126984330416,0.022006222317674507,0.03048493870739539,0.009004012596950899,0.0057472713445636675,0.021984378792008513,0.01906341201476284
2023-03-30,0.009841395337010781,0.0125407738116276,0.014678152874759584,0.01792224583229069,0.018456996335830707,0.0007822988725024139,0.0032245583601628863,0.007409425654781325,0.00948604303399415,-0.0005065180380839168,-0.003024596528417944,-0.012989482691648497,0.0013088115657639734,-0.01566031077285361,0.0026083014022138273,0.0048522821791170965,0.00946628938290606,-0.005025134296155422,0.007603177676701213,0.0008210078050416826,0.017305747097592427,0.0070334927616089605,0.0012609774669032096,-0.003241992897716892,0.006932728295681618
2023-03-31,0.015523011411738626,0.014851518175931229,0.014286112007425604,0.017912573315778495,0.0013273255633712434,0.010180786736730996,0.010347539786411657,0.005367886774637277,0.004427348653265823,0.00913973981494404,0.012043691808716867,0.010544856879802052,0.01841928358068998,0.0,0.01764235162897827,0.0015515434296134176,0.00473038508978265,-0.0004033371277129472,0.009554383678784945,0.007358978482840839,0.012567761597929928,0.033630427714069405,0.006530192985552661,0.0209284051758483,0.027356325914985373
2023-04-03,0.007672022924243858,-0.003718355592579844,0.006745253572709589,0.006711656648197045,-0.014904984571684652,0.011864961117692438,0.013390249550100842,0.0446919076696196,0.023043012740177216,0.006566844221080402,-0.0011516417856079237,-0.00034962790293061323,-0.001805411366587364,0.009054542952209066,-0.0038460943772801615,0.05732551010203156,0.04077299291291667,0.08877395767568357,0.05746366658660831,0.06371085759691753,-0.008556175035560798,0.008805007594028552,0.00900751164786916,-0.007940651334698175,0.006890659125498846
2023-04-04,-0.003254689293541387,-0.00017414639621068383,-0.01847827575215033,0.006364557668008218,-0.007171415767519757,0.010401413541672875,-0.01094231503395429,-0.0019038280445817402,-0.00036750687952291194,-0.003997344000392224,-0.013458404949741775,-0.021567057045974832,-0.011922940836002174,-0.024420929720166157,-0.013362124444905884,-0.009604096687980903,-0.005369026265613403,-0.019747303667841772,-0.014853292977348019,-0.036389042279431794,0.014925585099441844,-0.00934713363950307,0.0004959930124950035,0.016465903919771752,-0.00813990417067558
2023-04-05,-0.011354513592173796,-0.009938467051090931,-0.021055558971888044,-0.008190416750133885,-0.035136079228981085,0.0439440289901914,0.015767652621598263,0.03188349387146599,0.027907927253663097,0.00636344864782934,0.0014898653683548106,-0.012226088227875593,-0.003477393636259695,0.002171147587291508,-0.006967270564682241,0.01698228007835841,0.004957006897423729,0.013548540386627821,0.0062503578406529195,0.004744989690128348,-0.027799874012425067,-0.02155564117675845,-0.0009212595060963211,-0.022814681783960265,0.008616485212593655
2023-04-06,0.005480883161460713,0.025212385377136243,0.005786468200173423,-0.0006094804040897876,-0.0009727757183297992,-0.0027814925411825866,-0.0012042359110683537,0.007005569710871792,0.0037459478506901476,0.004653494442731678,-0.0010974521051097298,0.007209897549781899,0.00270224282135393,0.027010511844359694,0.00196452839970009,-0.016721590701494565,-0.013213780456645471,-0.013924806693522782,-0.008342474575724785,-0.02153190994456246,0.009450740780884159,-0.0002079047491256819,0.00308001734576144,-0.005640412781814104,-0.002099426845660444
2023-04-10,-0.016101394574443356,-0.007607743897741133,0.019848401206806813,-0.008878143539560023,0.03203255583850966,-0.005038349688604192,0.005526772066564003,0.004611069205621471,0.002489451314424304,-0.0016729345401136012,0.0032893884659734775,0.0035855485267152582,0.007909070697405412,0.01907800763583375,0.014289023463465765,-0.004442611390565073,0.003810216807581023,-0.0029217253140411017,0.008342474575724849,0.008428725940093291,0.001077222967143844,0.008831235812623912,0.0031410924368003327,0.013959853611963858,0.0005731437135807016
2023-04-11,-0.007619938646171246,-0.02292922495888334,-0.014978068295442397,-0.005241245379990021,-0.015302969322203706,-0.00030435905463213695,0.0014367761937571588,0.01117589016006142,-0.0010661276921633696,0.0006200813000461058,0.004914010731910201,0.027186121361019867,0.007388925588415343,0.018974842596056314,0.01451137231187951,0.007046653268927979,0.00551104046697605,0.007522459143686151,0.010824261731856471,0.02174429703913366,-0.022268227189569913,0.00888952169349532,0.002463783333100506,0.011337320120272758,0.009502069190140445
2023-04-12,-0.004362920438492658,0.002330887015392853,-0.025120468529582753,-0.010253226935797862,-0.018244731690755883,-0.002132907526698598,-0.010101056003335284,0.0004224507536509859,0.011138823187450157,0.006054084959345066,-0.000155550065742243,-0.008043287335586406,0.008728749169641127,-0.004582565959818281,-0.005949779546398987,-0.001040744504702919,0.003539097393718804,0.007280092095148746,0.005164126211399621,0.01629193624616997,-0.02113855030607884,-0.01139999112522249,0.002878283223975668,0.002915538427485462,-0.0013248230809393938
2023-04-13,0.03353497991534052,0.022152181904938856,-0.0012086219376168303,0.00342945682156481,-0.002602815649529002,0.013271882508725094,0.0024145781718122573,0.009623450905564365,0.01595978907406465,0.01118784226024916,0.0038058334636853113,0.002804958660444803,0.005706849289484756,0.011921735282654307,0.008066336283449507,0.004675281999416371,0.01327870918075725,0.013944977176475064,-0.0016064348010805596,-0.0017329341698299311,0.04565543032053212,0.005870222990019821,0.013127665672793052,0.022152841126028968,0.01307698450068118
2023-04-14,-0.0021160833823580722,-0.012847867905873216,0.011085880099204337,-0.007497711960053177,-0.003698833031960663,-0.0016269233201732412,-0.006775032811891166,-0.027823910273458735,-0.0023388695186815386,-0.006784397373686429,0.07279479908103946,0.03306077187483497,0.014318983817775324,-0.0005043523091877719,0.04667385949934054,0.0024156825972565577,0.002031793024307696,-0.004964594029230551,0.002634868263028836,0.011306206078739505,0.0010736481279814353,0.00013700368016008688,-0.0003116252890694386,-0.0038037107693650223,0.004476558607237104
2023-04-17,0.00012086308625583337,0.009252940722946981,0.009077576592912213,0.007808826492663264,-0.020703274702675203,-0.0010256254745210297,-0.00024265785284280933,-0.012663164211109227,-0.0026048769046892483,-0.002540579578372046,0.007897679324783047,0.02838744874883665,0.008158423059289422,0.04102369115451187,0.0026193442623037473,-0.011701053515982322,-0.008853732637309462,-0.026997151068633443,-0.006848484524202128,-0.008035262430074073,0.0022411286119837716,0.01092622219493582,0.0011413603151137152,0.0019036319127462213,0.007785718392052738
2023-04-18,0.0074767486769226925,-0.0014898914403678244,0.024329349480323174,-0.00969205588227921,-0.0010019924748226158,-0.02853145535758388,-0.015417194875731711,-0.0017228735414851388,-0.001566320463490095,-0.009913552708628372,0.011165465592388716,0.006236615463424932,-0.01713259156305246,0.01370709874250041,0.007818300721604797,0.019341069184775683,-0.0023429476437100824,-0.006269098452815419,-0.01484720162094528,0.002110592386302809,-0.004291801457498827,0.011945795215408268,0.0055153538688018835,0.00015844054606063677,-0.0037000854447041833
2023-04-19,0.006944042480647986,0.000277621694836647,0.009496842755350992,-0.02159504340251466,0.0017805887302119103,0.00939619907134722,-0.007674073466567799,-0.03690820542751472,-0.006114626890151906,0.01010001740649478,-0.0012736620900927393,-0.016496582173010435,0.008884968590369106,0.00879806779950834,0.0063694719083658155,-0.003169109329958529,0.0009378175881302698,0.002949523735979947,-0.0016820476761887425,0.008778691208653482,0.01936168847711433,-0.006847155873439992,0.0012364227515894635,-0.004287758947023685,-0.006974279942758749
2023-04-20,-0.005863445830813852,-0.008145596877280352,-0.030055816704067855,-0.009353420985511457,0.0018883445329577148,0.006439656971474808,-0.009739080897873023,0.0025881511079009546,0.00035037022958841303,0.003282151444695614,-0.0029077694443180487,-0.005336866032144857,0.005387900326331779,-0.013586410096080432,-0.020040847151926583,-0.008010139962991046,-0.004874860004876984,-0.014160210639727992,-0.004555625875232275,-0.01261963146320215,-0.00470910957902097,0.005575431749220527,-0.0009273141968364641,-0.009755506511410014,-0.001027292616052886
2023-04-21,-0.009828919198039278,-0.001224002195913767,0.0005531747059130858,-0.018313077155902004,-0.018819870981664103,-0.005455554137811953,0.008993165341772543,-0.0074952105790455515,0.01045587712988521,0.004133735948463558,-0.0019192337970903627,-0.0010036770826739483,0.008671842791511838,-0.010372620291598482,-0.007518080961731746,0.0031945556133962647,-0.0043071851380143715,-0.01475475128749943,-0.00806586962234317,-0.04265170154452533,0.029892642547029304,0.004911130941586392,0.0036361402203083483,0.008640867208684242,0.01059293247443708
2023-04-24,0.001876606581641163,-0.014061310028671713,-0.0028432726856313195,-0.02134847713604571,-0.009772811989489509,0.006066542193404168,-0.007488657668938245,0.010526869442724237,0.004928357802897867,0.010230215009953027,0.0013512224308765573,-0.0036895771759007105,0.006709198851456302,0.005079302736927344,0.0,0.018701697540750312,0.013857985746496992,0.01350137979639051,0.015815084672165514,0.008398470945523805,-0.007036666520682404,0.005318505531963572,0.003895613523921803,0.012350634667373876,0.010115981253749955
2023-04-25,-0.009480453372050255,-0.02279403197637282,-0.030068192750954986,-0.026650080358732144,-0.044005426144003476,0.009122426120973378,-0.014639466100387768,0.006076290179903859,0.005076025376115177,0.004985147928753007,-0.02198392722860278,-0.03140192012916755,-0.013110333515976133,-0.021952247841122822,-0.02331699075469158,-0.014315183703273745,-0.014626881488538272,-0.015165272324984594,-0.021285656998067018,-0.025409688096522644,-0.03487276836944828,-0.017760598388444203,-0.005780632233992677,-0.019305385409874507,0.00045729913797357564
2023-04-26,-6.096845990034765e-05,0.06993179474744098,0.02688287915686987,0.005869216604601399,0.025216362849918763,-0.01561938773068109,-0.017958298700155355,-0.018403104918848414,-0.026962949967160515,-0.018978230290504907,-0.017882533313290767,-0.01396682492331664,-0.008638478858382398,-0.027248162817321814,-0.02195093297155467,-0.009225327107950551,-0.01797219273904903,-0.015995371338391712,-0.008694656143354013,-0.024396488456598885,0.023224398457013323,-0.028270072013510537,-0.00602121836601467,-0.00659972690264452,0.01929334844231316
2023-04-27,0.02799948369448831,0.031525535527422335,0.009966382433022947,0.027501392191077785,0.017303465034101153,0.002333900087074581,0.002843627111678031,0.015451025151390308,0.01513651709439941,-0.08328771373307195,0.013369013408004784,0.01569897006941222,0.014863873373295786,0.005055632921863135,0.0036212372440513137,0.011882268698336492,0.005826952764171567,0.007535930482629451,0.001555304087290326,0.0037600982806612095,0.04507277127081395,0.020138050668131444,0.016972728907589954,0.014907687359030083,0.01141750758891598
2023-04-28,0.007512721423401121,0.007939830708641505,0.019027536357419536,0.039401066570734014,0.021832214336793086,0.004285377427665367,0.0038642388420080135,0.003297576585741185,0.002688409671791144,0.015000938305836983,0.00864535002037724,0.013409230260625902,0.0053720497721369415,0.002266753758496618,0.011753489771188364,0.012841945526239004,0.009716207374927139,0.01626529786145878,0.030855313142807983,0.028570397971199663,-0.04060578108740084,0.022239256243680287,0.0034889287272792243,0.008081983516321941,0.01356617113850481
2023-05-01,-0.0005302760502590919,-0.005548044876957656,0.04098775032947365,-0.02477311787163522,0.003574221224399755,-0.0006109133037745033,0.008194674702459815,0.007309173534979861,0.007506101570970609,0.01699346998571635,0.021186028306614313,-0.008230369361116735,-0.008391755147910481,0.015972400099222375,0.003816913621632755,-0.03150333510572636,-0.007980699101096634,-0.00350492146239628,-0.006971657229363874,-0.0040607850167531925,-0.032773958824064836,-0.00949460815654107,0.006168258599446836,0.00942497055825616,0.002359381040796967
2023-05-02,-0.006210910903388566,-0.0004909722714637226,-0.024511164884358616,-0.017646516473174254,0.002449903377108817,0.008702830066366136,-0.003832641542860862,-0.004670862099706127,0.01323506476166904,-0.013690330551834539,-0.01627914645886629,-0.03077179844446096,-0.021367722665209046,-0.039131719378272437,-0.026811200116000116,-0.04066923534664916,-0.044006276241160686,-0.03867870222165881,-0.061083133553461504,-0.06233006058902277,0.01536391753200235,-0.011554312663222648,0.00164550742053775,-0.005172664695682501,-0.0008732490728182886
2023-05-03,-0.006488113659617568,-0.003312403454400712,-0.014568475697758798,0.02913141436538036,-0.09673484709901094,-0.013175212517853679,-0.015740479719453967,-0.00803809158221254,0.0027954034703457135,-0.015754847773268476,-0.021390376576332092,-0.010710578969161513,-0.014259590389712102,-0.0049039109005817386,-0.0071999099212069,-0.019906385064982966,-0.02026106074609703,-0.026191658289553443,-0.00530018831467631,-0.01990224078474573,0.00019301691085360208,-0.00408629251494855,-0.009607776738263758,-0.004094655371982192,-0.09621917567891175
2023-05-04,-0.009962944069845782,0.0033124034544007677,-0.008669959850961051,0.023153387142265076,0.059340925761574424,-0.004553601615264741,-0.005737965988000054,-0.004423039179441077,-0.007216112923231723,-0.012744066988903029,-0.013772846572386432,-0.03172555163148942,-0.02274271647068758,-0.043432953874924816,-0.017003702162902323,-0.017666530961625293,-0.0038973376863383705,0.013130225191822057,0.002608699519415157,-0.004427760503656294,0.0033710455381283566,-0.025328293901265005,-0.0002031897923730499,-0.024520934689467762,0.0072839165077175985
2023-05-05,0.0458591352776991,0.017011831887322977,0.03976203303660031,-0.00803483197554859,0.036614980277536756,0.003386400955354682,0.006777931176170128,0.014263367883275431,0.002637784334448506,0.00453632489059951,0.019346479208412745,0.026326896806099762,0.01777070771934298,0.03268423854590005,0.031136125766126184,0.024591345067134774,0.025220534572580514,0.030448061367566923,0.02536942701137176,0.014975039323581915,0.015835527254169667,0.013452229716564576,0.004866850158563055,0.023336737681891054,0.02349933642542696
2023-05-08,-0.00040355442430848833,-0.00645904028941256,0.01628918564807951,-0.007124364321166622,0.05626759557979269,-0.0022770221275982545,0.00466550074769211,-0.003364095789220147,0.0059308573202164995,-0.003925866343054274,0.0024104779008797274,-0.0007218490724493194,-0.0015607410535393071,0.011530587777465575,0.0008630705089769347,0.003948789118005867,-0.003940122037538091,0.005266385750909101,0.0016627861403263776,0.018623219110095988,0.0016076240119395433,-0.005852256621650083,0.000303400000607431,0.0022882643916034232,-0.0003730765988224907
2023-05-09,-0.010021206968801745,-0.005360262196566674,-0.020097127724042742,-0.022015016528443305,0.0002103802556621285,-0.007793072273468893,-0.004925539179962838,-0.004557466594879102,-0.008057492810709525,-0.004213358415090688,-0.00482666047554668,-0.0010841987913320556,-0.005343502915171277,0.004160435557555459,0.0034453025752379223,0.0002749627112214887,-0.0028870547506473472,0.006224492897908043,-0.005172479669308941,0.011942838781424806,0.007437086747609702,0.009161540811498465,-0.00010108635875757064,-0.014128281192422931,-0.004301454337136672
2023-05-10,0.010366967833472759,0.017148759611822627,0.010930356764551969,-0.004328294093917218,0.02040886271357046,0.0037185619974370913,-0.00468853194799049,-0.0006322879024308418,0.003994406212329766,-0.0027964425600620875,0.0005129735478491394,-0.012368411639056904,-0.00685876459384719,-0.0067692715178443875,-0.0032296512869607686,-0.012910620174148497,-0.012839729425567674,-0.010495111578685596,-0.014252320118779145,-0.02816462479512186,0.032935033500925935,-0.005348367425279752,-0.0003034306764127923,-0.012791274677730507,0.002433519818692946
2023-05-11,0.0010941213690542134,-0.007069323895180502,-0.010685367706494114,-0.03774035545709815,0.0008242513661281508,-0.0040910762141465025,-0.008215369724424312,-0.002676806641785912,-0.002972891676724457,0.0011602235787017412,-0.003155708141197803,0.002559241434843623,-0.005689938001926928,0.001305268733036579,-0.00735945173078104,-0.01826466670314905,-0.005553628358827346,-0.00578988803108938,-0.01463942246163758,-0.038227041515782455,0.01789855614458502,-0.004646961977513796,-0.006020019778983629,-0.010499467096110535,-0.007639096177929917
2023-05-12,-0.005432094079364989,-0.0036828547259439856,-0.008362878103392705,0.003113694769258022,-0.019131341784792866,-0.0013053606204500555,-0.0061393547526678175,0.0050409346116364225,-0.003494050976708804,0.003813072220171891,-0.014436677762514085,-0.011013418708627426,-0.00381122124154465,-0.022158459584745008,-0.012680318641691593,-9.48143311251801e-05,0.00255725254742097,-0.004615552417186714,-0.00099580815551932,-0.0015871724130005708,-0.017263494264582263,0.009616775920115953,0.004569293234422925,-0.016582434834580478,0.004628147258196775
2023-05-15,-0.0029017828946118966,0.0015845702335752707,0.02139957276433883,0.028938208216694395,0.022216208516620758,-0.007679793763391674,-0.0050996695158419016,-0.008936003613852118,-0.006595062016570724,-0.0038130722201718784,0.008391093594705572,0.0204610025063391,0.008011677077397132,0.03357239175999845,0.013114756851464151,0.001905344145378333,0.0036964332998311532,0.013754691815430377,0.008297299967952988,0.011954733927373978,0.008489121836596263,-0.006666641706609549,-0.0008108115569270623,-0.0031662561172449825,0.0048882369667495
2023-05-16,0.0,0.007340697774925232,0.008939969867208495,-0.019654941860997716,0.041035541496239045,-0.0013170453880726434,-0.004044747322532237,-0.01477381016900628,-0.0024953026357113464,-0.02276893053459636,-0.006751616602467905,-0.010543588881925055,-0.003919800784510344,-0.009849663625893524,-0.016862199675622257,-0.024568787150925343,-0.02375313971454027,-0.022384494918774152,-0.03388921943531451,-0.030736403235997592,0.019591050376757332,-0.021756982927278887,-0.005931953986839289,-0.028354516348272,-0.012835267309094765
2023-05-17,0.0035966660219236488,0.00940707137065727,0.032499467161960144,-0.012050463450031306,0.022122391299971473,-0.002198972662108892,-0.007050131431132347,0.010554332914113597,-0.011436497169553757,0.0004186116629478729,0.030284002137044,0.043274958793265865,0.028788864585853134,0.052516665372844946,0.0389828409518185,0.022186679046806036,0.014229830328779973,0.026563384311032154,0.029027461045601662,0.02849171512642804,0.018349125212474244,0.03501211700327182,-0.002348366515263255,0.004283405167739403,0.003886999760970136
2023-05-18,0.013573464598969374,0.01429226079830985,0.04850928387132304,0.027670416720065066,0.039498712553981574,-0.003212952864846389,-0.007373838957291578,-0.011576320037664201,-0.006644550006578605,0.0006277667918713972,0.007555384508948496,-0.00350605528626826,-0.001818903784136239,-0.006198104473390927,-0.014764464644943189,0.009022249349307836,-0.0012334236279217593,0.0002979551153825872,0.010950584930057933,0.007834371070154828,0.022684486585828632,0.00942879210315788,0.0020084247001976967,0.01602753492155699,0.013159114487269963
2023-05-19,0.0006282967411000971,-0.000565039904578412,-0.013155263357183504,0.008387920479179072,-0.01974333707271768,0.0027097288722136106,0.007918090505366675,-0.0008558912547919234,0.012985582443013536,0.011575128013241285,-0.002296653544916554,-0.012725534457098743,-0.010461684981274911,-0.004486539193704051,-0.01476686786382423,0.004622026674668741,0.007890451106032589,0.018294962575573934,0.022683186557955322,0.00932108512449934,-0.01621197208021114,-0.014606793254767826,0.005088250318052767,-0.035187384130951974,-0.014863891281898611
2023-05-22,-0.00549569773210915,0.008881430874932025,-0.0028187362474097434,0.011626155624406383,0.02039169253214797,-0.005403912487784643,0.05244838101834241,0.003752102228278157,-0.008696633544442172,-0.0014481742491076314,-0.008297083071414474,0.008148800325228618,-0.003778378494751816,0.023455085406898096,0.001748859889713683,-0.01221426649313392,-0.01813673596292149,0.010953492634902504,-0.009117346028000727,0.015996748105177608,-0.010723944788673759,-0.0007566955003712638,-0.02120101810423134,-0.040727730214674296,-0.025047995825485777
2023-05-23,-0.015270983500323104,-0.01860381311261433,-0.015776854601501387,-0.025758269627950085,0.0011105196871164134,-0.0003824291285708831,0.022708071793647307,-0.002458175405369521,-0.010712979391878931,-0.01656154521853121,-0.01048735052829532,0.008432878520544055,-0.004163535144385649,0.005596752458248593,0.002616975408355351,0.013530908685290345,0.028518901941624455,0.006342546667140706,-0.0007928462424800751,0.001303437001799305,-0.00017395019575132932,0.014617769909679357,-0.01035215670503626,-0.012787852488212379,-0.025193249455755004
2023-05-24,0.0016307466589795512,-0.004482561760007821,-0.004899911473737919,-0.017433383211200047,0.0013863295062649232,-0.0009571359893813988,-0.025809518606348655,0.002895011767605971,0.0029091077604123244,-0.009659227914622832,-0.009193669422003104,-0.01693754907786603,-0.011688511787536816,-0.008284686608000698,-0.031418327744559375,0.011122092611575292,0.0026741896166794453,-0.003935355806514769,-0.0014994071894967277,0.003684020346528656,0.015189747065966132,-0.013104951064097271,-0.001572780135662186,-0.0045146380288134435,-0.007301925417287611
2023-05-25,0.006670075703562505,0.03773692160679302,0.21808804231720313,-0.05675282051135384,0.1057760752328018,-0.01446624928379622,-0.020926870681102595,-0.006530718716274202,-0.011509468908844004,-0.018086734699097645,0.002435443270169834,0.002488143439201533,0.012646249457281947,0.0007337806835015572,-0.005861129649947664,-0.01810113703930137,-0.017381842421013052,-0.02226950135691973,-0.02584088320436226,-0.02341697431082443,-0.01510276818575663,-0.015056289277996834,-0.001400106449988676,-0.007507948346039864,-0.011815161504500913
2023-05-26,0.014006193974815489,0.021160147681741504,0.025116253085214653,0.05675282051135376,0.05401911787540078,-0.00038884480385350726,-0.006098298120746545,0.007964734517402153,-0.011013470438264464,-0.007676035277078875,0.009317274053727094,0.0049573539973177105,0.024791832880670273,0.008036051235131535,0.008330404045064386,-0.006551864257564191,-0.0031103387305458654,0.0015719841908914303,-0.00253936476569234,-0.015172174689178414,0.04347586628475364,0.020981479057530193,0.0018198021458973638,0.0002790157208975285,0.0009136780791455802
2023-05-30,0.010602993901416143,-0.005059746932916684,0.029474574184946308,0.033568174724227295,-0.013951888367289389,0.0001294887027207599,-0.01581588552073464,-0.003474242585537132,-0.017254276244351097,-0.008175285318310932,0.0037904106784212477,-0.0017676637537301085,-0.0035605552610787727,-0.0060818977688810475,0.0022396268352241414,-0.008899106924857335,-0.006250075495554917,-0.006402270193562001,-0.011967606800633813,-0.0038293329378475795,0.012822304345733589,-0.0014694251570108816,-0.003923299903544811,-0.009251148052119657,-0.007947810264345807
2023-05-31,-0.00028183192330689504,-0.008550655169132195,-0.058442648400270004,0.04721699281982643,-0.058008685041151684,0.004459739805650623,0.02692417651957596,0.015283417819772226,0.011294529053681012,0.011078850882263496,-0.01281268512976358,-0.01677117054532194,-0.013584205864697605,-0.028966099236113138,-0.008537455628339428,-0.01803946098074561,-0.016461766616331166,-0.01895325290648532,-0.014067660946740057,-0.03397154865353557,-0.008916850747085097,-0.023913518525272348,0.0006666725051403865,-0.011899245598426207,-0.0011261013650101384
2023-06-01,0.015895290135332807,0.012678708650307593,0.049904900649773855,-0.009909067878415688,0.01060260802942379,-0.003359172926800413,0.0,0.01302930892637195,0.0046985755822509705,-0.033312062162727724,0.0136851943046412,0.007588104518789509,-0.023427721642576768,0.006260288655082601,0.011664698419245317,0.011481932770664722,0.010172720121290526,0.0023137244104732904,0.007983616021613566,0.04897926811112727,0.01799921060282327,0.01727810666236645,0.009633609754979967,-0.01560665806961493,-0.0012297316730850534
2023-06-02,0.004764199561969987,0.008443288829650581,-0.01120164263868781,0.005765570233634313,-0.013567819458404155,0.01560190684104013,0.008902750766438252,0.011981499872842177,0.014231507495573314,0.025379832210093718,0.0207883203057773,0.03292907286603364,0.02265555939095055,0.029030192771525323,0.03247333138156905,0.02295438327559027,0.02658839108972486,0.027939024446782066,0.03426531232130216,0.03902378559228784,0.011983006127262639,0.02584293573360297,0.012355897372873277,0.04255164632165412,0.020100310910756616
2023-06-05,-0.007599907948642618,0.0016088016154651396,-0.003974600430773972,-0.0474176993239902,0.0005937461012668593,0.008563709761444549,0.007531605766790365,-0.002786140978899304,0.00522998048765406,-7.330741423964787e-05,-0.009872758121070455,-0.005938763882222994,-0.005701511508214956,-0.019341882557151673,-0.001728650674489221,-0.004453915761704842,-0.0048112221416921385,-0.002739478082147726,-0.00241528907194506,-0.01182919770177512,0.008415221280893044,-0.009642890169904697,-0.005118301896754495,-0.024228936688870596,0.004312147919267577
2023-06-06,-0.0020623927869818067,-0.006750251897656768,-0.013286358166753585,0.03617622726337671,0.0520434825578598,-0.0008848723723162843,-0.0072708349092144835,-0.021547742126244215,-0.027789557812738726,-0.010503489658700559,0.0017960656401769118,0.023888862205088148,0.015387352835819424,0.01982687322558347,0.020972033072761718,0.008134700750481977,0.0017990893672195502,-0.00127455548953536,0.010335938460400602,0.021094377886332092,0.010400614095252173,0.009845521808972047,-0.013578334451180509,0.009366644763673389,-0.017259986101802148
2023-06-07,-0.0077866393939507415,-0.03135423929175598,-0.030872668049756843,0.010282942519314773,-0.052891789982459476,0.002147201176684972,0.013461061415029554,-0.011220104862768619,-0.012807791583322828,0.007869737397171993,0.009641590829972947,0.008516519792663758,0.027018321862563886,0.01944130152893069,0.01659187711780299,0.02217344767537264,0.025601861706159502,0.027765009116981286,0.03003802100399936,0.024822244250084398,-0.043421904903774046,0.019073712957734718,-0.009321562949083852,0.00843961453453589,-0.003059178795813051
2023-06-08,0.015346704659865686,0.005796832400264496,0.027243790775606225,0.01711610132734899,0.0269607853297388,0.010916552692053771,0.005129507241162148,0.016661076093427298,0.015621651462961458,0.008317074990677676,0.0002845912329462567,-0.008516519792663714,-0.0008343828350840486,0.007105717328282271,0.0018728675201070634,-0.0031377143531233945,-0.0036984322574363806,-0.002579368225862952,-0.0008605655635219597,-0.014229137799822234,0.02460606952762862,-0.002023893776720899,0.013670138908261102,-0.008345324858238107,0.012483138897307858
2023-06-09,0.0021575922363966404,0.0046929690720457495,0.006728784013727643,-0.015199773842723259,0.03146980916227103,-0.0015609088951862638,-0.003074313728715234,0.006891016478675478,0.0035290417537576606,0.00391542647729663,0.0019874409039800037,0.001367560215740739,0.0016381931506083151,-0.005680412389150993,0.0041492676133695755,-0.007421706303809844,-0.002389288929325132,-0.006237333636077249,0.0008605655635220631,0.0016846594252823012,-0.006621468748440394,-0.012499285504167575,0.003527868404201416,-0.003206589124569811,-0.012074512526088849
2023-06-12,0.015517599445147858,0.015365164400265268,0.01819804930976939,0.05373117562986819,0.03361069011294636,-0.0006877423785107476,0.023584201578279132,-0.002088577581943717,-0.007707432018346032,-0.003261810409490165,-7.07961854013364e-05,-0.004794595200977774,0.010273839056320488,-0.0071463405706939515,0.0031007994265499924,-0.009073734891157214,-0.009677573823545598,-0.01035291782427732,-0.020246583146536677,-0.010788270289806192,0.025121316164936732,0.011734922814174533,0.006187326470523661,0.009121150766767063,0.005091009026776168
2023-06-13,-0.0026150127157829424,0.00732591324626806,0.038263879425864594,0.02508351248383246,-0.03673756693943092,0.005239455396929071,0.009478696902009693,-0.0026020130621633958,0.001182583949159224,0.004202221176421063,0.007208056175923977,0.009226293679836198,0.008827139550586288,0.019413566067796647,0.004941452406443971,0.00018795996822866957,0.007472101698087106,0.005722173713467196,-0.010589637390385265,0.019794379223033263,0.0007108476079609743,-0.0025959583740544764,-6.933362888395446e-05,-0.00046800215185613,0.008092381995433055
2023-06-14,0.0034852502414504313,0.009082281380368753,0.04702165376994525,0.048073779816149326,0.022235515035156438,0.00508853870205159,-0.023104880186770583,-0.06615319786623867,-0.0055064150968632975,-0.015152928936476724,-0.0037390347634148756,-0.009569580797790786,-0.011983931878454347,-0.01345478992019071,-0.00928509514464168,-0.012098444840796953,-0.008998954091352299,-0.007181766574136395,-0.01835398932858727,-0.014491552657169796,-0.0018966774409431106,-0.0012337710856405544,-0.0003812517337682236,0.05537738875872704,0.014005775627625186
2023-06-15,0.011136509795197716,0.031398569445685844,-0.008032636409827926,0.006722627351332918,-0.024566994319685332,0.013342043116791304,0.00985949174711628,0.017124119608253056,0.00678709165262645,-0.0024990206089004407,0.011244732999412898,0.008548622953000866,0.003892940114316,0.006631960192717765,0.006611582029840944,0.006917894795374711,0.007546888667233644,0.014312082540658182,0.00926377812545694,0.013239806630346674,0.005443175548084132,0.0076780702596677426,0.014353438500703827,-0.003995081733045629,0.007127326760783263
2023-06-16,-0.005877175206939273,-0.016714780447134845,0.0009137917695349705,0.01523774303281176,-0.03405695907221621,0.0030492249794634324,0.0077687908601943014,-0.016011009437020104,-0.0007316686141987971,0.020035299672781545,0.001187462382319435,-0.006147523625344081,-0.004218060993509295,-0.004258336897167421,-0.007648639888172242,-0.0072032007177980206,-0.006465050178725761,0.00736591724823475,0.015193097081038588,-0.002508373898931238,-0.012826801009233037,-0.0054448634709645775,0.00371829383085716,0.010442424768894698,0.0048216988266734685
2023-06-20,0.00048649053704934376,-0.012581275376401153,0.02580488569197393,-0.038396063148870646,-0.009623115268663832,-0.0006091218067284852,-0.01813665422744615,0.023495472212235902,0.008289753363814998,-0.005932382170946888,-0.005108924097729266,-0.011023219249981875,-0.02269055544466859,-0.006899313112190111,-0.012108674144631704,-0.023190909834597876,-0.023028253238606657,-0.027931301716035757,-0.02753394533061239,-0.010942833470025939,0.002308282311188502,0.0034231162246663896,-0.002249720981364607,-0.03630582373019904,-0.005907376569843349
2023-06-21,-0.005691539196602189,-0.013371070382236715,-0.017570136736458478,-0.06187531853373608,-0.05905454969544301,-0.0015242781765600556,-0.011247390151400758,0.015558047450407413,0.008401588025542129,-0.006990127929834286,-0.0014740769930139208,-0.010445858004299143,-0.017231426088373622,-0.00574549427960262,-0.004209616340436443,0.01113347383559318,0.007778395810467721,0.016235354598790334,0.004882648800215235,0.010524158754528836,-0.007581513078945958,-0.002358267240262206,0.005037873803885541,0.004008940203752479,0.005907376569843411
2023-06-22,0.01639035627325847,0.018269508525773547,-0.00046484578070455767,-0.00579200347238807,-0.012656725462953012,0.01056138443284087,-0.004380084977176849,0.00481290893827425,0.02276866947374037,0.004010903392863193,-0.01944029853706631,-0.02158240219801666,-0.017032949510033805,-0.014267187283385233,-0.016589000724530418,-0.005502787208821152,-0.01456865502317175,-0.02213347126779005,-0.0239150014178675,-0.019451019611118968,0.04173475821321792,0.0015947163587228563,-0.004150931771975451,0.004354792823388954,-0.010063434991530723
2023-06-23,-0.0017127260795524795,-0.013902099323622293,-0.01914792578469455,0.008826936566180258,-0.006252521976913741,-0.0008456535773233737,-0.011164543585513333,-0.004288350778934865,0.0077083887483730545,-0.010902779828835094,-0.005243620955504671,-0.0075390702924662415,-0.015355895885895575,-0.011019797892680443,-0.013168085573062753,-0.008750793319904844,-0.008487035371350714,-0.009609019697402575,-0.01329829008733023,-0.005351461974557612,-0.006320292959406817,-0.0012291535449517534,-0.011625502505421716,-0.00854635002773392,-0.02520339831925591
2023-06-26,-0.007581603244490348,-0.019349021005427496,-0.03807742527553676,0.010250134291916388,-0.022987403802656348,-0.011242639614575766,-0.037509199521383645,0.004309213394239355,-0.013352268224065626,-0.007162030015041959,0.002445671724098778,0.012177997887341675,-0.0074953107128318455,-0.0004926545687532699,0.0047692326285988206,0.018288900966566126,0.01742223315705363,0.014415933770252435,0.02933519428693237,0.016391791764366656,-0.015585135619426043,0.023263859399854096,-0.0028326641257641503,0.020067644819451082,-0.0011190087476574693
2023-06-27,0.014946703435506041,0.018005097470654496,0.0301568057641594,0.02253931564710387,0.026435658134013076,-0.002079873959567141,-0.01282249662437639,0.007279452049689201,0.002120106892644661,-0.017567316784389102,7.159940394792695e-05,0.005325703512494774,0.003483562765947562,0.007852696121268446,0.0034543182717808943,0.0024900340955110725,-0.003121128879392345,-0.00514605355801366,-0.009315959815249646,0.016335603898177276,0.014424567940817595,0.01882210425691019,0.0076158276933727285,0.01659687018183523,0.00497601776494039
2023-06-28,0.006307955843085489,0.0038183859780238747,-0.01829122105234148,-0.015664233301277024,-0.001994933769504972,-0.0020228286165985794,-0.003575835279993525,-0.01694906894533749,-0.0077957250702447725,-0.0006789116051341389,-0.0043918261081270825,-0.006038047151999391,0.000669777941630271,-0.007113855571955906,-0.003670666497595352,0.008096988595010322,0.009012653349791325,0.016921231031966605,0.02007605119766168,0.009304442881138113,-0.0010843421189455317,-0.02331439712952826,0.0015092942733771016,-0.005118426923228063,-0.0011151131874120855
2023-06-29,0.0017949188569340011,-0.0023848634989513742,-0.007200409396674339,-0.019856371702926152,0.009665399430258168,0.0069711512352197726,-0.004695531821428055,0.004185698356258104,0.009735380314079025,0.005418621994729294,0.03432741564071756,0.020801112981789254,0.02962126905884243,0.04406637929267015,0.001296935360884448,0.012258564137552138,0.008484561208462542,0.005350963659794265,0.01614758119726341,-0.0024727096189571898,-0.008873661272556729,0.004264785826004638,0.009314301313050687,0.003003628766367408,0.0007097161495583012
2023-06-30,0.022839667404320366,0.01625293380035175,0.03561320657196299,0.015976113316730073,0.02371868489900159,0.008616136511147388,0.015384781674891611,0.00877663477376984,0.016162544104918977,0.011195789157070197,0.013916534325190532,0.001046094406166259,-0.0017039099987159899,0.005403369319983826,-0.005415469188064134,0.005141323807731578,0.007079166440408335,0.005322483178133312,0.012662841155212089,0.013321043131939736,0.01905113813636069,0.009119700982235135,0.013291231239245024,-0.026818374312781043,0.003843414438757171
2023-07-03,-0.007815238748659342,-0.007516210302630774,0.002620349661425455,0.005368416141360229,0.01662856410176193,-0.013197102107290698,-0.0008180917135881831,-0.005758931029259511,-0.009228590532591098,0.0020761677283042696,0.008012314973523331,0.01762008203999796,0.0125396200013741,0.0167291705669843,0.015089730229650773,0.0019562632119060164,-0.0008901129012981913,0.005966214041441434,0.0022692446109218436,0.0071003399868042535,-0.0010745214685311468,-0.0019980592662318577,-0.012035588313633825,-0.011481879657449845,0.000908127181398034
2023-07-05,-0.0058886451021899185,0.00047320217025363626,-0.002265827353057617,-0.033573359298108264,-0.016277530252588043,-0.0033111832953412507,-0.005197757407295842,-0.014034516174369578,-0.005525920253557174,0.019147696103089935,-0.006683700392663075,-0.0041180324237734935,-0.02028963619373501,0.0018415023479959817,0.001282972279153888,-0.005131328389865236,-0.005741244794591712,-0.002016766217271403,-0.0035810643315872287,-0.0034423596047876057,0.0012279637641415527,0.0025127245828973992,0.00696231269805843,-0.0185936415868773,-0.006983503499312679
2023-07-06,0.002505616876213324,0.009184336769522168,-0.0050698996680454975,-0.01674970594821212,-0.004133089387771152,-0.00745985380143163,-0.02302761346472189,-0.003955104014026049,-0.01729903612852915,-0.002692472212963144,-0.009935782557400777,-0.027895741596155953,-0.02227393114877681,-0.013662299212587409,-0.03081163154299061,-0.03803537283000435,-0.022187649371780256,-0.03601891323307317,-0.018010499534448325,-0.0036579803820166817,-0.015614479950363446,-0.028656266979352363,-0.0066909221874042945,-0.018850495915530698,-0.023221076597273356
2023-07-07,-0.005908740430720452,-0.011938354329406242,0.009455512128279423,-0.0037605322949346657,-0.0027355427242027074,-0.014648797935878546,-0.00281061912046692,-0.01671456841950172,-0.0249163967925581,-0.012832458342417835,0.007859179312981461,0.008801283963525029,0.006909007631614866,-0.002801643074729029,0.007901579604199838,0.002329157652184778,0.0087266782737808,0.028395236741824707,0.03458438020405856,0.08260768028250856,0.011001878790426247,0.0026123321358571304,-0.009608139605023745,-0.0061082161392669,-0.0015602405241017497
2023-07-10,-0.010914975998531397,-0.016112861859663295,-0.007628272751746417,0.02756034703849257,0.0036163537723961016,0.0016311641833930057,0.004212940188087883,0.0031795269717109858,0.008768862335257354,-0.0074815999416858415,0.005595877726321321,0.004546313610240304,0.004116386559807813,-0.010577352854006192,-0.0015315414457543607,0.01472240607614953,0.006656278822235166,0.010791091090336793,-0.0037074489054518913,0.005048331379428177,-0.020630536429565176,0.024369486848949844,0.008148714550986235,0.0125573733556669,0.03156310416637366
2023-07-11,-0.002814033637495032,0.001926733322840585,0.005320074732030087,0.016959564985403918,-0.020098516654301717,-0.0055319395887942135,0.009483796427389491,-0.0003455384385999766,-0.011524923581053744,0.007998157677933472,0.015518332526257209,0.012482750980691373,0.013838859806666532,0.0098757617489918,0.018655616326201063,0.012152510344282793,0.01831788428152245,0.029181894176890842,0.03254750360124681,0.044321919819103175,0.01289534927354134,0.010834440234514629,0.0008485824242257373,0.01510544218843817,0.009637599961400347
2023-07-12,0.008945307684122798,0.01412668874711673,0.03469350506025712,0.020214824107907363,0.028864351044748243,-0.0034732505844469208,-0.0008329623420770158,-0.024471170827052913,-0.01138010593917638,-0.004361410909167559,0.004939341686908134,0.01164800411231,0.017056100320059935,0.012092817815900634,0.01810302776187781,0.004895065038422412,0.009566694004274432,0.01725519091188926,0.01748832325150217,0.011177316464479512,0.015563949723523061,0.012231312356840503,0.0029474881908190614,0.003439478233343845,0.01043593467663003
2023-07-13,0.0040492606031924065,0.016062353273713116,0.04618140273024016,-0.003242469469875454,0.011626997255568972,0.0046072617784663344,0.0019430859262604672,-0.008783248824436618,-0.010758154333727335,0.000673788396359395,0.004848359123958514,0.010503179931145128,0.006961160114502341,0.01034860885196556,0.006311691339274583,-0.018481332248829148,-0.013432085602539319,0.011280155215331128,0.007040912956738609,0.012971247212549473,0.026406663898050423,-0.009238848501020528,-0.0013202477781133956,0.0007421906986697443,0.004537908013143445
2023-07-14,0.0007869734571504746,0.007501380462884148,-0.011110485536500691,-0.021486903292470213,0.00017255475250483506,0.006652486256646956,0.007184113252934555,0.06990515921037208,0.009547812045601536,0.01795290090212576,0.006027443167274505,-0.019054586574367795,-0.00760458727277286,-0.0034375881385288955,-0.04132012830104791,-0.03504343850065911,-0.025267246573317713,-0.0317982809392546,-0.023393314304634368,-0.005063325125525188,0.0028254136578632553,0.006021292186519041,-0.0009491131565452534,0.0010195017693706056,9.833087768865132e-05
2023-07-17,0.01715759547121938,0.0014182817044918132,0.02158233464257822,0.036141242427754273,0.020319978854219548,-0.005016598261813626,-0.0127460240566039,0.008109998628843242,-0.01662703432478712,-0.008713474542516466,0.023817553386059696,0.00991291553549266,0.0030914756980661502,0.026728532480644725,0.011085759688505227,0.004349388343680312,-0.0009120845002766741,-0.0060881282028743934,-0.0021045752363788362,-0.01091180942595735,-0.008350743114511814,-0.001423048254816463,-0.0008814564242643469,0.007015675202993517,-0.0067146179018905475
2023-07-18,-0.0013411530318864064,0.039028088521638846,0.021990442543806013,0.0037752363269158294,-0.003301585133654228,-6.298543357219367e-05,0.010541211685350771,0.03235794997297674,0.0035930826464646314,0.012895774808469726,0.0018239213286991888,0.04326797118354382,0.030312272264796717,0.019039913140238705,0.016295647479897583,-0.0045477568422845034,0.0020182991876730957,0.021470095005208294,0.03388207819599077,0.008282825550575133,-0.005480667866621604,0.002244375389881277,-0.0029227014580692047,0.009247753633818525,-0.0016858446181558593
2023-07-19,0.007046842623616264,-0.012343118665705661,-0.008819016511598323,-0.0011601721047148916,-0.012800994019615045,-0.0020136671834048462,0.005503315241924336,0.007372821074834888,0.0,0.008021608933149153,0.003832211596431268,0.026676780631320368,0.009678097865129394,0.014369792617856104,0.01057746749414095,0.006912418553114774,0.006095121900652269,0.006690244813732079,-0.0026915364863488596,0.006646825824993713,0.01886777143765127,0.008550152850053937,0.0010545991121953986,0.0014571971338898967,0.010563386709700287
2023-07-20,-0.010148687111528406,-0.023393123202426643,-0.03363273761787141,-0.03214180662824145,-0.054539722343078745,0.05895569091826089,0.009015426041680841,0.0010712698641826028,0.023414007502840516,0.0322319334104098,0.012242441929206385,0.005061777752654829,0.029825402759212475,0.01863220726048297,-0.0023174551911201674,0.01746129478851508,0.01099374155438944,0.019985321560385627,0.00853883034315413,-0.001745047633491053,-0.04071113790508541,-0.0012215928000023169,0.010147671399109846,-0.021619003084690405,-0.009373012276746206
2023-07-21,-0.00618075502082019,-0.00897726405306558,-0.02696393744346547,0.019291309119388755,0.006329107545943632,0.010691957809053368,0.016988385657815856,0.004531385453503128,0.01763822219629107,0.0108419462357987,-0.00771469536504555,0.009109468511025282,0.003130056457443004,-0.025138368745737407,-0.007622452190673341,0.004630986985309941,0.014535763446876269,0.010686741729639735,0.009028836269556664,-0.022071939451173504,0.000307687993656272,0.004315669654250861,-0.00512875169431289,0.014128376519432698,0.019048214849767812
2023-07-24,0.0042112306448445,0.003890369690292065,0.0068150138534642055,-0.011530070095324649,-0.0030691154406858006,0.005215912709399935,0.002936784845058662,0.004235535868335233,-0.014600190649625675,-0.003903544287549714,0.01949269974579396,0.020734161990329292,0.019609964854294545,0.009958947750772634,0.012881665601926858,0.015567665020535268,0.019531964183197963,0.016080540595726035,0.012282876833573356,0.017871847033324128,-0.009273613091557636,0.01437473351295396,-0.0010152764119878567,-0.0026626411350731726,-0.0003893080240300738
2023-07-25,0.004503314714179027,0.01686602521131253,0.02363594632804471,0.013878570672131735,0.021377312280127302,0.007628216744279437,-0.012069405981176347,0.00441336476059582,-0.01164944097135003,-0.010884345275399705,-0.007496117973733911,-0.01543246076945557,-0.011854942614135052,-0.020457680923661375,-0.012031802151854683,0.001515260762054356,0.004562624574217318,0.012646248808241558,0.018457104344082292,0.014969886572200771,0.002558849307688174,6.162198412982171e-05,-0.010039825018426572,-0.004330366387906889,0.0013612402900510581
2023-07-26,0.004534708282579258,-0.038363987304364,-0.004981915592691207,0.00759606071933276,-0.026089638894716192,0.0019121865720821722,0.004039423617113353,-0.005751056297117135,-0.003633630367776971,0.0019042196819816011,0.005975813052642214,0.00805454012564573,0.008030871923402003,0.020888475173423016,0.008458703502760451,-0.0055984644587331826,-0.007533105029233613,0.005579290836024388,0.006361105499993583,-0.0036350236478808143,-0.007618281489535843,0.013624123511719911,-0.0020885347742683794,0.009191142441743213,-0.011629716901277197
2023-07-27,-0.0066027641455087055,-0.021093054592228853,0.009808310804945262,0.005514405029632664,0.009132503093676232,0.005600314428806502,-0.016438644079704908,-0.005467636388987083,-0.017607863005261175,0.04781669607245089,-0.011090321532654079,-0.014294794353893475,-0.008566767518397663,-0.014532217948034517,0.008178772731141053,0.0031351673102268775,-0.010467476203511527,-0.009028149010355061,-0.004339756542793024,-0.011334862924319957,0.0007800788687019062,0.00036425455668885474,0.011721894308540363,-0.015025338156628149,-0.009382432169264413
2023-07-28,0.013417615215279656,0.022867747821190162,0.01834902676157765,0.0639052762333788,0.01660308272875037,0.004538076252407369,-0.003597700804911883,-0.004602496640694851,0.010113027779428031,0.013346775648883839,0.005687897801147261,-0.001566086942686294,-0.0036171211826265606,0.008051356559600724,-0.009864887493300195,-0.012024067041523725,-0.0049603264019799555,0.0012947876766311167,0.014954425860468683,0.002277317211586805,0.030410134252966122,0.005022067272839613,-0.003937670714691257,0.008784598091653887,0.004652923568733462
2023-07-31,0.003160893522869964,-0.007266954160360273,-0.00044923964496499026,-0.02920328901864983,0.012667326643748767,-0.040647690974777134,-0.00027732124476432526,0.006856288297755346,0.0029110148882556036,-0.008454505426931372,0.006669539195944874,0.0031298529331920096,0.00744591031316836,0.0004333193596887434,0.005259213411253406,0.029141066661269612,0.029704881012954706,0.015322179418078077,0.013904521257604472,0.020608667739449676,0.0110572111941032,0.007426261816389223,-0.0028265358909041194,0.01616406349163803,0.003155462955743419
2023-08-01,-0.004284973158957679,0.0012496497854451137,-0.00476199389866018,0.0008382069693630923,0.027587930205566023,0.008085295021777699,-0.012557658255084354,-0.0032242068410451774,-0.012929104261763864,-0.006977057611904511,-0.004950308882901895,-0.011946150262405766,0.005185294892789737,-0.009796375853327708,-0.012456643593407991,-0.005798275795474507,-0.008344703707829365,-0.0028923329285502953,-0.005902792106276385,-0.01259199978282656,-0.014998135236778893,-0.005316147221578473,-0.00729119559458487,-0.009008661815271804,-0.0030567114436567456
2023-08-02,-0.015611218224402427,-0.026634642210305433,-0.04931834457120235,-0.0401818973820032,-0.07273528932067129,0.006021333521801043,-0.00732819902159092,0.00011892648613526428,0.003981575288599298,0.005639242361146129,-0.011389146319875804,-0.013692165354158342,-0.018679560264103348,-0.01343509342263065,-0.01627783778172949,-0.012552611797691206,-0.015961310100327853,-0.015367118475404312,-0.01306425226452479,-0.002432817633287621,-0.026781097330387048,-0.010808867444697614,-0.004994170340256916,-0.017427278796367778,0.008555065618979452
2023-08-03,-0.007348634088286234,-0.0025680727912871606,0.005541634512772133,0.013860969150018887,0.03416065239630408,0.004286972652015074,-0.00995045232599541,0.00011878462649696877,0.0002837869234299313,-0.002211766505847872,0.006094811965550896,0.0070285887982637464,0.005850306527671215,0.00889895940738626,-0.0021617708528712536,0.017231253818772777,-0.00037589569084855296,-0.0052041837324700675,0.012608671056041711,0.008834877948923243,0.005444917932495522,0.0041010522369972395,0.004822372128402364,0.01045600708144901,0.001956354310831656
2023-08-04,-0.049211137484954925,0.003422728688775638,0.0036998505589392635,0.011304456819079094,0.023322873597731025,-0.009420645465932931,0.0005714201728688486,-0.004227891532550033,-0.006928553916173914,-0.00889551588684253,-0.0021127937598652865,-0.003508184629623637,0.00016971873567150754,-0.006666920005238843,0.0006565227719133742,0.0027965425150031876,-0.002257269310909083,-0.011193754344349948,-0.014455985054971962,-0.00536118255952567,0.07945180513430172,-0.010422347433719538,-0.013839921881446183,0.0015636263541038285,-0.01625575718461026
2023-08-07,-0.017404360294726445,0.007083261235264104,0.01636040511984079,0.002557815105348732,0.008511403104213876,0.023734029246588247,0.018670914807165803,0.015807432493064696,0.010327573458607882,0.01744669575562511,0.004731583136873387,0.018360692542474785,0.006602988619481175,0.004671551879805341,0.002621879687165159,-0.002050058874268914,0.003634147925094336,0.006748698428906948,-0.016859275666195737,0.005188834906477538,0.018808843040995626,0.008358782271544376,0.015144826338347253,0.015231239913439804,0.010473299574414511
2023-08-08,0.005297569154828602,-0.012375240221002996,-0.016718568879369112,-0.005978591933921757,-0.031127484293962185,0.00046196507562244206,-0.0011218209758344707,-0.00960078818421283,0.003011716732215853,-0.004734137381730716,-0.005629541522996121,-0.019319514877515976,-0.020744692882624483,-0.012955366335017171,-0.01472706272707987,0.004931886061529487,-0.0015022802259053538,0.009649239647913014,0.006014705892222688,0.009272015533156838,-0.016161386274731373,-0.004140049033048724,-0.006265445873905408,-0.007176413496188199,-0.010274688293712834
2023-08-09,-0.00899471946482546,-0.011785044513990003,-0.04839396105854904,-0.021357289989759085,-0.024677176038710277,-0.0006352330931192836,0.005596312642471221,-0.007440615040077356,-0.0029173554898243746,0.007656749348334073,-0.013498457310835371,-0.013198433104269013,-0.016123083687859308,-0.017233840463731203,-0.016071853903924675,0.01684424821272297,0.001314484420132273,0.007326923865476536,0.018595642418198527,0.016946692313285744,-0.01504759501753799,0.001219289433043245,-0.004672694436102895,0.0,-0.007775792392905662
2023-08-10,-0.0012353403663308965,0.002170010727518528,-0.003908561543465605,0.011601092242728255,-0.0021748795051453446,-0.005213877534151605,-0.0033539277630258075,0.0027247669253534683,-0.0050078687543567415,0.0044340471677418985,-0.001496543831784579,0.0025890712187649203,-0.006704919941986173,-0.0011443813412211322,-0.002253026033103831,0.005098435032342561,0.006049647881244096,-0.0052526812361795485,0.0018329994799693508,-0.009963749349684966,0.005137245447970533,0.003619208307086143,-0.0021880552485668238,-0.006035232148049566,0.022582326888874703
2023-08-11,0.00033748074851972106,-0.005963457368028741,-0.036836098980902274,0.006037029145211948,-0.024427326822208464,0.009710641617526387,0.008918661513223475,0.008957109503390338,0.017558416935853638,0.004874506711608372,0.005779069900803666,0.011248635332745543,0.0009689662633534142,0.001372859381166744,0.00517384338671395,0.015409159024802102,0.020432547739133975,0.016949467432212376,0.009719887124130145,0.012313542734624738,-0.0010831058272496987,0.005177716086636157,0.003540073717085951,-0.008658779806260297,-0.006612450553106442
2023-08-14,0.009349321905894417,0.009394868829850264,0.06853088063179591,0.022390154111931293,0.040178518291804466,-0.002361091531940629,0.0008320704505661245,0.0057313825924886225,0.013589311728747167,0.000591160919788011,0.0020696659641398292,-0.011571836754048168,-0.008813938966418274,0.00022879677896076893,-0.010601043281335919,0.0008045036461732727,-0.0007312602352291649,-0.0010190474099850556,-0.0064440488141528605,-0.002181767765385229,0.015485316080358403,-0.0035091521418014414,0.0006581469126548439,-0.00417182785903293,0.00019799818983715913
2023-08-15,-0.011263597475864315,-0.006750274902929846,0.0042649163770606974,-0.02583537322817625,-0.005641933898792573,-0.0028871669248208636,-0.019032223054090643,-0.008333190938326521,-0.002298101826710297,-0.0009856833804341694,-0.02578683723791408,-0.032531248922089986,-0.016509091275788798,-0.023361767545861133,-0.020387794894548384,-0.026008749560042718,-0.029636769353834296,-0.01435397628890817,-0.017957625516118573,-0.020195870789941905,-0.020846133672850414,0.006615360813245933,-0.0017674186242653685,-0.010177990144019983,-0.00964945510573854
2023-08-16,-0.004971339755653827,-0.002431564982724679,-0.010386158175252494,-0.03631445819872397,-0.03807539652006441,-0.0031851088638845683,0.0025398883586767902,-0.006196445578165473,0.0006438879557830104,-0.0037539726211898183,-0.004252095336917146,-0.021949284114846163,-0.009375217304086204,-0.012007380424106444,-0.01327918008714117,-0.016970241896124682,-0.0038379367657470674,-0.007560343346392043,-0.004190196351401348,-0.00964704541150086,-0.019066286976507706,0.0026758644002641313,-0.010109878014287737,-0.0001875909463669848,-0.010652196286822794
2023-08-17,-0.014662144875609672,-0.011047023938401406,-0.0032707293252359536,-0.028741820861836822,-0.025990216272775746,0.009353196092277496,0.028616869389679535,-0.019248228913630983,0.0017459030900022307,-0.010147024062866354,-0.010440974844029284,-0.00034141152342666547,-0.004842932176291159,0.005904152114495227,-0.00423058856451652,0.01918669598577732,0.016600032234930194,0.018066633628319204,0.008748294945167311,0.0020751285866542563,-0.008102713606702033,-0.017416635543607038,-0.012481166018258692,-0.013990186920026352,-0.024649771635791955
2023-08-18,0.0028122535321712817,-0.001263189867332954,-0.0010388100620447789,0.005204193043530186,0.009624110777364513,-0.008773443760018798,0.004100149106309437,0.00902863611614043,0.00256739061569123,0.000799480134185634,0.0022848276707083635,-0.005822884947033471,-0.00793934374628062,0.0007060125493771342,-0.004957875437393372,0.015015921640373263,0.007173043016575593,0.004786101365865231,0.006913747341703731,0.002415400466415303,-0.005688597043229265,0.00027508147902091315,-0.0004259811136599123,-0.002287319603660323,0.006811434980741877
2023-08-21,0.007706991997504505,0.016918823325926924,0.08131568457208749,0.01183812331786593,0.02592932550996522,-0.030251819820952583,0.009501958316910713,-0.0015259634187311953,0.004021254616468613,0.00013340839440616263,0.003417482905565568,0.001373123437003449,-0.008871890399387784,-0.00023528213705777161,-0.0042694285251393,-0.012160215284863574,-0.0033618231403395016,-0.0006824285830940002,-0.0019924485639108334,-0.01021916928487957,0.010899633762398327,-0.010162386529907579,-0.0060522173428729465,-0.018780439147200505,-0.007951072060831581
2023-08-22,0.007873588542883782,0.0018003167726497859,-0.02804730692170009,-0.007572359341128456,-0.023939777098876014,-0.007979145694350263,-0.004604001165064418,-0.010787847579906683,-0.022226250422673295,-0.012868881205131025,-0.02095663641352297,-0.024658291108414422,-0.01020519576056941,-0.023575312513505624,-0.025275079621147823,-0.0056270424236491015,-0.008265626261691441,-0.00908466142730752,-0.008705225428721979,-0.01809448770529171,-0.003197806521519639,0.0012950351897236777,0.0009638424022734338,-0.013704345833675325,-0.004051344580034977
2023-08-23,0.02171173892834906,0.013981055596652896,0.031215054327967767,0.03260350181706171,0.03505865182358548,-0.009015434349608836,-0.004897957151846346,-0.0059075289492321326,0.0372531548894127,-0.007855916911639794,0.0067405092732616394,0.00035156552185357893,0.011042957505769587,0.0026470399718838905,0.0014615220352827212,-0.008827105952364099,0.001319882281006977,-0.002931459127287772,-0.002711933935700644,0.025898256523756078,0.009415529041193322,0.0049497749759710085,0.005549903997531943,-0.02707297370490563,-0.00930721861846891
2023-08-24,-0.026519102990864248,-0.021732900276918966,0.000996866985514393,-0.04176660696843375,-0.07227494412473152,0.003397805348426685,-0.013732803998313836,-0.0027416748622508006,-0.016761560007041352,-0.0030642342026921585,-0.0009505797858507909,0.00595756612715014,-0.007379815909661095,-0.0043352199658605395,0.0,-0.007494104149563925,-0.008260211007332692,-0.008759516420478538,-0.02522031439298368,-0.019184419784110354,-0.027530224045928062,-0.010791243631708684,0.001701245197278166,-0.011406594686628383,-0.0036840894457534435
2023-08-25,0.012563868971417513,0.009363160886561162,-0.024577108627716605,0.020049162223010626,0.004410660828514809,0.014236011510906829,0.006065739640411904,0.00208762743466516,0.006919962270188798,0.00040906164923130414,-0.0012232352675362887,-0.0042018054183426785,0.0005937456859257532,-0.004839078596315366,0.0038872490601258598,0.017707953310081646,0.007443351547238229,0.014871369190207984,0.011077774806711608,-0.005827857616048387,0.010713027528748599,0.00083670326799349,0.007866995626739249,0.012317542609976532,0.006831223174918944
2023-08-28,0.008807328581426768,0.0022268125616061963,0.01759821452962339,0.011066390890291574,0.0035146048994724108,-0.011859214801979445,-0.00468379332033154,0.004406311438759805,-0.011682118609008585,0.005031953197145119,0.0034622476471070605,0.009081487852100636,0.018015743822803965,0.015642140342089876,0.0019380728732300853,0.008371204834632561,0.006827096221975334,0.008545587589546459,0.0026718522253013598,0.02397528678226179,-0.0009008643247144191,0.00940234185176783,-0.0031674020658973992,0.007960821661406693,0.016206213538821356
2023-08-29,0.021575700900636378,0.014445730389704094,0.04077147777408559,0.02031574035556237,0.03174867507916677,0.00012167842189293348,-0.001658267943504389,0.0031501087190369706,0.009683949045624442,0.001084659411275762,0.008099277431621327,0.014155227156938394,0.019984882202279307,0.0028613302386931968,0.009634022679978246,0.00593688122737251,-0.0015617989749410167,0.0011907092658814979,0.0033691367121434653,0.006721296505513293,0.013206715007284348,0.0105909150710261,-0.0003173615184336409,0.02125205046686461,0.0215106058993498
2023-08-30,0.01899078769137072,0.0011562150442998597,0.009791214381469517,0.006391656463058661,0.00630558944252494,-0.0035362054490136506,-0.006939700846345905,-0.002641323269441754,0.0019981695633839074,0.0049341601973835235,-0.004041384190551067,-0.004466438683409242,-0.0037061027089723454,-0.01101298312622155,-0.00842459423980716,0.009697024963383018,0.0013743590709190373,0.00880020642087499,-0.0006260906420116814,0.013308426286205776,0.00118530020246871,0.010153188316955459,0.0022894649342298286,0.003237413680619928,0.000907327809861159
2023-08-31,0.001171716619776457,-0.0031375901281003107,0.0018455277217688246,0.017511641806378774,-0.00819556306141942,-0.012599724226652158,-0.014590667757401447,-0.030887412491176915,-0.01122315453675531,-0.009211491545632357,-0.012428321922772842,-0.0045241185232835785,-0.0026513246829618685,-0.006036342832814542,-0.0019358283457187218,0.0027919230147531787,0.005727066498503603,0.0027762249958932375,0.006630543127093524,-0.0006780602239217855,0.021532889699268778,-0.0009984415904377244,-0.005568870482175715,-0.003827133273156695,-0.018304341540449954
2023-09-01,0.008427916948365052,0.0027422381300378834,-0.017289762101241616,0.040981377717157236,0.03467369480354951,-0.0074495394267770736,0.011242292179019934,-0.0007136731643416636,0.007860345089509894,0.00840197066589696,0.0033428792972855503,0.010754538338917615,-0.0009463228260914387,0.008681032464989604,0.00723946712182728,0.0207384820312432,0.019668538084382996,0.025792316509613777,0.01818224357201087,0.019483402770208637,0.0007967306725371615,0.008381243510488167,-0.0007470991538718241,0.00971901865176092,0.005730548801170986
2023-09-05,0.0012657576031608678,0.01476891009442664,0.0008036806107559379,0.0027276460525384226,0.012078445499586952,0.0012453819384598676,-0.011242292179019935,0.009550372010210936,-0.021440869135427833,-0.01427120736876476,-0.011095208623735382,-0.011452502087648454,-0.011211084677413097,-0.0026446896321748693,-0.005545587682224742,8.804883458991102e-05,0.013061032199943541,0.005633426770889445,0.0182326075805877,0.0056626804761555445,-0.006173016781758742,-0.016039902080511065,-0.006355998887830944,-0.020130912751437913,-0.011907216142329004
2023-09-06,-0.03644967164879981,-0.002010709740602739,-0.031026060284469494,0.007327968824356251,-0.013632856933729268,-0.01675650123697959,-0.028962716608916337,-0.008081691102197133,-0.009532952960589678,-0.003359455839979129,-0.0016542132850452757,-0.00911649671811977,-0.008125623549048633,-0.012597007103362758,0.00024194890611624174,0.008595094621386579,0.001020947676194529,0.00195197034063587,-0.002026153082740675,0.013035433948478928,-0.014011920021062172,-0.005445395908067391,-0.013415243388876681,-0.0013966236280720484,-0.009233041198870749
2023-09-07,-0.029685468608772147,-0.008962167511923297,-0.017577794302433766,0.03193468744023208,-0.02492372030798797,0.012703017996560588,-0.0026217625878938063,0.016366489140119376,0.013524546279362695,0.02241005325394936,-0.008590861512228177,-0.009200228242207793,0.0025812855949919984,-0.014487517600187192,-0.01559136166595727,-0.004902422549504103,5.996331226075088e-05,-0.011112157180867025,-0.011863840399028953,-0.0027906980532537277,0.018228281379293984,0.007395998402586451,0.010437592245254026,-0.022715581363404083,-0.008898261725720459
2023-09-08,0.0034855527766840693,0.01312910655686642,-0.014573293084463755,-0.004462596872562476,-0.004701908391788961,0.003306378772720899,-0.0008758641265097496,-0.0044826811841739145,0.010230928661330413,0.0007385676759962043,0.0007649780828412176,0.00814301714328147,0.010996538229856717,0.013999913852336432,-0.003442965040586849,0.014462627809708925,0.0034147228533118797,0.008264250393734848,0.008930006829428525,-0.010909315530397888,0.0027527518216119884,0.000882345512738093,0.0031926421608976527,-0.0026585660813156827,0.001891005577050948
2023-09-11,0.006600712531539067,0.010919448149636237,-0.008683287426079324,0.015143952597692734,-0.0072844242217829785,0.012994368460124068,-0.009092178094275321,-0.002895433581976217,-0.004135006330946937,0.0001339599382856896,0.004370847943215507,0.00422236840407837,-0.0026760825425265924,0.008016589777161538,0.0,-0.0126212470847615,-0.02084859837978775,-0.018753796474061446,-0.0194757914548067,0.009922414061088982,0.03462479564658769,-0.0010347369233986818,0.0019320323984654633,-0.009050720346811517,0.004084952506118305
2023-09-12,-0.017207858535081735,-0.018426484819144228,-0.006840828971785241,0.006972411036546249,-9.497352104072986e-05,0.0056401313781870915,0.006168453428499468,0.001084152043871894,0.0038598603927134153,0.0015420653489093931,0.012929773906600444,0.017058758577000524,0.019068670781168983,0.028856057570354383,0.026499495852535963,0.028751992839164953,0.0184534151932444,0.02168291078626306,0.029669995975538224,0.021649760460011686,-0.013153992385327589,-0.006385170787626486,0.003389852542245213,-0.005075407510930234,0.005940289045299242
2023-09-13,-0.011925568459218766,0.01284755199796618,0.01361327438634645,-0.0038676028872742098,0.022534063653287032,0.002503155846874522,-0.002051882537571383,-0.00012514775984761632,-0.011161082707179493,0.012582114557450164,0.00047834879567017793,-0.003111608440215111,0.012254446465386693,-0.0068402595629574,0.0164192591069986,-0.008977049505152783,-0.0036634799189996206,-0.006275597300653181,-0.008839096848649985,-0.0241210818866564,0.02530902952298205,-0.0012266912673349216,0.00376880727154572,-0.0017667776936541903,0.007143932814078417
2023-09-14,0.008744111823668336,0.007825294807102411,0.002108425488352785,-0.0010339321918196942,-0.010077549590723007,-0.0015255199419700973,0.0020518825375714558,0.007805469549823376,0.010774866821116164,0.01627307784783779,0.01921174259315066,0.011019515525358759,0.028226486737429297,0.018757663322532474,0.018009961195818935,0.017705636316287746,0.006178373418922634,0.017746792506782395,0.01308095315130201,0.016036917113873055,-0.0008979168301894522,0.011441692718889854,0.010556283978441657,0.010966359095100358,0.0023700702916226255
2023-09-15,-0.004162594857667944,-0.025355691624428824,-0.037576715092949256,-0.02064083047009365,-0.04940462185997977,-0.014084372435946728,-0.002345465141028626,0.0063898814256915445,-0.006674011111357068,-0.009942348514057177,-0.0029523443295825973,-0.012405418055378205,-0.005908917158528295,-0.0023253790892159283,-0.010017589278497878,-0.015475167276961493,-0.004374961342064567,-0.007498011163363915,-0.018588768819841787,-0.016697067672357364,-0.03037658988565322,-0.025284293810870117,-0.023199030962940376,-0.009614856187003633,-0.009617946313929853
2023-09-18,0.01677201750477012,-0.0035189475498602495,0.00150216507502162,0.0028997508982214946,0.008633477349582544,0.006297817226287053,-0.012701436024790114,-0.001315875804269388,0.0027862531027675447,0.011893379526675588,0.002080994817799514,-0.00277772164962598,0.0022745852492619466,0.011113801856583873,-0.0016401004309243203,0.008022634299384105,0.004314904733357782,0.0073374421915129275,-0.0022719850836337586,0.010345855220540498,-0.0029247348968620985,-0.01296481100382664,-0.0018346551869395508,-0.007822115911249684,0.005492390794211756
2023-09-19,0.006161834704315747,-0.001246692123940775,-0.010195960533112749,-0.04440386372035207,-0.007451766257033664,-0.0016630492275192348,0.010350654136840422,-0.011171857416120475,-0.004275563253693983,-0.0029274831440590484,-0.0012750541393221268,-0.003832186544172367,-0.004173623407300483,-0.0048471205560720754,0.0009377374968983849,-0.0026386445997879614,-0.0001194126019316097,-0.010660800928270077,-0.02208002928795205,-0.012824869783370956,-0.016930564270193287,-0.00838792746600495,0.0014751133517236835,-0.009362076023085659,-0.015308624254617693
2023-09-20,-0.020194807702866698,-0.02426900042382111,-0.029876476412969106,-0.04646766942595903,-0.012577578945493745,0.0043676801740556,-0.010945256375215892,0.02358279115320955,-0.0004658117950138465,0.0007816318028055123,-0.004239164762094807,-0.0034965053227067272,-0.015296953399174617,-0.008131302056959732,-0.008943476895628907,-0.007957896070338658,-0.0030549974272948105,-0.016289892398373845,-0.02750661145434574,-0.010647185099290251,-0.01714838747973992,-0.011991121369186277,-0.0033492096519612048,-0.0061486173924829015,-0.0013652524002548024
2023-09-21,-0.00892924179119698,-0.003873255192436182,-0.02935733611574222,-0.001153705176275486,-0.043071007373357235,-0.007702403991754946,-0.02316936678875687,0.018142520517544752,-0.0054196119369532775,-0.0011727864564555484,-0.0078525125164753,-0.01766822294806227,-0.019372567846718293,-0.012912317044306777,-0.01404598717908198,-0.014189614497571222,-0.009039398282436778,-0.01748290290722099,-0.023460323302234274,-0.01635662337139495,-0.04505328140436448,-0.013276920515299174,-0.02180905542951987,-0.026398093217969373,-0.02188553223358944
2023-09-22,0.004932326990441293,-0.007917890734615324,0.014353836395892284,-0.013657056954240625,0.0009359507628611127,-0.007201517921588725,-0.00488255004022797,0.009848775616002321,-0.003660681640537133,-0.0045069996031525394,-0.009629062756784218,-0.014724580451855726,-0.007141554299387308,-0.02609361082046832,-0.01912224347963065,0.0015672459789755476,0.006576746732298823,0.0007556509745965694,0.00024475994533295573,0.00373330989691793,-0.0016251248796010811,-0.0033631827114246923,0.0036803654513808755,-0.0081123011511741,0.006210640821339663
2023-09-25,0.00735326126739943,0.0016703428968131168,0.014600977282693219,0.0032130331595953514,0.01219149660116241,-0.001496342482623819,0.008832071004139009,0.008225183430941115,-0.004713102248024605,0.012427009155899092,0.00492845061936255,-0.0014483428593599715,0.0028930028743574415,0.007972046970853222,0.00244099790924617,0.011160727679872959,0.014507990321395261,0.015901796151192537,0.02441015057281289,0.013459024464759545,0.01651413665688319,0.0024824150352154876,-0.009003651352432336,-0.0027556250668910997,-0.010085048771069291
2023-09-26,-0.02367649342223248,-0.017151760322955335,-0.007393105910867445,-0.013505600762364438,-0.014689394118993265,-0.007767715850955406,-0.017742774068731284,-0.009510473602942904,-0.004260586492889656,-0.004796358244707462,-0.010433133930741858,-0.015702356074743393,-0.015383545650421349,-0.022139246781990467,-0.019695546647437587,0.0015474398528006214,-0.005408277882259411,-0.007711392986997817,0.009741413886561221,-0.011935772531126503,-0.04113311252209692,-0.012971355809393336,-0.007665084730759452,-0.004757503411692761,-0.00801104394906659
2023-09-27,-0.008937365877283124,0.002080124695366437,0.01320233190055928,0.022794698870485765,0.02175007786163785,-0.012083906148917781,-0.009302484914041422,-0.003408591700634746,-0.013854074632060507,-0.0050806254845124355,0.005847687201618515,0.0036738459454975984,-0.005791410749694992,0.005152581086050527,0.0059496142162226975,0.03203857020326085,0.019124574780375953,0.029264850954405383,0.02283012630089791,0.027851305669556962,0.0,-0.0023827261292313877,-0.015357126228910112,-0.008352359744809,-0.009062890998161943
2023-09-28,0.0015245734935496167,0.0027137268930917694,0.014517012293565215,0.016334958609543686,0.04671468673781068,-0.0014647260734617902,-0.00031148519317449963,0.01256637481062703,0.0034577403602400886,-0.005763423067433913,0.012339479542334495,0.010578287345685613,0.01004405540873489,0.0012228356883401475,0.018124407476070713,-0.0060917009557828455,-0.0026343091824969677,-0.003010394002879328,-0.002622724576009054,0.002299944148368005,0.0,0.0055176813286918905,0.007368917684487903,0.002345772937924821,-0.0009875912903328625
2023-09-29,0.0030418310114834982,0.006705035077007705,0.009470210616217913,0.010462335347565617,0.0005836906290763782,-0.007229097306108161,0.03310111248326219,-0.011653579685161963,-0.013028099023205559,-0.0211750862533267,-0.01756652746335391,-0.006552785216608004,-0.00502490234266327,-0.0012228356883400712,-0.0017004629949220458,-0.01594628307698432,-0.01161536378004247,-0.02408167288999714,-0.021153503611583246,-0.044287744341567674,0.009008352994332959,-0.004391866253476451,-0.008127947265681352,0.06469194081767464,0.002083900950453363
2023-10-02,0.014726505341431719,0.018979432458109673,0.029068345753387268,-0.002534871386664626,0.004367001517634635,-0.0038597638136144965,0.022948527493225443,0.02037844387712763,-0.0038928662222302486,-0.005448912937139237,-0.008656703487248826,-0.02514903002223928,-0.015793065703190324,-0.031069778516928853,-0.015436013059262559,-0.01672359353671411,-0.01241213236789373,-0.022795508932194553,-0.024759682588238484,-0.006193982245345235,0.018240461143240468,-0.007741178932064809,-0.021835587206630598,-0.011147594602683974,-0.0015350988837240253
2023-10-03,-0.007800149999581517,-0.026481782424149992,-0.028654654597192183,0.006465204585429183,-0.031377000722369104,0.0012237917802899476,-0.0011791033265322582,-0.009960734182906885,-0.007635089901616208,-0.0055464709231444415,-0.007400161667706731,-0.03003459695903558,-0.03964518657663443,-0.02401791410999613,-0.015928661431146893,0.0017282867157356135,0.0023389003220929704,0.004260805862276438,0.004679213763770675,0.011497305747632521,-0.0373007704408456,-0.026667216648393686,-0.012728563469559272,0.005589288646929879,-0.01827177332457444
2023-10-04,0.007282022686689659,0.01761723704678063,0.011969224494794492,0.006702105483045166,0.03909386226279381,0.0011580240675470536,-0.0175574927012062,0.0022546380632362767,0.0039226439195505,0.0017620172635963627,0.004474353490449657,0.0011571209920571359,0.008068784198805513,0.007728278985417366,-0.001254857774396464,-0.03809909267155317,-0.023578949686583802,-0.03698497432594958,-0.04007107732545459,-0.0485939930004734,0.018115851921521226,0.0015404873304121812,0.005173485956425106,0.008377787011591422,0.0184913704454955
2023-10-05,0.0071720103746104385,0.0012533743331124528,0.014584022676870893,-0.0011139749478344704,-0.011208891283805391,0.010362832808496949,0.004791955495527338,0.010926799519467826,0.01389926464811834,-0.0016261567884479473,0.004207819144925732,0.004615374503241688,0.006137809126758594,0.008432325395314461,0.0017566925664199327,-0.0227684877105929,0.005260962671977288,0.0007937130574710664,-0.007568666485524125,-0.007731765964570895,-0.008222697494164894,-0.0023628886527216424,-0.014093595618454254,-0.0010430371109926171,0.013295891284998121
2023-10-06,0.014642955486838824,0.02443597538976558,0.02374913549554667,0.008324291843004988,0.041214438014114174,0.003176770276117808,-0.01021031085163693,0.016483789541173563,0.0026989122663037698,0.005343275792807327,0.015277936363903446,0.00038360934050559386,0.0063566431169953565,0.009874726934720251,0.01715382087228191,-0.016839835930578525,-0.010241535066840175,0.01669983340224634,0.018567079902882953,0.005400584104130589,0.015753318962097584,0.0038320255874640494,-0.016025968886792467,0.01368586564469116,0.005182822023103355
2023-10-09,0.008415559897865327,0.007791950509489784,-0.010743153235617614,-0.0035984985427491346,-0.0025208607179887416,0.00569291967993433,0.0021106581263078735,0.0032341477453306485,0.005950784342770958,0.0058517002395584135,-0.0022766740532933114,0.00916383143922098,0.00041588352964769856,0.00025187845000364603,0.004181608387577383,0.03439285705290459,0.027300605845072573,0.054746914231211745,0.05293257860889935,0.04459223993405003,0.0023417029658428425,0.008637079362452721,0.006825301305763143,-0.002371304592402574,-0.0018326073435090261
2023-10-10,-0.0033576782282628975,-0.004344991634424815,0.011529473734990388,0.01020820600258308,0.018891208007234515,-0.0011359526138542738,-0.0009042342356853502,-0.004320671929082397,-0.0085532439290946,-0.0014763374811623217,0.006059908278674822,0.026258135067867172,0.006885955151757201,0.0030180106725128265,0.01703607727290805,-0.004246210233693949,-0.001079984085718911,-0.011807994285739979,-0.004174196285898566,0.0065035267836172595,0.00946698516860395,0.012984111903613852,0.006381781121081055,0.007609374494743124,0.005380432024526753
2023-10-11,0.007872927356448196,0.012197322566398612,0.021770937614948246,0.01227686344586882,-0.006442177430180952,-0.013861567408237074,-0.0018101820722496024,-0.00020983649219348053,-0.0014487250436126136,0.0030175668460387037,0.0034270377769583366,0.00037026962862367384,-0.005575517819613392,-0.003269889122516326,0.0021693461274993114,-0.03651185690873959,-0.03321027814048074,-0.0029115555271785835,0.005195224303547963,0.002385374159841594,0.017986831598422272,-0.003917800575648364,-0.002388373575377672,0.01049586903293423,-0.01328824258715657
2023-10-12,0.005048420758239726,-0.0037976551435021278,0.002965503051579293,-0.001085264148503124,0.004421963541805189,0.0009597845567136668,-0.00575507783044202,0.0026864373851773465,0.0012556510623043795,0.0029715777244964763,-0.0023290101370288716,-0.004451178717165027,-0.010178479336588464,0.0012592686325381037,0.0,-0.00018774874715711125,0.0008066130472630103,0.00887420815050264,0.012406195973124116,-0.0066593446429656636,0.003785588962598881,-0.017020555887340805,-0.019030572815400184,0.006063571530270692,-0.00578062389181189
2023-10-13,-0.010346163502746962,-0.010411630550085418,-0.03212206466145414,-0.02389888826400984,-0.034602335818396515,0.003320984677336612,-0.024912909536093465,0.02603111366331709,0.004046269892709431,-0.0022952951156411335,0.014907932867526402,-0.005217942458067252,-0.001776813867072203,0.030237567633099982,-0.0024107863917941794,0.03143465393952276,0.017400354344814576,0.03049394541870809,0.037142681809980864,0.010057399135911431,-0.019381108651019514,-0.003760873978771134,0.008574325374103737,0.006628048803336066,0.0006561135601697122
2023-10-16,-0.0007270449906038758,0.014870831082822946,0.013849822065475805,0.016269517339032227,0.012952228114738876,0.004325873809781267,0.03548861630432858,-0.0025430020647562042,0.0012490946996918748,-0.004946214460952799,-0.0010138944468161975,0.008558276535217105,0.016322983985550318,0.01670532085765748,-0.011653270866531245,0.0007277852061491465,0.00813454810076223,0.003597572293676901,0.00760173327777139,0.008276366669656324,0.021042247787508333,0.018362765390408178,0.006542915019955514,0.02109502251630286,0.023443918237203692
2023-10-17,-0.008823622511452129,-0.001745172392813257,-0.04792497528810918,-0.013770434374971035,-0.012476529558710365,-0.009183356503941408,-0.015753194863708544,-0.0025683956515116305,0.00028806774639859487,0.01315763549849515,-0.002166911657396883,0.023073572291728805,-0.01612881766905486,0.00789197331577972,0.006086507291366813,0.013011782074047303,0.013153608332513184,0.001196254875564151,0.002012670391583065,0.013200912267499573,-0.008181257764936053,-0.004685941480979765,0.004789718991083903,0.009461222323172097,0.005643450004527599
2023-10-18,-0.007422195666730011,-0.005889904966142192,-0.04045423095235847,-0.011715686152803285,-0.028654714904484985,-0.021760988736562806,-0.04177667233756946,-0.001100101921109885,-0.021149373677803698,0.0006704121022049222,-0.011041443637222342,-0.011287161425321773,-0.02421099887514274,-0.010777187861777456,-0.01787738426312593,0.013907618991750727,0.007904638189012872,0.008966580710703819,0.010812288622149625,0.005793379539709708,-0.025733286363791553,-0.019448506973074837,0.019283983651595872,0.007350757207538097,-0.004575983352626383
2023-10-19,-0.0021633763423269782,0.0036587549922572136,-0.0022538207302641973,0.0008412931608615126,0.0022486528248833863,-0.0026879489550096338,-0.00702875813871438,-0.008298115858898098,-0.015413824857607237,-0.02551045466182702,-0.004258302026734285,-0.012898716584702458,-0.009215746142131668,-0.008463498416766888,-0.010182562678002164,0.0006196552999912912,0.0010652784367555746,-0.0016603221480287825,0.003456191913822034,-0.01028552419155305,0.00210493209093831,-0.012027650330036282,0.009136819033232442,-0.00696261123502091,0.007121207096413046
2023-10-20,-0.014813272272554487,-0.014134053199197074,-0.01710476059395745,-0.021250401512999655,-0.005778420367488369,0.004454239536534339,-0.01746482577572405,-0.008690152070526085,0.022058948401507007,0.004867322467917071,-0.01623675381512771,-0.02440525433818029,0.0028700798599385984,-0.022345744442022707,-0.009531194166440287,-0.01731402809122549,-0.013514920284406394,-0.018527791893325526,-0.022267809830028,-0.0297872231878678,-0.0254775450093018,-0.001256000700876318,-0.0010456124764176699,-0.003694304156027733,-0.0024390181325594116
2023-10-23,0.0006936840088360513,0.008079551702540216,0.0376518391473409,-0.03112062618863428,-0.017838104790486836,-0.01057849016504286,0.006179851058883095,-0.010414154357900928,0.00660125721381533,-0.010310683743428382,-0.013735042295567226,-0.028529259734993345,-0.002769927529997873,-0.019812574738090692,-0.02011021788772393,-0.01478302635994081,-0.03756083289568609,-0.022168855613644255,-0.012005998674993131,0.010764545103918069,0.011043686017449744,-0.004689698114453258,-0.013103040259983911,0.0013626190344405006,0.00010619433279322694
2023-10-24,0.002540229781536488,0.003667514876682257,0.015882417919683017,0.02162579415082201,0.016462053928692905,-0.0010574310281471165,-0.013383670627236416,0.006554868391034707,-0.0031009805109199224,0.010857480149561043,0.001204850441705229,-0.0039184981936743165,-0.00013375476548307646,-0.0050788014893254465,0.0010281133643590431,-0.009731891027982938,-0.025400684930738972,-0.011521585099920724,-0.01299811404246922,-0.03177061505874553,0.015679217710014463,-0.006193301918707497,0.009843419529773438,0.02279053764197305,0.004448805883662164
2023-10-25,-0.013583553833471446,0.030216829895245677,-0.044107407563490866,-0.0522219009987081,-0.05675928545603851,0.0022457601472427586,0.009810510770668504,0.009874978640364011,0.005806651784458466,-0.007202564834805696,-0.0054691476813458805,0.003136041841724245,-0.00812170673585806,-0.006385069263578465,-0.008253798453352747,0.0018433930351356646,-0.004991715234814344,0.0038276988694012967,-0.0016174805629448918,-0.006688839781529387,-0.057387204557163146,-0.008436032080567847,0.0029496738594181845,-0.015715108128468696,-0.0065741460491867965
2023-10-26,-0.024913313188102925,-0.03823623150932019,-0.035397209548767385,-0.00948758415395013,-0.025195023148139473,-0.01710143709285959,0.013895815314214,-0.0034954144668654396,0.018358041030140503,-0.0004130054499239819,0.002560782716690967,0.02206396009767478,0.0007748409247114013,0.01576049476725248,0.01873069904759918,-0.009158697050974189,-0.00721132642279906,-0.017594359200826064,-0.013893884534996705,-0.013334792013772084,-0.015106526502479031,-0.010484161925018123,-0.008562669271401799,-0.03458782586917256,-0.014250043191053193
2023-10-27,0.007937807326166604,0.00583865368356559,0.004305534689049141,0.0888036648960106,0.029039412013923745,-0.023083154723207277,-0.03427785669767337,-0.00702751399251135,-0.02620494470861781,-0.04414174516337061,-0.03668366595226385,-0.03704847532839374,-0.024127755187234843,-0.022702371222934854,-0.028359750596187668,-0.019235716320347443,-0.0695699588233839,-0.004319947136276602,-0.015358921776784967,-0.0007162228573300523,0.06609496003096173,-0.005555375907339103,-0.0002736155330505445,-0.02060676846410353,-0.007038831244543091
2023-10-30,0.012229941121247959,0.022485584210304353,0.016189315589256157,0.004211522963935107,-0.002595920664550334,0.00977364501016898,0.014507365176196808,0.010107877736625904,-0.001362537752657354,0.021081936550544474,0.012669182323768112,0.020448975088852853,0.036974574387264154,0.017138488714390113,0.01788285000194122,0.0031212963808213007,0.01198195800795615,0.002881967742421016,-0.0042953413980230185,0.010157828282410792,0.03816941562949805,0.017995649188727123,0.017018773171818352,0.03824669023342059,0.01220526880972047
2023-10-31,0.0028149477504022954,0.0023689646731985758,-0.009299527190353481,0.022441755896346782,0.02383510915556163,0.008869976775779552,0.0003271843684540478,0.010454708040302898,0.00019470455894783823,-0.005016573501333482,0.011863609607778432,0.02498694934708231,0.009198743377097697,0.008585794907683419,0.014282537744087354,-0.0002831022103035925,-0.002467278384492733,0.005571109593084408,0.006356887302117229,-0.013207493001689864,0.0028592165427562357,0.011339346715362034,0.0077350849180310936,0.009483188168092856,-0.009817421565551517
2023-11-01,0.0185652585406757,0.023269798197049336,0.037186301964535304,0.021413031000372076,0.09244498922033811,0.0023570235780197594,-0.0016373599080252027,-0.0074214999069960146,0.0014594381117182345,0.009095622275906032,-0.0008634511847274599,0.0022753432426575316,0.011624782910580797,-0.004031078599360992,0.0027815200474559814,-0.0019860077691600995,-0.01208101381526564,-0.01809196007756169,-0.016209907791049128,0.003587044206571481,0.028955362245697565,0.006791254517896231,-0.0007632253321985321,-0.018561622625355864,-0.009695554366584733
2023-11-02,0.020482146180020512,0.006480473591208853,0.02752086451736669,0.010934898414798496,-0.0019456075234613348,0.010370322838522916,-0.0003279405964967938,0.008485190545979676,0.0,0.005529937525395314,0.017692110516592023,0.045176095987274276,0.021259592596554428,0.03134243194113053,0.04324342939488607,0.0323194802421998,0.03265970183246479,0.044835415537045314,0.03504145218788791,0.02649849686851707,0.007779930147075702,0.027188555647197167,0.018456505715754547,0.040790274189892985,0.0905719650338462
2023-11-03,-0.00519472450528231,0.012779610693237532,0.03387479542889606,0.011603407048271982,0.04017259674744357,0.007294777288528456,0.02461264832333338,-0.009802848992463012,0.005139896901453571,-0.012927001142121171,0.011110474685717783,0.028552815805985,0.043226056628225214,0.027031984400358856,0.03466879817277727,-0.012264425347590032,-0.007760582033593801,-0.018778708103794502,-0.003816221290256761,-0.008579298441618387,0.0038312748175106013,0.0036602681435047757,0.0038150571500879214,0.018667459534635826,0.026055006965120118
2023-11-06,0.014499675401036822,0.010517026786385952,0.016439821638450796,-0.001711297635681314,-0.004464293128685493,0.0023761404216578177,-0.0025622959707509493,0.004810287455259617,0.009243304540282625,-0.0015569116769255163,0.007524071327053708,-0.003171635660061948,-0.011388623492140431,-0.0067501649299489186,-0.005219545557939914,-0.017880198769411576,-0.0041412163727934555,-0.010746318438190822,-0.013669601994190725,-0.006881277979059061,0.008191461641482902,-0.0035242143965522974,0.00387504404286242,0.0017730379641582002,0.013354134013611798
2023-11-07,0.014347202033417598,0.011156927045913607,0.004449256548180668,0.021377226795522616,0.015097950832588148,-0.005287625221780169,0.0022424393553783888,0.008158709417639017,-0.003263904551627784,0.006775918665960737,-0.0004858805937539152,-0.006018836637522049,0.00012344362626180407,-0.007283368746201672,-0.0019049598206198272,-0.015803750184995642,-0.017776096799661387,-0.027556184613234825,-0.03035659014127125,-0.057387674378235526,0.021031053723631822,0.0006785589793033819,-0.0008928766568389945,0.01948263395779502,-0.003370070916310924
2023-11-08,0.005867758487554116,0.0073784990747809845,0.013379725752064748,-0.022168013922608407,0.0012332576773470055,-0.0036511530394238525,-0.013855516427979473,-0.002047880309156676,0.0038388532197759476,-0.0009148414240722851,0.004918116048473381,-0.009634309942947594,0.0018811027156720053,-0.0014632181149484209,-0.0033420701463742633,-0.012358901778513454,-0.014016384980565495,-0.0069656881603059545,-0.011728543491556572,-0.007528705384839986,-0.004424354026475328,0.0038939287309929208,-0.004401680786855514,0.0002742401761879363,0.005962104133996314
2023-11-09,-0.0026280728713443838,-0.006934690360694214,0.008040737821942569,-0.0031695190956040997,-0.000880733513638422,-0.019680540255998632,-0.02429802441779707,0.0042208174249394196,-0.01953830612310469,-0.028494881057496448,-0.0029757852785776066,-0.012991904730549536,-0.011714867676911163,-0.014254072081543905,-0.00768117975920493,0.00029129369838415094,-0.003235423208120629,-0.002624612369320287,0.0007421584019352389,-0.0035959091475163945,-0.010471269344291862,-0.027580266040506892,-0.002170575518022079,-0.022090559381597537,-0.01456613992555533
2023-11-10,0.022954584073675347,0.024591715979331356,0.029072749968756466,0.027656408643709374,0.04395742660630523,-0.0011538044798302363,-0.0067614665904125,0.004091704134493079,-0.009716977184097038,0.003976564740580387,0.014722186083032518,0.005433882006105328,0.014637708612081681,0.012055615948489824,0.013879281965081936,0.007643638526604923,0.007090469511895827,0.01270913179986429,0.011475427449432498,0.01056204025417869,0.02083402648617425,0.012839685330770607,0.0032915576698331604,-0.008352384319467136,0.020333764305716817
2023-11-13,-0.008620869437575028,-0.008121095014237367,0.0058788886454604235,-0.016344984453546988,-0.015294676966715992,0.002577263392660039,-0.01710623607350576,0.0025096117811190797,0.010595616077120744,0.00036081572832614474,-0.0044488678499412645,0.0007221941300274976,0.004291723427224545,-0.0029389449093049406,0.014626346208720956,0.010451152809036088,0.0073182012569745465,0.0028647457655172725,0.0029297184994149014,0.01304756223036966,-0.006779695661997966,-0.01214500050985574,0.005251560592812979,-0.018164374355373825,-0.007890798335389507
2023-11-14,0.014184788920611062,0.009742789480030841,0.02108430736736909,0.030399056943518347,0.026113761407803072,0.0002032177788364592,0.00961560880737787,-0.003896372696288697,-0.0029319381583746145,-0.004192391159956728,0.01808223306506814,0.0534210914252242,0.035488989379462904,0.03162598169589247,0.0381392666765221,0.0038429357794872204,0.007265385501918593,0.0015590077557222973,0.016601260165479484,0.006460604449518051,0.022262486894446033,0.05260622693168935,0.008470632011771213,0.014765859474292873,0.019990088633478988
2023-11-15,0.0030362404130145214,0.00040585278566666335,-0.015587191058319082,0.029994706892377446,-0.015806595071702605,0.007690838467313442,0.03128933071485908,-0.0038002458236472505,-0.008058076358996288,-0.003337363599948807,0.008719738139543584,0.013596325780688747,-0.0033121232293117646,0.017899583395441798,0.011653976525277254,-0.006059119038714473,0.0035096224842819388,-0.004423753521239547,-0.016519980711197514,-0.012404086658518347,-0.017993607290294027,0.01490640725887874,-0.004060051647380052,0.019385286052016202,0.004063792198460687
2023-11-16,0.009001624962155862,0.01743053147994097,0.012036594538470856,0.06529236763299255,0.015389462509196634,0.008698664307433188,-0.014009565744671415,0.002615517301270103,0.0062947783667824594,0.004929476383723768,0.011355046477726321,-0.0027044066807289492,-0.002758489655965404,-0.0072625146458489805,-0.004690235220248288,-0.011643905091030778,-0.015954322890192673,-0.0267834951032345,-0.01944504624469221,-0.02968353070228088,-0.002587108521031568,-0.005694291463291708,0.020970122817288064,-0.00194956377927503,0.011067443489385697
2023-11-17,-0.00010557237241787986,-0.016943675102061934,-0.003685045196780709,0.010555434974014217,0.00657104381851511,-0.0020676707133673784,0.005026082380613652,-0.006560976705142012,-0.0023559921011325324,0.0001446775319307795,0.009005155687196549,0.014785246494079286,0.007456995177048716,0.010059837751331615,0.015328647882503073,0.02410697282964712,0.018796718271251896,0.022950999339715065,0.026973347012308645,0.01410078361741487,0.016319176713110995,0.0027047759613912457,-0.0013409289644224682,-0.015451978073192468,-0.01541520047704819
2023-11-20,0.00923556322922663,0.02031407083991608,0.022286106046443287,0.02100585599150616,0.0075160050448732805,0.008777211769618197,0.002003160175579355,-0.002221199526582274,0.009098602701251571,7.20602500994428e-05,0.0030707634698401,0.0009999768186178225,0.0007664199652344817,-0.003965046890680163,-0.0022072254109656345,-0.004392425937335631,-0.0005540421814624988,0.006957221375684049,0.009870482490984323,-0.002083373190681936,0.006522368493262836,0.0029895155019004625,0.011824735996131529,0.003391866641950286,-0.01210298007480151
2023-11-21,-0.0042398156736127585,-0.011645530773693834,-0.009267370208048143,-0.024893750508336494,-0.019693977260461525,0.008039034683234943,0.010617197588703626,0.008355768178706773,-0.004587917402567279,0.003032165303710531,-0.0020897211475537497,-0.011731248445957436,-0.013285713069254825,-0.0044502243727595914,-0.0037630289939824704,-0.0003827640536484984,-0.0023575844623377777,-0.0019084690035568019,-0.007856387737222628,-0.0003794166001066653,-0.015378098422388055,-0.009290486389474,0.005147501003307965,0.0021608362954886953,-0.005865616659715665
2023-11-22,0.0035081823788760047,0.012731176588187483,-0.024894792333368953,0.0006870837692020949,0.02772551816548359,-0.0019868648356071543,0.0006599105676282416,0.007698338809662403,-0.0051988052381546955,-0.001875581266783084,0.002350813351830778,-0.0010119882352455003,0.010896584949091523,0.004216440716667599,-0.001553511646795859,-0.0043171514762868225,0.0020111230253652074,-0.002782466529362113,-0.008730100037764796,-0.003800940026994616,0.01933932343605667,0.012562593038701858,0.005191956553831315,0.012775925066422833,-0.0024140395658618008
2023-11-24,-0.007028877755560255,-0.001112129679981449,-0.019484003793136428,0.006618756480109641,-0.0016338912048067386,0.011077264668123844,0.005919101124013968,0.006123632612884839,0.0018668503290454343,0.001443011569354233,0.001368436554827586,0.003369273536213463,0.0015050018531738844,0.0032671650185309813,0.004653765315412925,0.005369656191744843,0.00394144837733102,0.0055570708017034735,0.0026755372622589884,0.0015221101065914686,0.00020445580612358505,0.0048395177034942565,0.0021614542948462274,-0.002597950596808651,-0.006400889224003424
2023-11-27,-0.0009480328380574039,0.003121658296079791,0.009706530182375512,0.0027261630677866437,0.0027759976069536953,-0.008032084584184513,-0.011873519941595492,-0.006436111996366355,-0.004328631198392869,0.003024305028678202,-0.0022819793427219836,-0.005734592612425435,-0.00425510405065802,0.0023272112591430786,-0.003321841893143347,-0.005850606598275114,-0.0037337202010764388,-0.0059923511025214244,-0.00405685965584274,-0.0009509502772415194,0.006723903692254734,0.0007076857545904462,-0.002480570689518791,0.0029684405042675974,-0.004094815523215886
2023-11-28,0.003208930590021201,0.010744778376356028,-0.00876509695096377,0.003397045403612102,-0.00523175704952525,0.0023107840000854097,-0.015042849430300247,-0.0056450741777120455,-0.012400309303322019,-0.007288144401462906,0.002281979342721999,-0.0010152761574040653,-0.0001775778359191476,0.008102851956701074,-0.004892325544497206,-0.0005773825906214619,0.007934909486749353,0.0015667490329172007,0.005189918515086964,-0.004577659481312774,-0.00474961512561893,0.007753118487417817,0.0008866164426039294,0.00729090465435406,-0.011594970666576289
2023-11-29,-0.005424183031081064,-0.010111175069667787,0.006648518685580616,0.01592502025048565,0.014968117519096298,0.003160619306812326,0.013050260367313103,-0.010321100046977548,0.009438182829276812,0.003037268171214945,0.005067505761969759,0.026070992435538703,0.01587804783545861,0.009409301834714017,0.01964525615639421,-0.015128317447560016,-0.01105689124393536,-0.008823073471630907,-0.0032404902947838756,-0.0084468765725215,-0.004840585148378569,-0.000739141668232605,-0.006080234409919832,0.014786720739630277,-0.013232048905896928
2023-11-30,0.0030579385596732267,0.0001585429391061806,-0.02887127069056096,-0.005354757170607998,-0.021959127230554338,0.016625221479856577,0.012881997849095423,0.033074562160098256,0.013260932855739073,0.02769949323860799,0.011340182730811922,0.013870577793501974,0.0037546848881399347,0.018332437351779765,0.007621157796536839,0.003900946047576516,-0.002156465861453567,0.013941284602377741,-0.0013804013103325761,0.0032722092556080004,-0.001573209061844679,0.007910211105611154,0.011167587974429946,-0.0009065700841894286,-0.005523203386536851
2023-12-01,0.00676836823211351,-0.011680403234143896,-0.0001070094496241992,-0.021710453628394865,0.001896481497255037,0.023768137440063154,-0.05255494247579904,-0.007156929316327829,0.009517376804956021,0.007137929500514452,0.0048573868292903066,0.015297449046090634,0.019972621397778997,0.00959713000283815,0.024216334862901093,0.002430456196737659,0.008391177455411063,-0.002946392725098505,0.0042972334362331435,0.006702883323174618,0.006413794210223246,0.019365147263954552,0.014512400081091573,0.03205589944294346,-0.0010078084199903602
2023-12-04,-0.009509657817643674,-0.014442505936770319,-0.027203157132528865,-0.0322946315898944,-0.02350499698551396,0.003151984242211937,0.012717119404462969,0.0020449653932422046,0.015346462810409705,0.005146656612690632,0.007305798489887358,-0.004532266369196153,0.002751479062876575,0.00221886572127955,0.0029597292863416825,-0.005452178796134855,0.0004141525035570167,-0.006093303192125594,-0.004866260346203717,-0.006895282189265314,-0.01500697967354326,0.013672555900862927,0.0005942818121988798,0.014608938828104061,-0.01626047409065308
2023-12-05,0.020844500301779107,0.009114732219883206,0.023026651458705603,-0.010205454206579416,-0.0016037348350004716,-0.0020791986326651533,-0.006510150157524434,0.003604778353370755,0.011075131378583304,0.002909384912784043,-0.00012653410511208465,-0.007817646089351581,-0.022109304351867,-0.014061083964725534,-0.014244700238009821,-0.019619267559892274,-0.013971695782062633,-0.012210807917441079,-0.008573115867128129,-0.02285479230313393,0.013986300502114904,-0.0016061640283183832,0.0014319090064498154,0.0022553677166769065,-0.021332353077802894
2023-12-06,-0.005703306970530307,-0.010036178568724675,-0.02309249918933352,-0.015627131045313544,-0.013265480061371737,-0.012247674878973446,-0.01036650729608372,-0.001327729732143961,-0.005664285027682119,0.012442309189793617,-0.010564002606445654,-0.0016363450803338416,0.0006434839177323191,0.000224527989576729,0.024535819923099004,-0.013330038895331608,-0.0023126108945330363,-0.02342947684557448,-0.01820473441510296,-0.029679360263950055,-0.016198024273178,0.008035712877580996,0.001116178287716836,0.006046902184017872,0.015372059413319986
2023-12-07,0.010088192987795666,0.0058126955470878365,0.02373641442586137,0.021098932087236046,0.09428239506000835,-0.007819967409273446,-0.005572973707411054,-0.002295144896564241,-0.016706124531374586,0.010803442327603167,0.00306589869622206,0.004248979858749741,0.0077192679541882685,0.02002304920092706,0.013283817496429463,-0.006986332835130743,-0.0007724145478512055,0.0029813262114770627,-0.011760069423765233,-0.013731156668135971,0.016198024273177868,0.00018407305249689944,-0.0002440190122654508,-0.01125937336474424,-0.005996031881754306
2023-12-08,0.007385143156335774,0.008803305670732264,0.01934137502273183,0.012964166517199834,0.004275361684394029,-0.006326180660119405,0.005225614406953281,0.0027319793271348637,-0.0012521435540080576,0.008814364958559138,0.010973546109682838,0.0097372776801318,0.017859536605740477,0.015300877225956307,0.008009036307774473,0.011416037561580212,0.013183562436008387,0.010945936715837452,0.005140920739624013,0.0069916094493490425,0.003669683224747049,0.0009191656861407365,-0.004403231109636951,0.009535503612412469,0.0017612314450409295
2023-12-11,-0.013011628826221137,-0.007860108389781174,-0.018676180200251424,0.04218870850331331,0.041702814584660436,0.004135894811035134,-0.0048764355074820305,-0.011139335534334296,0.0059581390147132,0.013044230103010023,0.0036522425518759043,-0.003559400921341281,0.0026474612988129265,-0.0021715580634697625,-0.015251779326538255,0.0007029482609676895,0.0002770773507459172,0.0008027639550287842,0.002015495736278356,0.007146708606748883,-0.010432734440314026,0.01477673335783736,0.01259857738049067,0.023026837972699124,0.01550887476693172
2023-12-12,0.007888864612898474,0.008260771267854123,0.021849800340630422,-0.011289369879723236,0.02352874438369558,6.437114130361586e-05,-0.0020970590557484333,0.003745253628486754,-9.582936687205499e-05,0.013137317980288847,0.00888554006995484,-0.0035719845893020697,0.002413264176269717,0.010165585124993088,-0.0018709635784936146,-0.015885539964975125,-0.012898620748425597,-0.009855902942610578,-0.012918625727048315,-0.0022406143851947643,0.010839635496016388,0.005628274661443906,0.00781984212111092,0.008646371422643358,0.00030568703811416917
2023-12-13,0.016553711424414728,-2.653449393158863e-05,0.009003058222599142,0.011962748230168527,0.004205965769856122,0.004632451229941682,-0.06954286551297771,0.006010720135312915,0.02600996478621335,0.006893249757021309,0.003358521453775215,0.04142043488697286,0.028296333886953393,0.027381531095653666,0.026284833801256697,0.008833971438842316,0.014698103504566748,0.007088077350270001,0.006860052055630836,0.003053945129846927,0.009179334477907091,0.03015294231419219,0.015357405277310434,0.012707298959123236,-0.0004075760069244754
2023-12-14,0.0007575721076612314,-0.02280268485313449,0.005433416263819156,0.013593478582860986,-0.0013758823252139056,0.006908375020308033,-0.0200802067716061,-0.027271436720851364,-0.00433530221823476,0.003751917489483802,0.018028411956934613,0.057609072573042194,0.05560255820507108,0.05598274043922268,0.018076619727091077,0.026535167687974825,0.03612810924456273,0.027338518973609914,0.0304763968006659,0.06359791349144371,-0.009586235533609468,0.024195380174267884,-0.020173072875001762,-0.0012388254024350395,-0.0027558429854632692
2023-12-15,-0.002729590765255466,0.013032160338936073,0.01110679005689071,0.021459114718979704,0.00829875895184378,-0.01096051607663865,0.01895443414381211,-0.005857376112532965,-0.0072988657209461984,-0.005438295110331138,0.007532989543248322,-0.010068239744116289,-0.00774889553830085,-0.003967320826496019,-0.008194453211469438,-0.006716640777838152,-0.0038757344868411607,-0.0035731161825419007,-0.004071288296679856,-0.004397402385497829,0.01714963889276147,0.006205519322374453,-0.00952757006126701,0.004370072938883256,-0.011203189963647414
2023-12-18,-0.008539638272142972,0.0051655120422377425,0.02398887993083276,-0.010234302996256252,-0.0017982382905484837,0.00180292073185991,0.01601808912357346,-0.008641600208863601,0.00880917817581522,-0.004032875816088973,0.006033882923462515,-0.005072300047984033,-0.010860152963340607,-0.013004110990132076,-0.0034173237009353053,0.007405627044450918,0.0022068982231285847,0.0031379299923369507,0.012493420476831153,0.001723198448540393,0.026971809898698733,-0.009052073092261064,0.010251411349572599,-0.0033788502720602555,-0.0019658865338434044
2023-12-19,0.005345813765292128,0.0016355878176913434,-0.0094903176072244,0.021007966056101928,0.008959028242416718,0.006540541995727531,0.03984583273130054,-0.004778351723781145,0.004234459091545717,0.0011725113470500185,0.013266515434494025,0.002390106354752265,0.015945564974245895,0.008621448367662998,0.025252341955350838,0.013096246835486752,0.013009890437332368,0.01374330142540534,0.00745445666197018,0.013300534251348717,-0.0018191003361762064,0.003585240785760772,0.0017214100055125176,0.012306360747703408,0.01194180616347948
2023-12-20,-0.010771793453769761,-0.007097902690980496,-0.030560643077851245,-0.01947695341497453,-0.0339630114573976,-0.02059924001653204,-0.019000366743588414,-0.015596912782948114,-0.010667972733819055,-0.012513078337684837,-0.01134323248104887,-0.01594245033705112,-0.012974567797294011,-0.015086146978895295,-0.01703003438997436,-0.016841677617247808,-0.009208941417103246,0.0017155351137838964,-0.009018054961483434,-0.008149456359690934,-0.01091834083412718,-0.009732908490013457,-0.006002994936187134,-0.00991545379203913,-0.0312866785197823
2023-12-21,-0.0007702518217531133,0.00784771360026335,0.018105447640162007,0.028438017431551953,0.03224916231642571,0.010191248152542914,0.024312967213213733,0.007627048674831353,0.009728495946939468,0.005915694167453025,0.005687651686505415,0.006648688958537059,0.008046797812512276,0.002227000387381226,0.010529491771379048,0.004532124079168014,0.003056948820317267,0.0011991048597817936,-0.0028864085246382586,0.0005707933035148892,0.011243426514228085,0.000888743115020443,0.008270538405693908,0.009017993810790154,0.006525113954967415
2023-12-22,-0.005562918723509856,0.0027803368172003994,-0.003271441094379651,0.019352631761664314,-0.0022181508702151273,0.003996188056356659,0.003174034378430896,0.0008267014310233562,0.012237999937329682,0.015283563471450292,-0.0005970828539639904,0.006903655023761835,0.00021017879553616485,-0.0054752122804413855,0.005125129823170321,0.001767800374316747,0.002253473478097815,0.00707931573661094,0.00978021538783394,0.009464292735540114,-0.002733830879625901,-0.0010893513249918864,0.00106320766288503,-0.12585429675520943,-0.0005248049372001804
2023-12-26,-0.0028449362506396416,0.0002135458425032159,0.00915309103112594,0.05077233653699913,0.026926452227332306,0.0043643414475778766,0.00035208392950641096,-0.0005381952131965724,-0.000650212125595894,-0.0020677919539367645,0.005896687676664788,0.012780869497323431,0.002518789929031822,0.009309992745966193,0.009393348039792084,0.002254358027989557,0.00896334286979579,0.01149233807003731,0.016466393051235376,0.011240395493798454,-6.514686816695571e-05,0.002063102125906032,0.00396889129985348,-0.00018509865585432828,0.0040849079424488165
2023-12-27,0.0005179288153295981,-0.0015759425175723028,0.0027965628917275107,0.005135254656693254,0.018378322727497044,0.0013444035247412026,0.007015153874950755,0.00529323473795821,0.0032466134865984007,0.0016802722320882614,0.005979941143736988,-0.0005909670211451226,0.007492508237848809,-0.0062644445323287385,0.002334515461970431,-0.004710602674642498,-0.003286016675823953,-0.004463132024159312,-0.00024151332151126358,-0.01218272761850516,-0.00045644547960358643,-0.002235150168548206,0.0057541109408569355,-0.008273448712656244,-0.003979823065093161
2023-12-28,0.002223636071363348,0.0032294818240449935,0.002122497268713061,-0.007315790715090828,0.018248223125957776,0.0014698949176862027,0.006271697497072526,0.004028161112343738,0.007289429306995148,-0.0008396756849903916,0.005298774406185513,0.0011813474034401326,0.00500739568442845,0.0030360572541846685,0.0011654948668228281,-0.01456552267656453,-0.0141873440561429,-0.016937241363631825,-0.023942408185935,-0.015009305316528151,0.00026087992298881607,-0.0033628635140482356,0.0043699050734172335,0.015652049551432352,0.006693797910512161
2023-12-29,-0.005438855186714411,0.0020232761255650207,0.0,-0.0027822620432111063,-0.00911638722831195,0.0010212220684600996,0.0,0.0029864040181690585,0.0022958930154279716,0.0014205768756879492,-0.0011751550492294187,-0.006217761587153911,-0.0016578144509772697,-0.005268481134509946,-0.0015540038410230552,-0.0020981458150072913,-0.004081335219691185,-0.003697736699247373,-0.0031369324151112425,-0.0038358696003854328,-0.009432812028151797,-0.00233446369027619,0.0022621576677477775,-0.0022999098802668106,0.0008336672586483491
