Price,AAPL,MSFT,NVDA,INTC,AMD,JNJ,PFE,UNH,MRK,ABBV,JPM,BAC,GS,WFC,C,XOM,CVX,COP,EOG,SLB,AMZN,HD,MCD,NKE,SBUX
Ticker,AAPL,MSFT,NVDA,INTC,AMD,JNJ,PFE,UNH,MRK,ABBV,JPM,BAC,GS,WFC,C,XOM,CVX,COP,EOG,SLB,AMZN,HD,MCD,NKE,SBUX
Date,,,,,,,,,,,,,,,,,,,,,,,,,
2019-01-02,37.503719329833984,94.39714813232422,3.376983642578125,40.51803970336914,18.829999923706055,104.38789367675781,29.294363021850586,215.4531707763672,57.638221740722656,64.78944396972656,80.83650970458984,20.945085525512695,145.39166259765625,38.47613525390625,41.63267135620117,50.00183868408203,80.60425567626953,49.3965950012207,67.1004638671875,30.385847091674805,76.95649719238281,144.2037811279297,148.79774475097656,67.1541748046875,54.91714096069336
2019-01-03,33.76808547973633,90.92446899414062,3.1729555130004883,38.28903579711914,17.049999237060547,102.72911834716797,28.474790573120117,209.5777130126953,56.45633316040039,62.65471267700195,79.68767547607422,20.609424591064453,143.26187133789062,38.172847747802734,40.878257751464844,49.2341194152832,79.06045532226562,48.461360931396484,66.62651824951172,30.71255874633789,75.01399993896484,141.0254669189453,147.81736755371094,65.9663314819336,52.535011291503906
2019-01-04,35.209617614746094,95.1532974243164,3.376239776611328,40.63853073120117,19.0,104.45326232910156,29.125022888183594,212.02874755859375,58.156734466552734,64.67325592041016,82.62541961669922,21.465347290039062,147.94400024414062,39.304039001464844,42.8770637512207,51.04937744140625,80.69892120361328,49.68496322631836,69.5516357421875,31.92963981628418,78.76950073242188,145.21575927734375,150.67401123046875,67.68915557861328,54.27678680419922
2019-01-07,35.1312370300293,95.27466583251953,3.554980516433716,40.82786560058594,20.56999969482422,103.78324127197266,29.280807495117188,212.435791015625,57.51622772216797,65.6171875,82.68284606933594,21.448566436767578,148.76382446289062,39.049922943115234,43.25038528442383,51.31483840942383,81.7475357055664,49.46674346923828,69.98854064941406,32.81179428100586,81.47550201416016,148.0763397216797,152.3135528564453,68.65939331054688,54.27678680419922
2019-01-08,35.80095672607422,95.96543884277344,3.466477632522583,41.08605194091797,20.75,106.1937484741211,29.416276931762695,215.27621459960938,57.94321060180664,65.9221420288086,82.52691650390625,21.406614303588867,148.21444702148438,38.967960357666016,43.13371658325195,51.68793869018555,81.39069366455078,50.12920379638672,70.73648834228516,33.220218658447266,82.8290023803711,148.7871856689453,152.63475036621094,69.5752182006836,54.319461822509766
2019-01-09,36.40890884399414,97.33770751953125,3.5346522331237793,41.31842803955078,20.190000534057617,105.35208892822266,29.355316162109375,215.58590698242188,57.500972747802734,63.75836944580078,82.38743591308594,21.61639976501465,149.14410400390625,39.181060791015625,43.84923553466797,51.96057891845703,82.48299407958984,51.789276123046875,73.45427703857422,33.68580627441406,82.97100067138672,150.32623291015625,152.37271118164062,69.4482650756836,54.54145050048828
2019-01-10,36.52527618408203,96.7122802734375,3.600346803665161,41.79177474975586,19.739999771118164,105.98945617675781,28.657672882080078,216.67425537109375,56.79182434082031,64.04154968261719,82.37922668457031,21.591222763061523,148.74693298339844,39.14008331298828,43.89590072631836,51.69511032104492,82.61408996582031,52.950531005859375,73.4024658203125,34.02070617675781,82.81099700927734,149.7658233642578,153.4376678466797,69.29411315917969,54.80614471435547
2019-01-11,36.16668701171875,95.96543884277344,3.689594030380249,42.110191345214844,20.270000457763672,106.02214050292969,29.04374885559082,219.15185546875,57.112083435058594,64.12144470214844,81.98532104492188,21.842967987060547,149.5329132080078,39.23844909667969,44.0903434753418,51.458335876464844,81.95140838623047,51.74250030517578,71.73621368408203,34.09422302246094,82.02799987792969,150.05856323242188,154.13067626953125,68.94955444335938,54.41339111328125
2019-01-14,35.62284469604492,95.26530456542969,3.729506254196167,41.61104202270508,20.229999542236328,104.82096099853516,28.69830894470215,219.49693298339844,55.945457458496094,62.29862976074219,82.8305435180664,22.12827491760254,151.0457305908203,39.689273834228516,45.83249282836914,51.393768310546875,81.35427856445312,51.13459396362305,72.95069885253906,33.75114822387695,80.8604965209961,149.55673217773438,153.1587371826172,68.99488067626953,54.106014251708984
2019-01-15,36.3519172668457,98.02851104736328,3.715376615524292,41.826194763183594,20.3799991607666,105.70345306396484,28.94215202331543,227.29249572753906,56.80708312988281,62.84253692626953,83.43780517578125,22.27931785583496,152.0514373779297,39.07451629638672,47.73796844482422,51.422481536865234,81.64556884765625,51.46192932128906,73.00995635986328,34.07788848876953,83.72799682617188,147.5995635986328,152.98971557617188,70.61797332763672,54.712223052978516
2019-01-16,36.7960205078125,98.37393188476562,3.6898417472839355,41.42170333862305,19.729999542236328,104.62483215332031,28.52220916748047,231.35397338867188,56.89096450805664,62.87928771972656,84.11066436767578,23.873701095581055,166.56277465820312,40.115516662597656,48.36793899536133,51.400943756103516,81.12126159667969,51.17356872558594,73.23261260986328,33.693973541259766,84.18900299072266,148.0763397216797,151.57835388183594,70.43663787841797,54.447532653808594
2019-01-17,37.014522552490234,99.06475067138672,3.7612385749816895,41.71430587768555,20.25,105.48283386230469,28.766042709350586,229.8585662841797,57.64582824707031,64.09203338623047,84.455322265625,24.326841354370117,168.26150512695312,40.35322189331055,48.58570861816406,51.75252151489258,81.52906036376953,52.26468276977539,73.51468658447266,33.791996002197266,84.66100311279297,146.2613067626953,153.06581115722656,71.75144958496094,54.88298034667969
2019-01-18,37.242496490478516,100.54901885986328,3.8903980255126953,42.33395767211914,20.770000457763672,106.79025268554688,28.806682586669922,234.92880249023438,57.85171890258789,65.78252410888672,85.82572174072266,24.58696937561035,171.1772918701172,40.99256896972656,49.09123229980469,52.36955642700195,83.28399658203125,52.91936492919922,74.99907684326172,36.53651809692383,84.80999755859375,150.20074462890625,154.29974365234375,72.94833374023438,55.24158477783203
2019-01-22,36.40653991699219,98.65399932861328,3.688106060028076,41.54219436645508,19.760000228881836,105.24585723876953,28.63057518005371,235.09693908691406,57.82122802734375,65.16515350341797,84.47173309326172,24.410755157470703,167.06980895996094,40.86962890625,48.1035041809082,51.580322265625,81.80577087402344,51.243709564208984,71.8892593383789,35.90755844116211,81.6084976196289,148.1348876953125,155.99002075195312,73.2203598022461,55.830711364746094
2019-01-23,36.55378341674805,99.61549377441406,3.7009975910186768,41.258174896240234,19.799999237060547,105.24585723876953,28.556062698364258,236.2737274169922,57.523841857910156,65.01078033447266,84.25836944580078,24.268098831176758,166.41061401367188,41.0827522277832,48.32127380371094,51.15700912475586,81.1139907836914,51.32942581176758,71.67400360107422,35.376617431640625,82.0009994506836,147.95082092285156,157.27464294433594,72.99366760253906,56.71866226196289
2019-01-24,36.264041900634766,99.139404296875,3.9129579067230225,42.82451248168945,20.850000381469727,103.799560546875,27.736507415771484,235.4862518310547,55.7929573059082,63.1218376159668,84.3076171875,24.40236473083496,167.17124938964844,40.967994689941406,48.77236557006836,51.2287483215332,82.65778350830078,51.532073974609375,72.17127227783203,35.580841064453125,82.74649810791016,148.285400390625,158.3563995361328,72.93927764892578,55.27573776245117
2019-01-25,37.465728759765625,100.04492950439453,3.9702231884002686,40.48362350463867,21.93000030517578,104.78009796142578,27.526533126831055,237.18515014648438,55.625186920166016,59.196922302246094,84.84098815917969,24.821935653686523,169.65602111816406,41.090946197509766,49.79119873046875,51.458335876464844,82.44660186767578,52.210121154785156,73.55177307128906,36.7570686340332,83.52850341796875,150.8865966796875,155.50827026367188,73.09342193603516,57.282196044921875
2019-01-28,37.11899948120117,98.09390258789062,3.421358585357666,40.199615478515625,20.18000030517578,105.40110778808594,26.774707794189453,236.0525665283203,55.602317810058594,56.69794464111328,85.24308776855469,24.863895416259766,168.7939910888672,40.83685302734375,49.65898513793945,51.11395263671875,81.68196868896484,50.93196105957031,72.8095474243164,36.136268615722656,81.89450073242188,150.40988159179688,155.17022705078125,72.8304214477539,57.11997985839844
2019-01-29,36.73426818847656,96.09616088867188,3.262450695037842,40.05331802368164,19.25,106.49606323242188,27.614587783813477,236.55694580078125,55.83869552612305,56.94047546386719,85.48106384277344,24.662498474121094,169.4532012939453,40.86143112182617,49.16123580932617,51.307655334472656,81.43438720703125,50.89299011230469,73.3810806274414,35.94024658203125,79.69400024414062,150.2927703857422,153.96160888671875,72.73978424072266,57.239505767822266
2019-01-30,39.2444953918457,99.30745697021484,3.405988931655884,40.91393280029297,23.09000015258789,107.56651306152344,28.163219451904297,239.23797607421875,55.945457458496094,58.109134674072266,85.67800903320312,24.393972396850586,171.12655639648438,41.05816650390625,49.94675064086914,51.867332458496094,82.2936782836914,51.19694519042969,73.8115234375,36.7570686340332,83.52149963378906,152.37538146972656,153.6235809326172,73.7009506225586,58.18724060058594
2019-01-31,39.52710723876953,97.487060546875,3.56365704536438,40.55247116088867,24.40999984741211,108.74315643310547,29.00361442565918,239.08761596679688,56.753700256347656,59.01319885253906,84.9312515258789,23.890487670898438,167.34877014160156,40.45437240600586,50.1334228515625,52.577632904052734,83.48789978027344,52.75569534301758,73.62598419189453,36.11176300048828,85.9365005493164,153.5045166015625,151.09657287597656,74.24500274658203,58.1786994934082
2019-02-01,39.54609680175781,95.94677734375,3.587951898574829,41.93806838989258,24.510000228881836,109.65835571289062,29.297409057617188,237.77796936035156,58.29397201538086,59.16751480102539,85.24308776855469,23.814958572387695,166.10635375976562,40.45437240600586,49.86712646484375,54.471797943115234,86.19682312011719,53.52726745605469,73.36621856689453,36.39765930175781,81.3115005493164,154.2071075439453,149.35557556152344,73.90950012207031,58.15309524536133
2019-02-04,40.669395446777344,98.70999908447266,3.698270559310913,42.359779357910156,24.1299991607666,108.57975006103516,28.996776580810547,237.32681274414062,58.61423873901367,57.719566345214844,85.54669952392578,24.234527587890625,167.10366821289062,40.57843780517578,50.172584533691406,53.68257141113281,87.19444274902344,54.50148010253906,73.75957489013672,36.430328369140625,81.66549682617188,155.93008422851562,150.05702209472656,74.34473419189453,57.7005615234375
2019-02-05,41.36524200439453,100.09160614013672,3.7173585891723633,43.0396728515625,23.309999465942383,108.57975006103516,28.771303176879883,235.64553833007812,58.827728271484375,58.572181701660156,85.16921997070312,24.150619506835938,167.34877014160156,40.75212860107422,49.976768493652344,54.235015869140625,87.005126953125,53.979312896728516,72.9951171875,36.87141799926758,82.94049835205078,155.89662170410156,150.073974609375,75.13360595703125,59.2032585144043
2019-02-06,41.37950134277344,98.98072052001953,3.7929704189300537,43.21720504760742,23.260000228881836,108.67781829833984,28.921621322631836,238.46820068359375,59.01073455810547,58.12382507324219,85.12818908691406,24.108665466308594,166.17398071289062,40.710777282714844,50.039424896240234,53.99825668334961,86.56819915771484,53.862388610839844,71.38457489013672,36.81423568725586,82.01300048828125,154.49986267089844,148.899169921875,74.99758911132812,59.09169006347656
2019-02-07,40.59579086303711,98.2712173461914,3.6546387672424316,42.636940002441406,22.670000076293945,107.90152740478516,28.491178512573242,238.02581787109375,58.57612228393555,58.18998718261719,84.01220703125,23.697479248046875,163.17369079589844,39.767852783203125,49.19356155395508,53.58211898803711,86.0948715209961,52.592018127441406,69.0169448852539,35.49916458129883,80.71849822998047,153.95619201660156,148.1385040283203,74.70742797851562,59.3405876159668
2019-02-08,40.643489837646484,98.64466857910156,3.673231601715088,42.29917526245117,23.049999237060547,108.18754577636719,28.853300094604492,231.74331665039062,59.10988235473633,58.55747604370117,83.1751937866211,23.739437103271484,161.99044799804688,39.41218566894531,48.56699752807617,53.66917419433594,85.62153625488281,51.875667572021484,68.65328979492188,34.94371032714844,79.41100311279297,154.34930419921875,147.6905975341797,74.68023681640625,59.86414337158203
2019-02-11,40.40975570678711,98.25257873535156,3.630591869354248,42.23854064941406,22.959999084472656,107.86067962646484,28.47751808166504,227.53140258789062,58.492244720458984,58.63097381591797,82.78131103515625,23.840133666992188,161.70310974121094,39.41218566894531,48.25370788574219,53.756229400634766,85.16277313232422,52.251461029052734,69.92243194580078,35.68702697753906,79.55000305175781,152.9943389892578,147.27651977539062,75.87715911865234,60.07012176513672
2019-02-12,40.75798034667969,99.78350830078125,3.747603416442871,43.312477111816406,22.81999969482422,109.62567901611328,28.607324600219727,233.15908813476562,59.87237548828125,58.74858474731445,84.19274139404297,24.075096130371094,164.3738250732422,40.57014846801758,49.08391571044922,54.69931411743164,86.45167541503906,52.80732727050781,70.9763412475586,36.40589141845703,81.90049743652344,155.16891479492188,147.03135681152344,76.81111145019531,59.86414337158203
2019-02-13,40.5886344909668,99.70885467529297,3.7899961471557617,43.710880279541016,22.850000381469727,109.86262512207031,28.491178512573242,233.42457580566406,60.25363540649414,59.38066864013672,84.59481048583984,24.083484649658203,164.54281616210938,40.545345306396484,49.37369155883789,55.31596374511719,87.07064819335938,53.06569290161133,71.8075942993164,36.70335006713867,82.0,157.58619689941406,147.1835174560547,77.4367446899414,60.51643371582031
2019-02-14,40.736515045166016,99.79288482666016,3.8309004306793213,44.00533676147461,23.1299991607666,109.74822998046875,28.6756534576416,234.7783966064453,60.19264221191406,59.182228088378906,84.04503631591797,23.823348999023438,162.71731567382812,40.13179397583008,48.88811492919922,55.33045959472656,86.90884399414062,54.0991325378418,71.9634780883789,36.47198486328125,81.13249969482422,157.000732421875,148.6371307373047,76.78388977050781,60.79964065551758
2019-02-15,40.645870208740234,101.02511596679688,3.900562047958374,44.741512298583984,23.68000030517578,111.43970489501953,28.96944808959961,239.91049194335938,60.85601806640625,59.42477035522461,86.61347961425781,24.427532196044922,167.76284790039062,40.710777282714844,50.3370475769043,56.3751106262207,87.78408813476562,54.94466018676758,74.4052963256836,37.141265869140625,80.39749908447266,160.91500854492188,152.102294921875,77.41864013671875,60.68809509277344
2019-02-19,40.76750564575195,100.97843933105469,3.883208990097046,44.51632308959961,23.950000762939453,110.87586212158203,29.106088638305664,239.27345275878906,60.421390533447266,59.182228088378906,86.30986022949219,24.44432258605957,167.9065704345703,40.843101501464844,50.42320251464844,56.75236129760742,87.75467681884766,54.40446090698242,74.0045166015625,37.628780364990234,81.37899780273438,160.8648681640625,151.4937744140625,76.68416595458984,60.250335693359375
2019-02-20,41.02986145019531,100.45342254638672,3.9305593967437744,44.507659912109375,23.950000762939453,111.41519927978516,28.832799911499023,238.4770965576172,60.56626510620117,58.79267501831055,86.7283706665039,24.67928123474121,167.8473663330078,41.19877243041992,50.6268424987793,56.96999740600586,88.4681167602539,55.3126220703125,73.31424713134766,37.926246643066406,81.1050033569336,160.46337890625,152.54177856445312,76.92898559570312,60.413421630859375
2019-02-21,40.79852294921875,102.57221221923828,3.8616409301757812,44.52497863769531,23.920000076293945,110.6552505493164,28.79180335998535,235.7251434326172,60.87126541137695,57.881263732910156,86.54782104492188,24.578582763671875,165.95423889160156,40.99199295043945,50.37621307373047,56.45490264892578,87.62962341308594,54.991634368896484,70.76852416992188,36.95123291015625,80.97200012207031,160.4382781982422,154.50254821777344,76.12196350097656,60.67948532104492
2019-02-22,41.25405502319336,104.0346908569336,3.946424961090088,45.460350036621094,24.360000610351562,111.61943054199219,29.35205841064453,236.3533935546875,61.588043212890625,58.814727783203125,86.16215515136719,24.40236473083496,165.64999389648438,40.545345306396484,50.235233306884766,56.89018249511719,87.81352233886719,54.78025817871094,70.9021224975586,36.65376281738281,81.5780029296875,160.91500854492188,154.8067626953125,76.85643005371094,61.1944465637207
2019-02-25,41.554569244384766,104.61595153808594,3.9340295791625977,45.98866271972656,24.709999084472656,112.03073120117188,29.434051513671875,234.1324462890625,61.2906494140625,59.01319885253906,87.0647964477539,24.561798095703125,167.88963317871094,41.07469940185547,50.54069137573242,56.94820022583008,87.98268127441406,54.21656799316406,70.32319641113281,37.009071350097656,81.6500015258789,158.8992919921875,154.33355712890625,77.22821807861328,60.97987747192383
2019-02-26,41.57842254638672,105.33783721923828,3.8946120738983154,46.10124588012695,24.209999084472656,111.95671844482422,29.393062591552734,232.69898986816406,61.565162658691406,59.17487716674805,86.4001235961914,24.578582763671875,168.10092163085938,41.01681900024414,50.21957015991211,57.06428909301758,88.21806335449219,53.958187103271484,69.69975280761719,36.612449645996094,81.81999969482422,157.49415588378906,154.84060668945312,77.79947662353516,61.05714797973633
2019-02-27,41.707210540771484,105.15970611572266,3.8527157306671143,46.10991287231445,23.479999542236328,111.75929260253906,29.331567764282227,221.2843780517578,61.473655700683594,58.36637878417969,86.29344940185547,24.779977798461914,168.10092163085938,41.27321243286133,50.43886947631836,57.65192794799805,88.32102966308594,54.19307327270508,70.53843688964844,36.6455078125,82.05449676513672,153.6216583251953,154.96742248535156,78.13494873046875,60.20743179321289
2019-02-28,41.2969970703125,105.0284423828125,3.8281478881835938,45.867401123046875,23.530000686645508,112.39266204833984,29.618520736694336,214.32937622070312,61.98455047607422,58.241424560546875,85.63697052001953,24.526945114135742,166.91294860839844,41.26494598388672,50.10992431640625,57.33271789550781,87.95327758789062,53.120487213134766,69.76656341552734,36.40589141845703,81.99150085449219,154.8511199951172,156.3622283935547,77.73600006103516,60.301841735839844
2019-03-01,41.7310676574707,105.4972152709961,3.882495641708374,46.161869049072266,23.68000030517578,113.79918670654297,29.625362396240234,217.806884765625,62.259029388427734,58.873504638671875,85.69441986083984,24.72093391418457,168.1857452392578,41.38072967529297,50.49369430541992,58.036407470703125,89.75527954101562,53.966033935546875,71.56265258789062,37.33958053588867,83.58650207519531,154.876220703125,157.39141845703125,79.23600006103516,60.8082160949707
2019-03-04,41.94095230102539,105.24408721923828,3.8906853199005127,46.716163635253906,23.3700008392334,113.9061279296875,29.427227020263672,208.8433074951172,62.04552459716797,58.403133392333984,85.49748229980469,24.484777450561523,166.3019256591797,41.44691467285156,49.929786682128906,58.261287689208984,89.82149505615234,54.725467681884766,71.85211181640625,37.38089370727539,84.80850219726562,153.73873901367188,153.59800720214844,77.85416412353516,60.89405822753906
2019-03-05,41.86463165283203,104.71907043457031,3.884232521057129,46.4909782409668,23.5,114.14469146728516,29.304241180419922,213.63035583496094,62.297157287597656,57.99886703491211,85.43183135986328,24.526945114135742,166.31893920898438,41.26494598388672,49.28754806518555,58.17424011230469,90.68204498291016,54.02866744995117,70.8798599243164,37.009071350097656,84.62149810791016,153.89764404296875,154.24440002441406,77.67236328125,61.43477249145508
2019-03-06,41.62374496459961,104.76595306396484,3.773303747177124,45.85875701904297,22.40999984741211,114.40789031982422,28.60049819946289,211.5421142578125,61.580406188964844,57.39617156982422,85.11180114746094,24.324525833129883,165.24974060058594,41.20703887939453,48.95860290527344,57.51408767700195,90.85855865478516,53.464962005615234,68.23765563964844,35.835758209228516,83.44750213623047,154.27398681640625,154.82275390625,77.39053344726562,61.16870880126953
2019-03-07,41.14195251464844,103.49095153808594,3.7040669918060303,45.55561828613281,22.079999923706055,113.70870208740234,28.279373168945312,209.44497680664062,61.344024658203125,57.506439208984375,84.49633026123047,24.079933166503906,163.57809448242188,41.091251373291016,48.4808464050293,58.1524772644043,89.68910217285156,53.19877243041992,67.79974365234375,35.10862731933594,81.29750061035156,152.65138244628906,153.53843688964844,77.50873565673828,60.60224914550781
2019-03-08,41.2397575378418,103.60345458984375,3.738313913345337,45.45169448852539,22.010000228881836,113.5606689453125,27.93775177001953,210.7684783935547,60.8484001159668,57.021331787109375,84.52918243408203,24.164274215698242,165.6740264892578,41.19050216674805,48.60615158081055,57.3182258605957,89.45374298095703,51.2258415222168,64.15554809570312,34.117095947265625,81.04000091552734,151.58084106445312,152.67092895507812,77.09053802490234,59.529415130615234
2019-03-11,42.66838836669922,105.77848052978516,3.99888277053833,46.20518112182617,22.959999084472656,113.97191619873047,28.354534149169922,215.9735107421875,61.664268493652344,57.38882827758789,85.62876892089844,24.408863067626953,166.29342651367188,41.15741729736328,48.801963806152344,57.87681579589844,90.92475891113281,51.570316314697266,64.02195739746094,34.769859313964844,83.53099822998047,152.59286499023438,154.01478576660156,78.01779174804688,59.80406188964844
2019-03-12,43.14778518676758,106.51908111572266,4.033130645751953,46.39570617675781,23.489999771118164,114.48191833496094,28.511676788330078,218.39837646484375,61.93878936767578,57.873924255371094,85.37439727783203,24.408863067626953,166.85354614257812,41.066429138183594,49.19356155395508,58.036407470703125,91.13072204589844,51.38241958618164,64.55632019042969,35.19125747680664,83.65499877929688,153.89764404296875,154.65267944335938,77.66326904296875,60.121612548828125
2019-03-13,43.338592529296875,107.34408569335938,4.184508323669434,47.08856964111328,23.3799991607666,114.67108917236328,28.702978134155273,224.05638122558594,62.22091293334961,58.01356506347656,85.66160583496094,24.704069137573242,167.379638671875,41.28974533081055,49.851463317871094,58.55147171020508,91.69705963134766,52.729034423828125,65.73641204833984,35.65398025512695,84.54049682617188,152.6336669921875,154.8482666015625,78.11782836914062,60.164527893066406
2019-03-14,43.82036590576172,107.4284439086914,4.108572006225586,46.283119201660156,22.81999969482422,113.52774810791016,28.14272117614746,224.96241760253906,62.5587043762207,58.763275146484375,86.44113159179688,24.847450256347656,167.56634521484375,41.64540481567383,50.21174240112305,58.35560607910156,91.64556884765625,52.47065734863281,66.56768035888672,35.604400634765625,84.31099700927734,153.02972412109375,155.42666625976562,78.97236633300781,60.71382522583008
2019-03-15,44.390377044677734,108.66597747802734,4.214040279388428,47.053924560546875,23.290000915527344,113.18229675292969,28.54583740234375,223.30140686035156,62.62010955810547,59.784934997558594,87.43406677246094,24.712499618530273,168.2366943359375,41.90182113647461,51.057613372802734,58.14521789550781,92.16777038574219,52.91692352294922,65.94424438476562,35.0260009765625,85.61799621582031,153.5521697998047,157.62954711914062,78.90872192382812,60.65373611450195
2019-03-18,44.84354782104492,110.22222900390625,4.192699909210205,46.8547248840332,23.25,112.82857513427734,28.56633758544922,226.4990234375,62.45122146606445,59.27778244018555,87.95923614501953,25.15108871459961,171.8091583251953,42.786834716796875,51.63719177246094,58.81989669799805,92.58702850341797,52.93258285522461,68.22277069091797,35.827491760253906,87.10749816894531,154.55490112304688,156.455810546875,79.83598327636719,60.79964065551758
2019-03-19,44.48817825317383,110.29721069335938,4.360454559326172,46.91535949707031,26.0,113.87322235107422,28.901123046875,228.39100646972656,62.8811149597168,59.4027214050293,87.63922882080078,25.007707595825195,170.66358947753906,42.52216339111328,51.402225494384766,58.667572021484375,92.14569854736328,52.729034423828125,68.93528747558594,35.73659896850586,88.09249877929688,155.1531982421875,155.74134826660156,79.7177963256836,61.26311492919922
2019-03-20,44.87693786621094,110.17533111572266,4.327947616577148,46.61223220825195,25.700000762939453,112.92732238769531,28.812307357788086,222.50198364257812,63.01164627075195,59.11607360839844,85.76827239990234,24.155841827392578,164.89332580566406,41.686790466308594,50.36054992675781,58.99399185180664,91.7117691040039,52.8777961730957,71.16932678222656,36.59593200683594,89.8635025024414,156.8131561279297,157.32337951660156,78.80872344970703,61.4776725769043
2019-03-21,46.52976608276367,112.70659637451172,4.564693450927734,47.32241439819336,27.889999389648438,113.59355926513672,28.935287475585938,223.8521270751953,63.67952346801758,59.71140670776367,84.41429138183594,23.767866134643555,165.11399841308594,41.24011993408203,50.05510330200195,59.334964752197266,92.57231903076172,53.347530364990234,71.89665985107422,36.5380973815918,90.96299743652344,160.07411193847656,158.51414489746094,80.00872039794922,62.01838684082031
2019-03-22,45.56621170043945,109.7347183227539,4.40487813949585,46.127227783203125,26.3700008392334,112.61474609375,28.593660354614258,219.4730987548828,63.17283248901367,58.623626708984375,81.86225128173828,22.781047821044922,160.34498596191406,39.95810317993164,47.76028060913086,58.3846435546875,90.53491973876953,51.72690200805664,69.52906036376953,35.092105865478516,88.2385025024414,159.04611206054688,158.88833618164062,74.71781921386719,61.76091766357422
2019-03-25,45.0152702331543,110.30657958984375,4.312560081481934,45.71150207519531,25.969999313354492,112.36796569824219,28.620994567871094,219.26882934570312,63.218910217285156,58.43986511230469,81.18118286132812,22.63766860961914,159.96315002441406,39.767852783203125,47.251197814941406,57.97838592529297,90.38783264160156,52.50981140136719,68.861083984375,35.092105865478516,88.71299743652344,159.8297576904297,157.96124267578125,74.84507751464844,62.052730560302734
2019-03-26,44.5501823425293,110.5409927368164,4.3892436027526855,46.283119201660156,25.690000534057617,113.98016357421875,28.983108520507812,216.1866912841797,63.656471252441406,59.35862350463867,81.9935531616211,22.949735641479492,161.8130645751953,40.53707504272461,47.94826126098633,58.732845306396484,91.29986572265625,53.676334381103516,70.33802795410156,35.571346282958984,89.18800354003906,159.54324340820312,159.4581756591797,75.79962158203125,62.619163513183594
2019-03-27,44.95087814331055,109.47219848632812,4.380060195922852,46.040618896484375,24.889999389648438,114.08707427978516,28.709815979003906,214.6944580078125,63.17283248901367,58.71916580200195,81.71456146240234,22.79792022705078,161.25299072265625,40.338565826416016,47.56447982788086,58.28306579589844,90.31427001953125,53.16746520996094,70.20445251464844,35.265621185302734,88.28500366210938,159.46742248535156,159.4836883544922,75.53600311279297,62.43035125732422
2019-03-28,45.010498046875,109.62220764160156,4.398672580718994,45.997310638427734,25.059999465942383,114.23515319824219,28.894287109375,215.15631103515625,63.43385696411133,58.77061462402344,82.64179229736328,23.050949096679688,162.2288360595703,40.603248596191406,48.54348373413086,58.5732421875,90.48344421386719,52.75253677368164,70.68688201904297,36.04232406616211,88.6709976196289,160.14993286132812,161.08273315429688,76.3996353149414,63.47744369506836
2019-03-29,45.3038444519043,110.569091796875,4.455999374389648,46.508304595947266,25.520000457763672,114.9836654663086,29.017276763916016,219.62411499023438,63.84839630126953,59.233673095703125,83.06852722167969,23.27024269104004,162.9162139892578,39.96635818481445,48.73146438598633,58.61677932739258,90.60114288330078,52.251461029052734,70.64234161376953,36.001014709472656,89.0374984741211,161.69195556640625,161.51646423339844,76.55418395996094,63.803558349609375
2019-04-01,45.61152648925781,111.58158111572266,4.523499488830566,47.20982360839844,26.360000610351562,114.31739807128906,29.270071029663086,218.09637451171875,63.948219299316406,59.37332534790039,85.86674499511719,24.071500778198242,166.94688415527344,40.37165832519531,50.40753936767578,59.29144287109375,91.89564514160156,52.99522018432617,71.94859313964844,36.98427963256836,90.70950317382812,164.851806640625,160.23219299316406,77.48145294189453,63.47744369506836
2019-04-02,46.274574279785156,111.740966796875,4.5413665771484375,47.07990646362305,26.75,113.27278900146484,29.317895889282227,217.09271240234375,63.879112243652344,61.05646514892578,86.27703857421875,24.34983253479004,167.59176635742188,39.8753776550293,50.45454025268555,59.03752136230469,91.8882827758789,51.94612121582031,71.28807067871094,36.761192321777344,90.6989974975586,163.73110961914062,160.19815063476562,76.69963073730469,63.74348831176758
2019-04-03,46.5917854309082,112.47222900390625,4.6808342933654785,48.04991149902344,29.020000457763672,112.82857513427734,29.270071029663086,218.3628387451172,63.856075286865234,61.063819885253906,86.4493637084961,24.324525833129883,170.44297790527344,40.413002014160156,50.955787658691406,58.689308166503906,91.12334442138672,51.28846740722656,69.71459197998047,36.01753234863281,91.03500366210938,167.3544158935547,160.19815063476562,76.7905502319336,63.795005798339844
2019-04-04,46.67287826538086,111.90035247802734,4.671899318695068,48.43098449707031,29.09000015258789,111.51252746582031,29.20174789428711,219.7395782470703,62.83505630493164,60.86537170410156,87.28447723388672,24.585988998413086,171.60548400878906,40.669410705566406,51.55104446411133,59.52358627319336,91.79267120361328,51.01446533203125,69.52163696289062,36.438934326171875,90.94300079345703,168.90487670898438,161.49095153808594,77.52690124511719,63.81216049194336
2019-04-05,46.98531723022461,112.39720916748047,4.7386555671691895,48.153839111328125,28.979999542236328,112.01428985595703,29.372560501098633,220.97425842285156,62.297698974609375,61.335792541503906,87.07777404785156,24.526945114135742,171.73280334472656,40.346839904785156,51.33956527709961,59.84279251098633,92.98419189453125,51.766056060791016,73.20294189453125,37.182594299316406,91.86399841308594,170.26145935058594,162.20547485351562,77.63601684570312,64.39576721191406
2019-04-08,47.72467803955078,112.43470764160156,4.7595014572143555,48.22313690185547,28.530000686645508,111.98136901855469,29.475046157836914,220.9475555419922,62.14412307739258,61.7253303527832,87.35893249511719,24.602855682373047,171.86854553222656,40.42955017089844,51.74683380126953,60.2127685546875,93.17546844482422,52.10269546508789,73.83381652832031,38.14933395385742,92.49299621582031,171.5170135498047,161.47393798828125,77.02691650390625,64.54169464111328
2019-04-09,47.58156204223633,111.82536315917969,4.69671630859375,47.91134262084961,27.239999771118164,111.51252746582031,29.270071029663086,220.98312377929688,62.02898406982422,60.77718734741211,86.7139663696289,24.3667049407959,170.23931884765625,39.81748580932617,51.0654411315918,59.4365348815918,92.33695220947266,51.43722915649414,73.1584243774414,37.66183090209961,91.79199981689453,169.28404235839844,161.66958618164062,76.61783599853516,64.47303009033203
2019-04-10,47.848697662353516,112.67847442626953,4.76719331741333,48.283756256103516,27.829999923706055,111.520751953125,29.19491195678711,218.53158569335938,62.044349670410156,60.968284606933594,87.10258483886719,24.518516540527344,172.24191284179688,39.527984619140625,51.31605911254883,59.168113708496094,92.3001708984375,52.43152618408203,73.27716827392578,37.63704299926758,92.36650085449219,168.0453643798828,160.93814086914062,77.16326141357422,64.78201293945312
2019-04-11,47.45038986206055,112.80972290039062,4.7532958984375,48.32707214355469,27.790000915527344,111.21640014648438,28.8806209564209,209.10748291015625,61.29199981689453,60.10097885131836,87.83850860595703,24.518516540527344,172.1146240234375,39.48663330078125,51.62152862548828,59.45104217529297,92.66792297363281,51.9617805480957,73.27716827392578,37.4387321472168,92.20349884033203,169.77279663085938,160.64894104003906,77.27235412597656,65.11673736572266
2019-04-12,47.431312561035156,113.39098358154297,4.715327739715576,48.86402893066406,27.850000381469727,111.84974670410156,28.498010635375977,198.2710418701172,60.97727966308594,60.16056442260742,91.95633697509766,25.446290969848633,176.36595153808594,38.45273971557617,52.80417251586914,58.703826904296875,88.08565521240234,52.744693756103516,78.16081237792969,37.71968460083008,92.15299987792969,171.76979064941406,162.96241760253906,78.3996353149414,65.78617095947266
2019-04-15,47.517173767089844,113.48474884033203,4.583553791046143,48.74277877807617,27.329999923706055,112.29393005371094,28.75763702392578,204.47091674804688,60.286346435546875,60.34674835205078,90.90618896484375,25.167959213256836,169.6368408203125,38.684326171875,52.7728385925293,58.50794982910156,88.36515045166016,51.93829345703125,75.95188903808594,38.33938217163086,92.24349975585938,172.62088012695312,163.17503356933594,78.93599700927734,65.36564636230469
2019-04-16,47.52195739746094,113.22222137451172,4.670658111572266,49.11518478393555,27.93000030517578,113.52774810791016,27.9582462310791,196.263671875,59.54169845581055,59.73605728149414,91.86537170410156,25.201692581176758,171.27456665039062,39.41218566894531,54.28443908691406,58.90694046020508,89.12274169921875,51.54683303833008,76.12294006347656,39.1160888671875,93.1520004272461,172.29220581054688,163.04745483398438,79.81781768798828,64.97083282470703
2019-04-17,48.44733810424805,114.15973663330078,4.6478271484375,50.717430114746094,27.489999771118164,113.93902587890625,27.247678756713867,192.60411071777344,56.747310638427734,58.07527542114258,94.5113525390625,25.32820701599121,176.41690063476562,39.32947540283203,55.09898376464844,59.07381057739258,88.46076202392578,51.49987030029297,75.7436294555664,39.17392349243164,93.24099731445312,174.0448760986328,162.97091674804688,80.66326141357422,64.47303009033203
2019-04-18,48.6214485168457,115.65972900390625,4.6232590675354,50.65681076049805,27.68000030517578,113.11653137207031,26.90605354309082,196.96539306640625,56.186912536621094,57.76993179321289,93.81678771972656,25.32820701599121,174.728271484375,39.35429763793945,54.566402435302734,58.85618209838867,88.1592025756836,51.59380340576172,77.25342559814453,37.64531326293945,93.08450317382812,173.29498291015625,165.77772521972656,81.09051513671875,65.27979278564453
2019-04-22,48.781253814697266,116.02534484863281,4.677110195159912,50.94261932373047,28.18000030517578,113.3714828491211,26.63276481628418,201.72628784179688,56.394187927246094,58.20186996459961,93.93255615234375,25.345073699951172,173.6166229248047,39.089622497558594,54.11214065551758,60.14021682739258,89.65966796875,52.4237060546875,79.63341522216797,37.884925842285156,94.3655014038086,172.55343627929688,164.93563842773438,79.41780090332031,64.71334075927734
2019-04-23,49.48483657836914,117.60037231445312,4.731706142425537,50.9079704284668,27.969999313354492,115.07415771484375,26.933385848999023,204.8084716796875,57.26933670043945,58.581703186035156,94.04830932617188,25.361942291259766,173.22622680664062,39.164058685302734,54.198280334472656,60.48845291137695,89.74794006347656,52.02440643310547,79.28387451171875,37.91798400878906,96.1884994506836,173.62359619140625,166.0753631591797,79.48143005371094,65.2197036743164
2019-04-24,49.408531188964844,117.19723510742188,4.744114875793457,50.856014251708984,28.459999084472656,114.49835205078125,26.89922523498535,204.60414123535156,57.369144439697266,58.589134216308594,93.8912124633789,25.31977081298828,170.1714324951172,39.27158737182617,53.90850830078125,59.313194274902344,86.99708557128906,50.65431594848633,77.30548858642578,36.55461883544922,95.0875015258789,174.18812561035156,168.0911407470703,80.3541488647461,65.56301879882812
2019-04-25,48.960121154785156,121.07848358154297,4.638396739959717,49.89466094970703,27.65999984741211,114.86851501464844,27.063207626342773,204.99496459960938,58.605125427246094,59.08810806274414,93.94078826904297,25.370380401611328,170.9011688232422,39.29640197753906,53.830204010009766,59.64691925048828,86.71762084960938,50.08279037475586,75.92213439941406,35.777915954589844,95.11250305175781,174.00274658203125,168.34625244140625,79.59961700439453,66.18096923828125
2019-04-26,48.72640609741211,121.77226257324219,4.419519424438477,45.40837860107422,27.8799991607666,115.47724151611328,27.309171676635742,210.51084899902344,58.82774353027344,59.35622787475586,94.65192413330078,25.598106384277344,172.3267822265625,39.66860580444336,54.44108963012695,58.39188766479492,86.1291732788086,49.15113067626953,72.79835510253906,35.777915954589844,97.53150177001953,171.56756591796875,167.91250610351562,80.28141784667969,66.4727783203125
2019-04-29,48.800323486328125,121.65975189208984,4.450291633605957,44.26517105102539,27.690000534057617,115.0248031616211,27.049537658691406,210.91055297851562,58.94289779663086,59.80308151245117,96.01625061035156,25.952342987060547,175.5852813720703,39.92500686645508,55.63156509399414,58.014644622802734,86.58521270751953,49.049354553222656,72.14385223388672,35.88533401489258,96.92150115966797,170.3457794189453,167.65731811523438,80.23599243164062,66.00931549072266
2019-04-30,47.86061096191406,122.4378662109375,4.491733551025391,44.20454025268555,27.6299991607666,116.14342498779297,27.74644660949707,207.02015686035156,60.42454528808594,59.125362396240234,95.95838165283203,25.79209327697754,174.73670959472656,40.04080581665039,55.373104095458984,58.239532470703125,88.30632019042969,49.41731643676758,71.43730163574219,35.265621185302734,96.32599639892578,171.6433563232422,168.0401153564453,79.84510040283203,66.6701889038086
2019-05-01,50.20988845825195,119.88785552978516,4.47858190536499,43.96202850341797,26.809999465942383,116.76033782958984,27.85576629638672,206.02532958984375,60.43220901489258,58.75300216674805,95.22248077392578,25.52219581604004,173.72689819335938,39.89192581176758,54.793521881103516,57.07154846191406,86.65139770507812,49.06500244140625,68.34330749511719,34.18320083618164,95.57599639892578,167.5145263671875,165.14822387695312,78.09053802490234,66.53285217285156
2019-05-02,49.88312911987305,118.3222427368164,4.546081066131592,43.78016662597656,28.290000915527344,116.20923614501953,28.019742965698242,206.46942138671875,61.04636764526367,58.44020080566406,95.42918395996094,25.724620819091797,173.947509765625,39.949825286865234,55.1068229675293,56.070411682128906,85.59960174560547,47.984596252441406,66.3203125,33.97663116455078,95.04100036621094,169.376708984375,165.5225067138672,77.51780700683594,66.48995971679688
2019-05-03,50.50325012207031,120.84410858154297,4.541614532470703,44.8194580078125,28.219999313354492,116.8096923828125,28.279373168945312,206.02532958984375,61.41484832763672,58.61893844604492,96.01625061035156,25.901735305786133,176.09442138671875,40.23931884765625,55.70588302612305,56.20100402832031,86.25421142578125,48.54830551147461,67.60698699951172,34.108829498291016,98.12300109863281,168.99757385253906,167.9976043701172,77.90872192382812,66.98775482177734
2019-05-06,49.72334289550781,120.1409912109375,4.463194370269775,44.632102966308594,27.420000076293945,116.87552642822266,28.457021713256836,213.61968994140625,61.01566696166992,59.02854537963867,95.16458129882812,25.699317932128906,175.1694793701172,40.057342529296875,55.50095748901367,55.954341888427734,87.08536529541016,48.446510314941406,67.85987091064453,34.075775146484375,97.52749633789062,168.21395874023438,169.1713104248047,75.97235870361328,66.99630737304688
2019-05-07,48.38294219970703,117.67535400390625,4.295933723449707,43.98728561401367,26.65999984741211,115.13170623779297,27.896757125854492,211.4434814453125,59.802703857421875,58.052921295166016,93.61006927490234,25.235429763793945,171.94488525390625,39.01517868041992,53.72737121582031,55.65689468383789,86.98971557617188,47.75754928588867,68.26146697998047,33.546958923339844,96.05000305175781,164.1187286376953,168.43983459472656,75.03601837158203,66.9104995727539
2019-05-08,48.392486572265625,117.66598510742188,4.31603479385376,42.906776428222656,27.09000015258789,114.9836654663086,27.978748321533203,212.4205780029297,60.017642974853516,58.08272171020508,93.11394500732422,25.13422203063965,170.5193634033203,38.87457275390625,53.7746696472168,55.74394989013672,86.42338562011719,48.094207763671875,69.9349136352539,33.274288177490234,95.88849639892578,164.45578002929688,168.43130493164062,75.24510955810547,67.29853820800781
2019-05-09,47.87255096435547,117.65660095214844,4.223468780517578,40.623748779296875,27.209999084472656,114.11178588867188,28.013216018676758,211.3724365234375,60.1328125,58.02314758300781,93.0395278930664,25.058311462402344,171.0963592529297,39.033233642578125,53.30958938598633,55.69319152832031,89.13745880126953,48.18032455444336,70.09111022949219,33.274288177490234,94.99349975585938,163.95860290527344,168.17620849609375,75.43599700927734,67.16918182373047
2019-05-10,47.2093505859375,119.18473815917969,4.189472675323486,40.257774353027344,27.959999084472656,114.37498474121094,28.068357467651367,213.69961547851562,60.02532958984375,57.68055725097656,93.03123474121094,24.948667526245117,171.45272827148438,39.375633239746094,53.52243423461914,56.17747497558594,89.7258529663086,48.719276428222656,70.6563720703125,32.68763732910156,94.4990005493164,163.95860290527344,170.0983428955078,76.31783294677734,67.6175537109375
2019-05-13,44.465572357177734,115.6409912109375,3.932128667831421,39.00298309326172,26.239999771118164,112.85327911376953,27.96495819091797,212.77589416503906,59.24229049682617,57.24859619140625,90.50103759765625,23.826900482177734,165.4449005126953,38.69084548950195,50.74776840209961,55.55376052856445,88.5858383178711,48.1449089050293,69.54072570800781,31.530838012695312,91.13400268554688,160.38589477539062,169.28182983398438,75.02692413330078,66.11723327636719
2019-05-14,45.16946792602539,116.93473052978516,4.021218776702881,39.36025619506836,27.31999969482422,112.54070281982422,28.026996612548828,210.0045928955078,59.43419647216797,58.4178352355957,91.22039794921875,24.138973236083984,166.55648803710938,38.824459075927734,51.44143295288086,55.62714767456055,89.46841430664062,49.03400802612305,70.16549682617188,32.22491455078125,92.00599670410156,161.4644775390625,168.414306640625,76.06326293945312,66.44489288330078
2019-05-15,45.710575103759766,118.58142852783203,3.9601709842681885,39.75237274169922,27.579999923706055,112.61474609375,28.36474609375,209.69371032714844,59.53402328491211,58.67106628417969,90.87311553955078,23.860639572143555,166.6583709716797,38.28163528442383,51.13402557373047,56.0380744934082,89.836181640625,48.81370544433594,70.18037414550781,32.497581481933594,93.55750274658203,161.58236694335938,169.31593322753906,76.37237548828125,67.0484619140625
2019-05-16,45.50945281982422,121.31966400146484,3.975308418273926,39.673954010009766,28.010000228881836,113.6840591430664,28.702510833740234,210.32437133789062,60.74696350097656,59.2072639465332,92.03900146484375,24.113662719726562,168.9834442138672,38.33174133300781,52.00898742675781,56.030731201171875,89.72479248046875,49.230716705322266,70.79024505615234,32.935508728027344,95.37850189208984,162.1048583984375,170.0983428955078,76.61783599853516,68.03143310546875
2019-05-17,45.25087356567383,120.51043701171875,3.8844807147979736,39.11626434326172,27.5,114.01309204101562,28.58533477783203,214.4013214111328,60.43220901489258,59.1775016784668,91.59248352050781,23.95341682434082,167.53237915039062,38.16471481323242,51.29167175292969,55.70054244995117,89.51681518554688,48.86090850830078,69.1837387084961,32.241432189941406,93.44999694824219,162.27340698242188,169.44346618652344,76.88146209716797,68.04005432128906
2019-05-20,43.83588790893555,118.7696304321289,3.765859842300415,37.95732879638672,26.68000030517578,113.85677337646484,28.668054580688477,218.49606323242188,60.555030822753906,59.445594787597656,92.07206726074219,23.95341682434082,167.37115478515625,37.95594024658203,51.2049560546875,55.69318389892578,89.75447845458984,49.13629150390625,69.67462158203125,32.32406234741211,92.94850158691406,160.8998565673828,169.2478485107422,75.31783294677734,66.09999084472656
2019-05-21,44.67626953125,119.40949249267578,3.84800124168396,38.74156951904297,27.350000381469727,113.61003112792969,28.72319221496582,222.00460815429688,61.03098678588867,60.235023498535156,92.38629913330078,24.198013305664062,168.95797729492188,38.69084548950195,52.087806701660156,55.950016021728516,90.12586975097656,50.05685806274414,71.12492370605469,32.63804244995117,92.8759994506836,161.32119750976562,169.97076416015625,76.03600311279297,66.85015106201172
2019-05-22,43.761661529541016,120.13404846191406,3.777026891708374,38.34074020385742,27.40999984741211,114.136474609375,28.943767547607422,221.47166442871094,62.16717529296875,60.76380920410156,91.63383483886719,24.02932357788086,165.91163635253906,38.49876022338867,50.96848678588867,55.44369888305664,89.55393981933594,49.60837173461914,69.10194396972656,31.679563522338867,92.98400115966797,159.18092346191406,170.07284545898438,75.63600158691406,66.60872650146484
2019-05-23,43.0146598815918,118.73200225830078,3.655923843383789,38.802574157714844,26.360000610351562,114.9836654663086,28.895519256591797,218.94912719726562,62.197872161865234,60.43610763549805,89.83126831054688,23.413619995117188,162.8992462158203,38.04780960083008,50.36941909790039,54.14494323730469,87.54850769042969,46.81520080566406,66.08231353759766,30.97723388671875,90.77400207519531,161.7846221923828,169.2308349609375,75.12691497802734,65.88441467285156
2019-05-24,42.84946060180664,118.78846740722656,3.6020734310150146,38.83742141723633,26.440000534057617,114.99195861816406,28.91619873046875,219.9527587890625,62.31305694580078,59.62432861328125,90.71601104736328,23.767866134643555,163.77322387695312,38.55721664428711,50.755653381347656,54.372406005859375,88.17240905761719,47.11418533325195,64.8253402709961,30.57236099243164,91.16400146484375,163.1244354248047,168.21022033691406,74.6905517578125,65.66024780273438
2019-05-28,42.672298431396484,118.71318817138672,3.5569069385528564,37.96604919433594,29.049999237060547,113.517822265625,28.88173484802246,215.00531005859375,61.61444091796875,58.11249923706055,89.73202514648438,23.531700134277344,160.7523651123047,38.07285690307617,50.282711029052734,53.27908706665039,87.87529754638672,47.247955322265625,64.78813934326172,30.159215927124023,91.82150268554688,161.40545654296875,167.2746124267578,73.81786346435547,65.27224731445312
2019-05-29,42.46878433227539,117.565185546875,3.4827070236206055,38.54116439819336,28.09000015258789,108.76408386230469,28.757667541503906,215.30731201171875,60.92352294921875,58.13484191894531,89.48397827148438,23.405183792114258,160.2920684814453,37.98100280761719,50.219642639160156,52.948890686035156,86.73146057128906,47.318748474121094,64.28241729736328,29.894804000854492,90.95950317382812,160.09091186523438,166.7217559814453,71.69966125488281,64.91010284423828
2019-05-30,42.689048767089844,118.3085708618164,3.4561233520507812,38.97684860229492,28.030000686645508,109.41007232666016,28.88173484802246,216.28440856933594,61.16917419433594,57.799713134765625,88.5248031616211,22.907564163208008,159.71246337890625,37.62189483642578,50.14082336425781,52.80946350097656,85.69905090332031,46.3824577331543,62.445343017578125,29.068527221679688,90.81600189208984,161.00938415527344,169.46046447753906,72.05420684814453,65.677490234375
2019-05-31,41.91572570800781,116.37956237792969,3.365440845489502,38.37559509277344,27.40999984741211,108.61500549316406,28.619792938232422,214.77438354492188,60.80836868286133,57.12944412231445,87.61526489257812,22.435243606567383,155.55274963378906,37.05401611328125,48.989959716796875,51.9289436340332,84.56263732910156,46.390323638916016,60.898353576660156,28.66364097595215,88.75350189208984,159.9729766845703,169.623046875,70.3221435546875,65.5826416015625
2019-06-03,41.49193572998047,112.76625061035156,3.3237011432647705,37.87019348144531,27.579999923706055,108.85517883300781,28.895519256591797,210.12002563476562,61.61444091796875,56.37724685668945,88.02867889404297,22.502716064453125,156.1494140625,37.17928695678711,49.352569580078125,52.7434196472168,86.15211486816406,46.752254486083984,61.69416809082031,29.324668884277344,84.6344985961914,159.737060546875,170.05934143066406,71.06965637207031,65.7206039428711
2019-06-04,43.00987243652344,115.89027404785156,3.552767753601074,39.02913284301758,29.56999969482422,110.75169372558594,29.109207153320312,213.85061645507812,62.24393844604492,57.15922546386719,90.74080657958984,23.54857635498047,161.8519287109375,38.14802169799805,51.93014144897461,53.99817657470703,87.12512969970703,46.50048065185547,62.68335723876953,29.944852828979492,86.47799682617188,164.52320861816406,170.78652954101562,74.40616607666016,67.70376586914062
2019-06-05,43.70420837402344,118.40265655517578,3.510035753250122,38.81999588012695,29.5,111.29000854492188,29.281524658203125,215.635986328125,62.712223052978516,57.39009475708008,91.06328582763672,23.54013442993164,160.6244659423828,38.298336029052734,51.8513298034668,53.55058670043945,87.38509368896484,44.91112518310547,61.00991439819336,29.282773971557617,86.92500305175781,166.89907836914062,171.21432495117188,75.40896606445312,68.9454116821289
2019-06-06,44.345863342285156,120.27519989013672,3.5721476078033447,39.29925537109375,31.81999969482422,113.19480895996094,29.4400634765625,214.79217529296875,62.520301818847656,57.397552490234375,91.26173400878906,23.641895294189453,161.79225158691406,38.34844970703125,52.39522933959961,54.52649688720703,89.63565063476562,45.79235076904297,62.67591857910156,29.374954223632812,87.71800231933594,167.30638122558594,173.71240234375,75.1628189086914,70.18704223632812
2019-06-07,45.526214599609375,123.64386749267578,3.6148793697357178,40.10964584350586,32.40999984741211,114.74347686767578,29.584819793701172,219.1889190673828,63.30335235595703,57.66565704345703,90.2612533569336,23.34510040283203,161.79225158691406,38.10626220703125,51.7803840637207,54.7246208190918,90.22985076904297,46.390323638916016,62.92134475708008,29.83590316772461,90.20149993896484,167.4167022705078,175.79127502441406,76.03797912597656,71.11829376220703
2019-06-10,46.108001708984375,124.77301788330078,3.687673807144165,40.78060531616211,33.22999954223633,115.13275909423828,29.68821907043457,220.40579223632812,63.31870651245117,57.30818176269531,91.23694610595703,23.803010940551758,165.4660186767578,38.6407356262207,52.90758514404297,54.96675109863281,90.83148956298828,46.62636947631836,63.36760330200195,29.72695541381836,93.03150177001953,168.05313110351562,172.21522521972656,75.28131103515625,70.64403533935547
2019-06-11,46.64192199707031,124.30253601074219,3.7453131675720215,40.82416534423828,32.40999984741211,115.76213836669922,29.412494659423828,218.38949584960938,63.702545166015625,58.216758728027344,91.5180892944336,23.947174072265625,165.9860076904297,38.63239669799805,53.50666809082031,54.9153938293457,89.99959564208984,46.209354400634766,64.33448791503906,30.749412536621094,93.18499755859375,168.01918029785156,173.8920440673828,75.90122985839844,71.02344512939453
2019-06-12,46.49347686767578,123.72857666015625,3.6322708129882812,40.36233901977539,32.18000030517578,117.3356704711914,29.695106506347656,217.17262268066406,64.26296997070312,58.514678955078125,90.35218811035156,23.70125389099121,162.14170837402344,37.50498580932617,52.66324234008789,54.3210334777832,89.27169799804688,46.06773376464844,63.241172790527344,29.81915283203125,92.76599884033203,168.80831909179688,175.3207550048828,75.326904296875,71.50630187988281
2019-06-13,46.48390579223633,124.50956726074219,3.68345046043396,40.69346618652344,31.389999389648438,116.53236389160156,29.295316696166992,217.58119201660156,63.64111328125,58.797672271728516,90.57545471191406,23.69277572631836,163.19017028808594,37.82231140136719,52.876060485839844,54.797996520996094,89.80648040771484,46.4690055847168,64.32703399658203,30.833227157592773,93.51499938964844,171.7018280029297,174.9443359375,76.22029113769531,71.86843872070312
2019-06-14,46.14631652832031,124.63188934326172,3.5935134887695312,40.249046325683594,30.360000610351562,116.01888275146484,29.474531173706055,218.9105682373047,63.97343444824219,58.60404586791992,90.80696868896484,23.777572631835938,163.36915588378906,38.07285690307617,53.19135284423828,54.55583953857422,89.7322006225586,46.28017807006836,63.34528350830078,30.112470626831055,93.4834976196289,174.60385131835938,175.6287384033203,76.06532287597656,72.6358413696289
2019-06-17,46.421653747558594,125.00827026367188,3.6032028198242188,40.196781158447266,29.200000762939453,115.48058319091797,29.557254791259766,219.44580078125,64.37530517578125,58.57424545288086,90.31084442138672,23.68429183959961,162.6616668701172,37.80562210083008,52.45039367675781,55.09883117675781,90.16301727294922,46.42966842651367,63.56841278076172,30.72427749633789,94.30149841308594,175.6304931640625,174.36256408691406,74.8528823852539,71.58390808105469
2019-06-18,47.5134162902832,127.18191528320312,3.798232316970825,41.27729415893555,30.450000762939453,116.13481140136719,29.68821907043457,219.20497131347656,65.29495239257812,58.276344299316406,91.54288482666016,24.269407272338867,166.19912719726562,38.49876022338867,53.58549118041992,55.57578659057617,91.30683135986328,47.07484817504883,65.67322540283203,30.9505558013916,95.06849670410156,176.05484008789062,174.96145629882812,76.84931182861328,71.49767303466797
2019-06-19,47.37455749511719,127.68064880371094,3.8041954040527344,41.015872955322266,30.5,116.31702423095703,29.984619140625,223.21075439453125,65.96728515625,57.799713134765625,90.88139343261719,24.01500701904297,166.76170349121094,38.12297439575195,53.2780647277832,55.26759338378906,91.27713775634766,46.9332275390625,65.93352508544922,30.598562240600586,95.43949890136719,176.44515991210938,174.99566650390625,76.16561126708984,72.26507568359375
2019-06-20,47.7552375793457,128.86630249023438,3.828542947769165,41.120445251464844,30.010000228881836,117.77465057373047,30.05354118347168,221.04278564453125,65.37994384765625,58.343387603759766,91.11290740966797,23.972612380981445,166.81285095214844,38.298336029052734,53.680076599121094,56.214168548583984,92.30956268310547,47.75937271118164,68.01605987548828,32.05683517456055,95.90950012207031,179.25384521484375,175.48329162597656,77.70622253417969,73.02384185791016
2019-06-21,47.59242248535156,128.8851318359375,3.7704062461853027,41.355712890625,29.100000381469727,117.67520904541016,30.101795196533203,225.07537841796875,65.35678100585938,58.67106628417969,90.49276733398438,23.84541130065918,167.01742553710938,39.15851593017578,53.577606201171875,57.00664520263672,92.79235076904297,47.46826171875,68.70030212402344,32.58483123779297,95.56500244140625,177.67555236816406,174.74757385253906,78.17115783691406,72.27368927001953
2019-06-24,47.54453659057617,129.64732360839844,3.792766571044922,41.50385665893555,29.260000228881836,118.47860717773438,30.163829803466797,222.7200927734375,66.0832290649414,58.42530059814453,89.8478012084961,23.726694107055664,168.33859252929688,38.6407356262207,53.13619613647461,56.46364974975586,92.77752685546875,47.61774444580078,67.35409545898438,32.39206314086914,95.69499969482422,174.37469482421875,174.45669555664062,77.0316390991211,72.12710571289062
2019-06-25,46.823875427246094,125.5540542602539,3.7634496688842773,40.82416534423828,28.860000610351562,119.455810546875,30.163829803466797,220.95361328125,65.87457275390625,48.929786682128906,89.10362243652344,23.540136337280273,167.11972045898438,38.53217315673828,52.45039367675781,55.96467971801758,91.83419799804688,47.027652740478516,66.96735382080078,32.33340072631836,93.91349792480469,173.7298583984375,175.9880828857422,75.31780242919922,72.64447784423828
2019-06-26,47.836631774902344,126.02455139160156,3.956739902496338,41.99182891845703,29.920000076293945,117.47647857666016,29.63306999206543,217.21542358398438,64.56077575683594,50.6427001953125,89.6989517211914,23.667335510253906,167.92945861816406,38.248233795166016,52.986419677734375,56.20683288574219,92.04960632324219,49.37234115600586,69.23578643798828,32.70216369628906,94.8915023803711,175.15541076660156,174.99566650390625,75.25399017333984,71.89431762695312
2019-06-27,47.822269439697266,126.23149871826172,4.055373191833496,41.355712890625,30.739999771118164,116.51579284667969,29.936368942260742,219.77593994140625,64.7848892211914,52.13219451904297,89.99663543701172,23.921728134155273,169.8985137939453,38.65743637084961,53.71950149536133,55.634483337402344,91.4405288696289,48.207862854003906,68.50692749023438,32.777587890625,95.21399688720703,175.66452026367188,176.46713256835938,76.26588439941406,72.04949951171875
2019-06-28,47.38651657104492,126.0527572631836,4.0802178382873535,41.71298599243164,30.3700008392334,115.34806060791016,29.86054039001465,217.69712829589844,64.80036926269531,54.15791320800781,92.44416809082031,24.591642379760742,174.39913940429688,39.517601013183594,55.201393127441406,56.228843688964844,92.42840576171875,47.995418548583984,69.2878646850586,33.30558395385742,94.68150329589844,176.4706268310547,177.6562957763672,76.5302505493164,72.2823257446289
2019-07-01,48.2556266784668,127.67122650146484,4.128416061401367,41.869834899902344,31.200000762939453,115.41429901123047,30.17072296142578,216.4749298095703,65.49588012695312,54.664329528808594,93.99868774414062,24.94779396057129,176.3255157470703,39.82660675048828,55.76106262207031,56.17747497558594,92.72550201416016,48.97892761230469,69.23578643798828,32.953582763671875,96.1094970703125,178.4307403564453,176.4927978515625,77.86119842529297,72.90312957763672
2019-07-02,48.53814697265625,128.51808166503906,4.030529022216797,41.93082046508789,31.239999771118164,115.96920776367188,30.480907440185547,217.66148376464844,66.0832290649414,55.282474517822266,94.0979232788086,24.71883773803711,175.575439453125,39.442440032958984,55.52459716796875,55.56111145019531,91.30683135986328,47.28729248046875,65.12286376953125,32.83624267578125,96.71549987792969,178.31195068359375,179.29891967773438,77.45098114013672,73.73088073730469
2019-07-03,48.940364837646484,129.3461456298828,4.043447494506836,42.27938461303711,31.190000534057617,117.71662902832031,30.604982376098633,218.76779174804688,67.15743255615234,55.82612991333008,93.94803619384766,24.6340389251709,175.6265411376953,39.80155563354492,55.847774505615234,56.08942794799805,91.61882019042969,47.60200881958008,64.85509490966797,33.0960693359375,96.94999694824219,179.97506713867188,182.0622100830078,78.58139038085938,75.69683074951172
2019-07-05,48.89727783203125,128.96975708007812,3.980839252471924,41.89597702026367,31.5,116.41641235351562,30.274126052856445,220.35581970214844,66.15274810791016,54.358985900878906,94.50595092773438,24.812116622924805,177.2120361328125,39.89340591430664,56.281307220458984,55.86194610595703,91.75991821289062,47.12992477416992,65.87405395507812,33.16310119628906,97.14550018310547,179.4320068359375,180.71908569335938,79.14656829833984,75.69683074951172
2019-07-08,47.889305114746094,128.87570190429688,3.905808687210083,41.669410705566406,32.040000915527344,116.74766540527344,29.84674644470215,221.1141815185547,64.94718170166016,53.04079055786133,93.98966979980469,24.7612361907959,175.37937927246094,39.6929817199707,56.0684814453125,56.118778228759766,91.80447387695312,47.122047424316406,67.04915618896484,33.43130111694336,97.61599731445312,180.66241455078125,181.5061492919922,80.65987396240234,75.39503479003906
2019-07-09,48.181400299072266,128.40518188476562,3.9082934856414795,41.60841369628906,33.150001525878906,117.11210632324219,29.89500617980957,219.4725799560547,65.58087921142578,53.0556755065918,94.3893814086914,24.888431549072266,177.1011505126953,39.943519592285156,56.407432556152344,56.08209991455078,91.61882019042969,47.122047424316406,66.3054428100586,33.69110107421875,99.41500091552734,179.8902130126953,181.44622802734375,80.25875854492188,75.21395111083984
2019-07-10,48.65785598754883,129.713134765625,3.976616382598877,42.009246826171875,33.790000915527344,116.94642639160156,30.370620727539062,220.7930145263672,65.54996490478516,53.361026763916016,94.11456298828125,24.608596801757812,175.56689453125,39.375633239746094,56.0684814453125,56.87455368041992,93.1711654663086,48.160648345947266,67.42848205566406,34.04309844970703,100.87049865722656,178.82955932617188,182.22476196289062,79.71179962158203,76.2055435180664
2019-07-11,48.30350875854492,130.23065185546875,4.131149768829346,42.349090576171875,33.060001373291016,116.03546142578125,29.62618064880371,232.99783325195312,62.59781265258789,53.0556755065918,95.013916015625,24.89691734313965,180.15280151367188,39.36729431152344,56.446861267089844,56.91858673095703,93.1637191772461,48.35734558105469,67.5623779296875,34.33642578125,100.05349731445312,181.62123107910156,181.9595947265625,80.48664093017578,76.80049896240234
2019-07-12,48.674625396728516,130.7011260986328,4.1641926765441895,43.49930953979492,33.209999084472656,111.22376251220703,29.226383209228516,237.2266387939453,61.616355895996094,53.13885498046875,96.0132064819336,24.973237991333008,182.36045837402344,39.55100631713867,56.572967529296875,56.96259689331055,93.57223510742188,48.59339141845703,67.60698699951172,34.20233917236328,100.55000305175781,185.1766357421875,182.2162628173828,81.24332427978516,77.40406799316406
2019-07-15,49.13191223144531,130.7011260986328,4.155745983123779,43.673587799072266,34.38999938964844,111.56331634521484,29.46764373779297,237.28021240234375,62.56694793701172,53.13129806518555,94.84737396240234,24.778194427490234,180.3488006591797,39.0081901550293,56.525657653808594,56.55904006958008,93.3791275024414,47.720035552978516,66.0079345703125,33.917388916015625,101.04949951171875,185.57546997070312,183.2599334716797,81.57150268554688,77.74036407470703
2019-07-16,48.96192169189453,128.98861694335938,4.151025772094727,42.84577941894531,33.849998474121094,109.7330551147461,29.536561965942383,236.12046813964844,63.05378723144531,52.292015075683594,95.8633041381836,24.583160400390625,183.70721435546875,37.8306770324707,56.21826171875,55.71519470214844,92.66609954833984,47.011905670166016,64.9170150756836,33.582149505615234,100.49500274658203,184.35354614257812,182.84072875976562,80.76924896240234,77.67137908935547
2019-07-17,48.686588287353516,128.2264404296875,4.216367721557617,43.037479400634766,33.599998474121094,109.2030258178711,29.460739135742188,237.89578247070312,63.30882263183594,51.65690231323242,94.92233276367188,24.752758026123047,181.81495666503906,37.75551223754883,55.82413101196289,55.385009765625,92.20557403564453,47.03550338745117,63.566444396972656,32.37530517578125,99.60150146484375,182.95347595214844,182.83221435546875,79.7664794921875,77.81794738769531
2019-07-18,49.23964309692383,128.36752319335938,4.228043079376221,43.51673126220703,33.0,109.37693786621094,29.681316375732422,232.49822998046875,63.90388107299805,51.60396194458008,95.48857116699219,24.998676300048828,182.8548583984375,38.26494216918945,56.5887336730957,54.9153938293457,92.60667419433594,47.46038055419922,63.74551010131836,32.50101852416992,98.8949966430664,181.96063232421875,184.7143096923828,79.71179962158203,78.89575958251953
2019-07-19,48.50461196899414,128.55575561523438,4.184813022613525,43.80429458618164,32.5099983215332,107.91936492919922,29.481426239013672,228.97413635253906,62.89924240112305,51.8232307434082,94.54757690429688,24.93083381652832,182.00242614746094,38.440303802490234,55.902957916259766,55.025455474853516,92.8740463256836,47.709495544433594,64.94686126708984,32.44234848022461,98.22599792480469,180.772705078125,182.96908569335938,78.90044403076172,77.86104583740234
2019-07-22,49.6131591796875,130.25894165039062,4.2563652992248535,44.74538040161133,32.849998474121094,106.53630065917969,29.515892028808594,227.78758239746094,62.7601203918457,51.41493225097656,95.15548706054688,25.07499122619629,182.41160583496094,38.81611251831055,56.05271530151367,55.08414840698242,93.07459259033203,47.79648208618164,65.07371520996094,33.0960693359375,99.28150177001953,179.27081298828125,183.93580627441406,78.37171173095703,78.39566802978516
2019-07-23,50.001014709472656,131.0681610107422,4.364189624786377,45.093929290771484,33.4900016784668,106.70191192626953,29.702007293701172,227.51100158691406,63.39383316040039,51.210784912109375,96.89585876464844,25.65162467956543,187.0400390625,39.41740036010742,56.74639129638672,55.3043098449707,93.45341491699219,47.66995620727539,65.35726165771484,33.31396484375,99.72450256347656,180.80665588378906,183.34548950195312,79.0372085571289,77.6972427368164
2019-07-24,49.96031951904297,132.41375732421875,4.438724040985107,46.11344909667969,34.11000061035156,107.48040771484375,29.564146041870117,224.04940795898438,63.177425384521484,51.00665283203125,97.28726196289062,26.00777816772461,189.2562713623047,40.461280822753906,57.55040740966797,55.296939849853516,93.98818969726562,47.51179122924805,65.42440795898438,33.8000602722168,100.04049682617188,182.18975830078125,182.0365753173828,79.0372085571289,78.162841796875
2019-07-25,49.565269470214844,131.91502380371094,4.307545185089111,45.451210021972656,33.66999816894531,108.59017944335938,29.412494659423828,221.88140869140625,63.177425384521484,50.40176773071289,96.3545913696289,25.727947235107422,187.5088653564453,40.16063690185547,56.2734260559082,54.98142623901367,93.3122787475586,46.6893424987793,63.77534866333008,33.4815788269043,98.69100189208984,182.90252685546875,183.4567108154297,79.56591796875,78.44740295410156
2019-07-26,49.73765563964844,132.99710083007812,4.349531650543213,44.95451354980469,34.02000045776367,108.26716613769531,29.702007293701172,225.66419982910156,62.93013381958008,51.23347854614258,96.77930450439453,26.092571258544922,189.3500518798828,41.17112350463867,56.88039779663086,54.893367767333984,91.89363861083984,46.460018157958984,62.8948860168457,33.53185272216797,97.15249633789062,184.05654907226562,184.43197631835938,79.80294799804688,85.45748901367188
2019-07-29,50.20212936401367,132.7054443359375,4.343321323394775,45.75618362426758,33.47999954223633,110.16366577148438,28.57154655456543,226.44932556152344,63.74931716918945,50.794925689697266,96.47117614746094,25.88058853149414,187.79869079589844,40.31931686401367,56.56507873535156,55.28227996826172,92.27244567871094,46.017154693603516,62.61881637573242,32.861385345458984,95.62249755859375,185.01539611816406,183.918701171875,79.87586975097656,84.51759338378906
2019-07-30,49.98664855957031,132.06558227539062,4.35897159576416,45.05036163330078,33.869998931884766,109.38520050048828,26.738006591796875,227.43963623046875,64.35211944580078,50.794925689697266,96.25466918945312,26.194334030151367,188.7192840576172,40.54479217529297,56.525657653808594,55.28962707519531,92.35411834716797,47.06102752685547,64.21560668945312,33.14634323120117,94.92649841308594,184.43838500976562,181.66015625,79.49298858642578,83.33634948730469
2019-07-31,51.006587982177734,128.2264404296875,4.191770076751709,44.048282623291016,30.450000762939453,107.84479522705078,26.77247428894043,222.1580047607422,64.13573455810547,50.37150955200195,96.5960922241211,26.016260147094727,187.63674926757812,40.427879333496094,56.092140197753906,54.56318664550781,91.4405288696289,46.72098159790039,64.05891418457031,33.49834060668945,93.33899688720703,181.32420349121094,180.2742156982422,78.42640686035156,81.64634704589844
2019-08-01,49.90285110473633,129.91079711914062,4.097360134124756,43.133331298828125,29.860000610351562,107.90278625488281,26.612451553344727,222.37216186523438,64.67670440673828,49.75151062011719,94.0479507446289,25.00715446472168,180.36587524414062,39.30048370361328,53.877140045166016,53.16901779174805,89.68021392822266,46.49956130981445,60.4921989440918,32.27473449707031,92.76599884033203,180.5945281982422,180.7276153564453,75.77361297607422,82.24129486083984
2019-08-02,48.84700012207031,128.81919860839844,4.004690647125244,42.418800354003906,29.440000534057617,108.54875183105469,26.438512802124023,223.08580017089844,65.27948760986328,49.41126251220703,94.0396499633789,24.913875579833984,178.46502685546875,39.617820739746094,53.694480895996094,52.64804458618164,89.67279815673828,44.65697479248047,61.52937316894531,31.36121368408203,91.16200256347656,180.01754760742188,183.49090576171875,73.96858215332031,82.35337829589844
2019-08-05,46.28995132446289,124.40605926513672,3.7463066577911377,40.92874526977539,27.989999771118164,107.79510498046875,25.714927673339844,218.6339569091797,64.23619842529297,49.32054138183594,91.24166870117188,23.811494827270508,171.91009521484375,38.53217315673828,51.76462173461914,51.56939697265625,88.19470977783203,43.241432189941406,58.947635650634766,30.16275405883789,88.25650024414062,173.8995819091797,180.04319763183594,71.9903793334961,80.79270935058594
2019-08-06,47.166259765625,126.73968505859375,3.785064935684204,41.1963005065918,28.860000610351562,108.30030059814453,25.707971572875977,221.5067596435547,65.18675994873047,48.97272491455078,91.95782470703125,24.09980583190918,175.6009979248047,39.19191360473633,52.61438751220703,52.068359375,88.6700668334961,42.88555908203125,58.410377502441406,29.718568801879883,89.3915023803711,177.1749267578125,183.1487274169922,74.11445617675781,82.20679473876953
2019-08-07,47.6546745300293,127.29485321044922,3.8233251571655273,40.994529724121094,29.190000534057617,107.8365249633789,25.45054054260254,219.87405395507812,65.1094741821289,48.73834991455078,89.95925903320312,23.65037727355957,175.37088012695312,38.256591796875,51.73285675048828,51.73082733154297,88.46208190917969,42.16593551635742,57.86567306518555,29.115148544311523,89.66999816894531,176.4197235107422,185.50137329101562,74.09622955322266,82.4145278930664
2019-08-08,48.705745697021484,130.69178771972656,3.9318954944610596,41.380531311035156,33.91999816894531,109.05393981933594,25.652313232421875,220.91787719726562,65.48041534423828,49.48688507080078,91.48316955566406,24.06588363647461,176.44485473632812,39.18555450439453,53.00355911254883,53.110321044921875,91.52967834472656,43.549842834472656,59.96241760253906,29.509048461914062,91.64450073242188,179.525390625,186.51089477539062,75.6642074584961,83.32331085205078
2019-08-09,48.304386138916016,129.58143615722656,3.8305296897888184,40.33658981323242,34.189998626708984,109.35206604003906,25.290523529052734,221.81900024414062,66.09093475341797,49.585166931152344,91.38322448730469,24.02349090576172,176.359619140625,39.101097106933594,52.45556640625,51.980308532714844,90.92803192138672,42.71159744262695,59.223716735839844,28.939144134521484,90.37899780273438,178.21014404296875,189.19717407226562,74.73436737060547,83.34927368164062
2019-08-12,48.18181610107422,127.77476501464844,3.762705087661743,40.00321960449219,32.43000030517578,109.26097106933594,24.62259864807129,216.9744873046875,65.70455169677734,48.791263580322266,89.6678237915039,23.43837547302246,171.7738037109375,38.36637878417969,51.01809310913086,51.727725982666016,90.28185272216797,42.007755279541016,58.14177703857422,28.721242904663086,89.24600219726562,175.65603637695312,185.7837371826172,74.43353271484375,82.14620208740234
2019-08-13,50.22222137451172,130.41888427734375,3.876988410949707,41.091033935546875,32.11000061035156,110.49494934082031,24.49041175842285,222.3453826904297,66.52372741699219,49.154197692871094,91.0501480102539,23.506216049194336,173.98143005371094,38.813968658447266,51.48666000366211,52.366607666015625,90.90576171875,42.60087585449219,58.5894660949707,29.02296257019043,91.21700286865234,176.77613830566406,187.98240661621094,75.95591735839844,83.63489532470703
2019-08-14,48.72737121582031,126.49137115478516,3.728419065475464,40.24008560180664,30.239999771118164,107.87792205810547,23.822486877441406,216.9744873046875,64.45257568359375,48.012481689453125,87.26956939697266,22.403831481933594,166.69349670410156,37.13338851928711,48.77056884765625,50.25679016113281,87.45194244384766,40.94806671142578,55.97786331176758,27.10373878479004,88.14800262451172,171.05690002441406,185.20196533203125,73.86833953857422,82.15483856201172
2019-08-15,48.48463439941406,126.20819091796875,3.6961212158203125,40.0909538269043,29.670000076293945,108.10980224609375,23.98946762084961,217.9113311767578,64.49896240234375,47.61930847167969,87.60266876220703,22.25967788696289,167.22198486328125,36.6351203918457,48.699092864990234,49.95963668823242,86.86516571044922,40.260074615478516,55.91817092895508,26.525461196899414,88.80599975585938,171.22662353515625,186.7333221435547,72.48265838623047,82.68283081054688
2019-08-16,49.628604888916016,128.52127075195312,3.96419358253479,40.79276657104492,31.18000030517578,108.7889175415039,24.10774803161621,219.1959991455078,65.7354507446289,48.71565628051758,89.70112609863281,22.92110252380371,169.9837188720703,37.488075256347656,50.414520263671875,50.73967742919922,86.90269470214844,40.702919006347656,56.6494255065918,27.42221450805664,89.62850189208984,172.80491638183594,186.90443420410156,73.1845932006836,83.53968811035156
2019-08-19,50.55390167236328,130.673828125,4.242950916290283,41.43315887451172,31.479999542236328,109.52599334716797,24.47649574279785,218.3217315673828,66.60871124267578,50.32615280151367,90.50888061523438,23.12462043762207,172.35337829589844,38.214359283447266,51.07368469238281,51.59400177001953,88.02828216552734,42.65623092651367,58.0596809387207,28.578767776489258,90.80599975585938,176.45364379882812,187.16966247558594,73.95947265625,83.66087341308594
2019-08-20,50.55628967285156,129.5880889892578,4.170652389526367,40.88048553466797,30.719999313354492,108.15950775146484,24.079912185668945,214.26234436035156,66.19140625,50.21274185180664,89.35970306396484,22.658233642578125,170.46102905273438,37.73299026489258,50.36687469482422,51.28199005126953,87.142822265625,41.683536529541016,57.223968505859375,28.411155700683594,90.06900024414062,184.2093048095703,186.90443420410156,73.41251373291016,82.76937866210938
2019-08-21,51.10425567626953,131.03256225585938,4.2541279792785645,41.36298751831055,31.700000762939453,108.9297103881836,24.26080894470215,214.43185424804688,67.16515350341797,51.067138671875,89.60951232910156,22.83631134033203,171.05772399902344,38.00322723388672,50.23186492919922,51.794586181640625,88.45597839355469,41.620269775390625,57.61943435668945,28.235153198242188,91.177001953125,187.01792907714844,188.82080078125,75.42717742919922,83.36659240722656
2019-08-22,51.06100845336914,130.07901000976562,4.260341644287109,41.03839874267578,31.899999618530273,108.71439361572266,24.406919479370117,207.8209228515625,67.01832580566406,51.052005767822266,90.53385162353516,23.056787490844727,172.54087829589844,38.526832580566406,50.756019592285156,51.683135986328125,88.34345245361328,41.327667236328125,56.343505859375,28.251916885375977,90.23300170898438,187.5440673828125,187.777099609375,75.94682312011719,83.51371002197266
2019-08-23,48.70093536376953,125.93439483642578,4.035746097564697,39.44178009033203,29.540000915527344,105.78266143798828,23.892065048217773,205.7867889404297,65.64271545410156,49.88005065917969,88.28548431396484,22.446231842041016,167.2390594482422,37.51341247558594,49.19942855834961,50.1379280090332,86.4299545288086,39.87257385253906,53.53789138793945,26.84393310546875,87.48100280761719,184.53172302246094,183.64491271972656,73.3304672241211,81.9644546508789
2019-08-26,49.62620544433594,127.87924194335938,4.110528945922852,39.9681396484375,30.280000686645508,106.63373565673828,24.23993682861328,206.16152954101562,66.36914825439453,50.25053405761719,88.99332427978516,22.7091064453125,170.1798095703125,37.98633575439453,49.810943603515625,50.40537643432617,86.85016632080078,40.623844146728516,53.91096878051758,26.475177764892578,88.44349670410156,185.53302001953125,185.5698699951172,74.9804916381836,83.52238464355469
2019-08-27,49.06623458862305,128.1530303955078,4.019845962524414,40.16990661621094,30.200000762939453,108.16899108886719,23.892065048217773,198.89036560058594,66.09093475341797,49.65322494506836,88.05231475830078,22.446231842041016,168.83306884765625,37.79210662841797,48.969112396240234,49.915061950683594,86.91769409179688,40.315425872802734,53.47072219848633,26.190223693847656,88.09149932861328,185.15968322753906,184.83409118652344,74.77992248535156,83.16751098632812
2019-08-28,49.39549255371094,127.98307037353516,4.009401798248291,40.16990661621094,30.780000686645508,107.36798858642578,24.406919479370117,202.83370971679688,66.83283996582031,49.955657958984375,88.93502807617188,22.768465042114258,170.83615112304688,38.4001579284668,49.52504348754883,50.27907943725586,87.66808319091797,41.08252716064453,54.11989212036133,26.50031852722168,88.2125015258789,188.33319091796875,186.56224060058594,76.101806640625,84.01573944091797
2019-08-29,50.23185348510742,130.39999389648438,4.1531453132629395,41.117347717285156,31.450000762939453,107.00086975097656,24.580860137939453,205.7511444091797,67.01832580566406,50.069087982177734,90.95021057128906,23.17550277709961,174.49867248535156,39.008209228515625,50.748085021972656,50.83625030517578,88.18585968017578,41.351383209228516,55.57492446899414,27.036693572998047,89.31999969482422,192.88987731933594,188.67535400390625,77.83384704589844,84.56101989746094
2019-08-30,50.16695785522461,130.154541015625,4.165827751159668,41.59107971191406,31.450000762939453,107.1009750366211,24.733922958374023,208.76661682128906,66.82511901855469,49.70616149902344,91.48316955566406,23.328140258789062,174.90182495117188,39.32912063598633,51.10545349121094,50.87339401245117,88.33594512939453,41.264400482177734,55.358524322509766,27.179168701171875,88.81449890136719,193.39048767089844,187.46270751953125,77.23062896728516,83.57429504394531
2019-09-03,49.43635559082031,128.43624877929688,4.082764625549316,41.2138557434082,30.899999618530273,107.41802978515625,25.130495071411133,205.7511444091797,66.96421813964844,49.44908142089844,90.40062713623047,22.938064575195312,170.6645965576172,38.92374801635742,50.36687469482422,50.93281936645508,87.24785614013672,41.1536865234375,55.31377029418945,27.000411987304688,89.49199676513672,190.1321258544922,186.7402801513672,77.38602447509766,83.75608825683594
2019-09-04,50.275115966796875,129.9374237060547,4.196914196014404,42.91574478149414,30.950000762939453,107.5181655883789,24.928730010986328,202.2805633544922,66.50054168701172,50.1900520324707,91.49150085449219,23.31117820739746,173.03195190429688,39.2700080871582,51.04985809326172,51.47514724731445,87.98323822021484,42.15011215209961,56.38825607299805,28.072933197021484,90.03099822998047,191.36143493652344,187.9185333251953,78.92149353027344,83.1848373413086
2019-09-05,51.25806427001953,132.22215270996094,4.469977378845215,43.950923919677734,31.5,107.28453826904297,25.28356170654297,204.83213806152344,66.5391616821289,50.6815185546875,93.57329559326172,24.002578735351562,177.5950927734375,40.21585464477539,52.68587112426758,52.20317459106445,88.27589416503906,42.26081848144531,56.410640716552734,28.99224281311035,92.03600311279297,194.7763214111328,188.76998901367188,80.81342315673828,82.70878601074219
2019-09-06,51.25326156616211,131.3252410888672,4.442869186401367,44.67026901245117,30.559999465942383,106.97583770751953,25.39488410949707,204.30580139160156,66.90239715576172,51.127628326416016,93.77315521240234,23.669679641723633,177.73236083984375,39.818939208984375,52.392024993896484,52.69348907470703,88.74114227294922,42.41108322143555,57.037445068359375,29.111412048339844,91.67549896240234,197.3204345703125,189.234375,81.06017303466797,82.86459350585938
2019-09-09,51.47195816040039,129.8335418701172,4.4888763427734375,45.25802993774414,30.5,105.92448425292969,25.624483108520508,205.8046112060547,64.50668334960938,50.4320068359375,96.0964584350586,24.437898635864258,181.8238067626953,40.88302993774414,54.631614685058594,53.10950469970703,89.58907318115234,43.47075271606445,59.69379425048828,30.839372634887695,91.56749725341797,198.80589294433594,186.8520965576172,81.0418930053711,81.49708557128906
2019-09-10,52.08000183105469,128.4740447998047,4.555527687072754,45.45981216430664,30.229999542236328,108.0938949584961,26.00714874267578,207.3927001953125,63.131072998046875,51.55104064941406,97.320556640625,25.052474975585938,184.9545135498047,40.7985725402832,54.782508850097656,53.54038619995117,91.43504333496094,44.538352966308594,59.7684211730957,31.88636589050293,91.02749633789062,198.91688537597656,180.3329620361328,79.36018371582031,78.19945526123047
2019-09-11,53.73588943481445,128.51177978515625,4.584125518798828,46.310752868652344,29.760000228881836,109.44559478759766,26.028013229370117,208.9539794921875,64.08162689208984,52.54153060913086,97.5870361328125,25.1463680267334,185.95809936523438,41.25462341308594,54.71897506713867,53.43638610839844,91.00733184814453,45.234256744384766,60.46235275268555,31.76719093322754,91.14949798583984,198.62660217285156,180.78024291992188,79.2870864868164,78.7447280883789
2019-09-12,53.61574935913086,129.8335418701172,4.582634925842285,46.503746032714844,30.209999084472656,108.828125,25.937570571899414,205.2871856689453,64.38302612304688,53.55471420288086,98.18658447265625,25.325620651245117,187.62208557128906,41.085716247558594,55.03664779663086,53.473533630371094,91.11237335205078,44.562068939208984,59.45502471923828,31.409687042236328,92.17749786376953,199.5998077392578,182.45729064941406,80.12791442871094,79.67947387695312
2019-09-13,52.572689056396484,129.6447296142578,4.524688243865967,46.09143829345703,30.690000534057617,109.12019348144531,25.680145263671875,209.40150451660156,64.26634216308594,53.3127555847168,100.11851501464844,25.752410888671875,188.61709594726562,41.31372833251953,55.902305603027344,53.96384811401367,91.17242431640625,45.3449821472168,59.2386589050293,31.77570152282715,91.96700286865234,199.75355529785156,180.44480895996094,79.80802917480469,78.31198120117188
2019-09-16,52.84906768798828,128.71006774902344,4.481665134429932,45.79317092895508,30.829999923706055,108.08552551269531,25.624483108520508,210.13653564453125,63.815128326416016,53.365692138671875,99.22752380371094,25.7182674407959,186.31832885742188,41.36440658569336,55.45756149291992,54.77359390258789,93.13843536376953,49.44927215576172,63.9022102355957,33.46109390258789,90.39199829101562,197.20091247558594,178.3721160888672,79.76233673095703,77.39453125
2019-09-17,53.04133224487305,129.7107696533203,4.503051280975342,45.573856353759766,30.989999771118164,108.19402313232422,25.39488410949707,208.4245147705078,64.18856811523438,54.13691329956055,98.73619842529297,25.556081771850586,185.1946563720703,41.17860412597656,55.179595947265625,54.35757827758789,92.96585845947266,48.41331481933594,60.60414123535156,32.490718841552734,91.12750244140625,196.5349884033203,180.47918701171875,80.05482482910156,78.54566192626953
2019-09-18,53.5388298034668,130.77764892578125,4.475944995880127,45.38963317871094,30.420000076293945,108.81145477294922,25.3113956451416,206.71241760253906,64.5853042602539,53.88739776611328,99.72711944580078,25.607297897338867,186.19827270507812,41.322174072265625,55.6640510559082,54.09756088256836,93.18344116210938,47.45642852783203,60.67875671386719,32.37155532836914,90.87300109863281,197.06430053710938,180.97799682617188,80.50264739990234,78.72743225097656
2019-09-19,53.103816986083984,133.1851348876953,4.400341987609863,45.2404899597168,30.290000915527344,108.56114196777344,25.401840209960938,208.7202911376953,65.32434844970703,54.189849853515625,99.41071319580078,25.453655242919922,184.6114501953125,41.30528259277344,55.37814712524414,53.73353576660156,92.79327392578125,47.4247932434082,60.8951301574707,32.1417121887207,91.07499694824219,194.750732421875,181.05540466308594,80.15534210205078,79.2467269897461
2019-09-20,52.327537536621094,131.6461944580078,4.294648170471191,44.49481964111328,30.049999237060547,109.84606170654297,25.527084350585938,208.75616455078125,66.2500991821289,54.73423385620117,99.01097869873047,25.25733184814453,183.33335876464844,41.06882095336914,55.07634735107422,53.54781723022461,93.28853607177734,48.09698486328125,60.43998336791992,31.75016975402832,89.70800018310547,191.80535888671875,180.08358764648438,79.22309875488281,77.95710754394531
2019-09-23,52.56547164916992,131.36297607421875,4.348119258880615,44.652732849121094,30.639999389648438,109.92117309570312,25.2139835357666,205.06309509277344,65.62773895263672,55.14252471923828,98.99433898925781,25.19758415222168,183.0932159423828,41.347511291503906,55.235191345214844,53.584964752197266,93.7237319946289,47.59088134765625,59.79079818725586,31.77570152282715,89.26499938964844,193.15428161621094,181.93264770507812,80.14620208740234,78.59760284423828
2019-09-24,52.315528869628906,129.70138549804688,4.290671348571777,43.70527267456055,29.520000457763672,109.76264190673828,25.05396842956543,201.68374633789062,65.03652954101562,55.15764617919922,97.70360565185547,24.70250701904297,178.19552612304688,41.085716247558594,53.924800872802734,52.8494987487793,92.8532943725586,46.89496994018555,58.61931610107422,30.269062042236328,87.08049774169922,192.43711853027344,182.34547424316406,79.68006896972656,77.82727813720703
2019-09-25,53.120643615722656,131.57064819335938,4.4324235916137695,44.75800323486328,29.540000915527344,109.29539489746094,24.97743797302246,199.1470184326172,64.64753723144531,54.50739288330078,98.26155090332031,24.967117309570312,180.15118408203125,41.60087203979492,55.10017013549805,53.0055046081543,92.6806869506836,47.03731155395508,57.28367614746094,29.996681213378906,88.41649627685547,194.73362731933594,182.8700408935547,82.99778747558594,78.19945526123047
2019-09-26,52.8466682434082,131.74061584472656,4.410290241241455,44.67026901245117,29.469999313354492,107.50980377197266,24.89394187927246,193.1502685546875,65.25434875488281,55.97423553466797,97.45380401611328,24.864688873291016,178.59866333007812,41.271514892578125,54.885746002197266,52.72319793701172,90.1668701171875,45.613853454589844,56.03010940551758,29.40082550048828,86.99199676513672,196.1764373779297,182.8443145751953,84.24079132080078,77.72341918945312
2019-09-27,52.589515686035156,130.03179931640625,4.271521091461182,44.547454833984375,28.719999313354492,107.30123901367188,25.200075149536133,192.95306396484375,64.4997329711914,56.59424591064453,98.02838134765625,25.052474975585938,179.24197387695312,42.82542419433594,55.1637077331543,53.10207748413086,88.99627685546875,45.78783416748047,55.94803237915039,29.222076416015625,86.27249908447266,196.2362060546875,183.3258819580078,84.36875915527344,76.48572540283203
2019-09-30,53.82721710205078,131.25914001464844,4.328968524932861,45.20539855957031,28.989999771118164,107.95205688476562,24.998306274414062,194.79959106445312,65.48772430419922,57.252037048339844,98.00340270996094,24.89882469177246,177.74948120117188,42.597389221191406,54.86193084716797,52.45576095581055,88.99627685546875,45.0602912902832,55.38092803955078,29.085880279541016,86.79550170898438,198.08023071289062,184.65899658203125,85.84024810791016,76.52900695800781
2019-10-01,53.976226806640625,129.40869140625,4.327227592468262,44.529903411865234,28.760000228881836,108.46099090576172,24.65043067932129,194.70101928710938,65.04430389404297,55.36935043334961,96.22136688232422,24.27572250366211,173.8553924560547,41.43196487426758,54.123348236083984,51.2225456237793,87.05276489257812,43.613094329833984,53.411033630371094,27.834598541259766,86.78250122070312,197.27780151367188,179.76536560058594,84.34132385253906,74.8758773803711
2019-10-02,52.6231575012207,127.12394714355469,4.303354740142822,43.32805633544922,28.309999465942383,110.13812255859375,24.142528533935547,194.28871154785156,63.49616241455078,54.537635803222656,94.30609893798828,23.76357078552246,170.04702758789062,40.93369674682617,52.62233352661133,49.88534164428711,84.26131439208984,41.968223571777344,52.08283996582031,27.034461975097656,85.6614990234375,192.55665588378906,177.40020751953125,83.61929321289062,72.98038482666016
2019-10-03,53.07017135620117,128.66285705566406,4.509021282196045,43.88950729370117,28.68000030517578,109.4622802734375,24.664348602294922,193.04270935058594,64.36747741699219,55.83814239501953,94.17179107666016,23.73796844482422,169.18067932128906,40.942138671875,52.971778869628906,50.501953125,84.90666198730469,42.434818267822266,52.85886001586914,27.28131103515625,86.22100067138672,193.63235473632812,180.63397216796875,84.2864761352539,73.2833023071289
2019-10-04,54.55782699584961,130.39999389648438,4.525434494018555,44.67026901245117,29.010000228881836,111.523193359375,24.998306274414062,197.02264404296875,66.1256332397461,56.45058059692383,96.21153259277344,24.215970993041992,172.2342529296875,41.55863952636719,54.14717102050781,51.2374153137207,85.43193054199219,42.30827331542969,52.91856384277344,27.13660430908203,86.98249816894531,194.58851623535156,182.06167602539062,85.06336212158203,74.36521911621094
2019-10-07,54.569847106933594,129.4558563232422,4.584125518798828,44.4070930480957,28.93000030517578,111.10600280761719,24.928730010986328,198.3134307861328,65.65109252929688,56.20106506347656,96.0016860961914,24.16475486755371,171.8911895751953,41.2208366394043,54.123348236083984,50.53166198730469,84.98919677734375,43.178165435791016,52.05300521850586,27.068506240844727,86.63300323486328,193.5725860595703,182.25946044921875,85.15476989746094,74.30463409423828
2019-10-08,53.930564880371094,128.08692932128906,4.407556056976318,43.62632751464844,28.229999542236328,110.00462341308594,24.65043067932129,197.3004913330078,64.79534912109375,55.59619140625,93.86121368408203,23.58432960510254,169.29220581054688,40.384761810302734,52.733524322509766,49.5510368347168,83.82608032226562,42.62459182739258,51.28444290161133,26.14068603515625,85.27549743652344,193.51278686523438,181.56283569335938,83.8569107055664,73.49105072021484
2019-10-09,54.56263732910156,130.51332092285156,4.4941020011901855,44.28427505493164,28.459999084472656,107.81854248046875,24.831327438354492,199.06637573242188,65.48772430419922,55.42229080200195,94.5411376953125,23.80625343322754,168.84616088867188,40.6634635925293,53.551517486572266,50.10078811645508,84.8991470336914,43.4470329284668,51.17998504638672,26.30242156982422,86.09950256347656,195.4508056640625,183.04209899902344,84.56070709228516,74.30463409423828
2019-10-10,55.298057556152344,131.3252410888672,4.551795482635498,44.83694839477539,28.3799991607666,107.6850357055664,24.900901794433594,200.5453338623047,65.1609878540039,56.29179000854492,95.86738586425781,24.284257888793945,171.43653869628906,41.085716247558594,54.49659729003906,50.70252227783203,85.9872055053711,44.19040298461914,51.41876983642578,26.447128295898438,86.01300048828125,197.73019409179688,182.12185668945312,84.99939727783203,74.39984130859375
2019-10-11,56.768890380859375,131.87281799316406,4.625409126281738,45.696678161621094,29.75,109.57908630371094,25.12354278564453,199.05740356445312,65.6121826171875,56.48357391357422,97.4874038696289,24.67690086364746,175.56224060058594,41.55863952636719,55.67198181152344,51.244842529296875,87.15785217285156,44.625335693359375,51.672454833984375,27.647329330444336,86.59600067138672,200.3341064453125,179.76536560058594,85.8036880493164,74.74605560302734
2019-10-14,56.68716812133789,131.75003051757812,4.638838768005371,45.30190658569336,30.530000686645508,109.07011413574219,25.2557373046875,197.73074340820312,65.88446044921875,56.58330535888672,97.74761962890625,24.873226165771484,176.54010009765625,41.60932159423828,55.78317642211914,51.3934211730957,87.18032836914062,44.38810348510742,50.88151168823242,27.72393798828125,86.82150268554688,199.92422485351562,179.21493530273438,86.71765899658203,74.97108459472656
2019-10-15,56.554996490478516,133.65719604492188,4.883549690246582,46.18793487548828,30.719999313354492,110.8390121459961,25.39488410949707,213.86544799804688,66.15673828125,57.15097427368164,100.69390106201172,25.376829147338867,177.08905029296875,42.3187141418457,56.56147003173828,51.57170486450195,87.27788543701172,44.24574279785156,51.672454833984375,27.928234100341797,88.36900329589844,201.15357971191406,178.21728515625,86.63541412353516,74.82394409179688
2019-10-16,56.32667541503906,132.5620574951172,4.829833030700684,46.01248550415039,30.809999465942383,112.7831039428711,25.28356170654297,212.43128967285156,65.69776153564453,57.3427619934082,100.45885467529297,25.752410888671875,177.91249084472656,41.879554748535156,55.19548034667969,50.68769073486328,86.3774185180664,43.51271057128906,51.08650588989258,27.19619369506836,88.87149810791016,201.39268493652344,179.1461181640625,86.71765899658203,75.0489730834961
2019-10-17,56.545387268066406,131.88226318359375,4.831822872161865,45.49489974975586,31.139999389648438,113.61747741699219,25.36705780029297,218.4190673828125,65.19210815429688,57.64194107055664,101.02128601074219,25.8292293548584,177.08905029296875,41.89645004272461,55.2748908996582,50.620819091796875,86.55750274658203,43.44895553588867,50.030006408691406,27.145118713378906,89.3740005493164,202.1354217529297,177.89906311035156,87.33917236328125,74.68546295166016
2019-10-18,56.816951751708984,129.72970581054688,4.737319469451904,45.0562629699707,30.969999313354492,106.55029296875,25.36705780029297,219.9159698486328,65.87669372558594,58.65455627441406,101.1975326538086,25.90605354309082,177.1405029296875,42.200477600097656,55.38608932495117,50.227081298828125,86.09976959228516,42.9868278503418,48.2841796875,27.50263023376465,87.87550354003906,203.12570190429688,179.31814575195312,87.83269500732422,74.4604263305664
2019-10-21,57.802310943603516,130.69268798828125,4.874598026275635,45.73176193237305,32.029998779296875,106.81729888916016,25.36705780029297,218.6431121826172,65.7522201538086,59.29893112182617,103.70733642578125,26.477949142456055,179.482177734375,42.614295959472656,57.03004455566406,51.06654739379883,87.50299835205078,44.58837127685547,50.696868896484375,28.592178344726562,89.28299713134766,202.07568359375,180.47918701171875,87.9424057006836,73.87187957763672
2019-10-22,57.670143127441406,128.74783325195312,4.864648818969727,45.626487731933594,31.510000228881836,107.80186462402344,25.346187591552734,223.626953125,63.24723815917969,59.7362060546875,104.74816131591797,26.631595611572266,179.7823486328125,42.74940872192383,57.22858810424805,51.326560974121094,88.39598846435547,45.050506591796875,52.128021240234375,29.639162063598633,88.2864990234375,202.5024871826172,171.37997436523438,87.37571716308594,72.23605346679688
2019-10-23,58.444000244140625,129.56919860839844,4.851717948913574,45.37207794189453,31.360000610351562,108.38591003417969,25.582735061645508,222.12107849121094,64.4686050415039,59.64415740966797,105.0251693725586,26.819379806518555,181.25767517089844,43.011207580566406,57.53832244873047,51.81687545776367,88.53105163574219,44.819435119628906,53.90384292602539,30.07328987121582,88.1084976196289,200.34262084960938,171.3284149169922,84.3779067993164,71.61287689208984
2019-10-24,58.540138244628906,132.1182861328125,4.895735740661621,45.819488525390625,31.719999313354492,106.38340759277344,25.318355560302734,219.1719970703125,64.24301147460938,58.91537857055664,104.94964599609375,26.768165588378906,181.02606201171875,43.1547737121582,57.41917419433594,51.326560974121094,88.23088073730469,44.74773406982422,53.92631149291992,29.886016845703125,89.03900146484375,199.6767120361328,168.58485412597656,83.62844848632812,71.99372100830078
2019-10-25,59.26113510131836,132.86412048339844,5.086730480194092,49.53031539916992,32.709999084472656,107.0926513671875,25.582735061645508,219.53053283691406,63.99405288696289,58.708251953125,105.78903198242188,27.07544708251953,183.753662109375,43.55170440673828,58.110130310058594,51.4454231262207,89.04882049560547,44.89912796020508,54.308448791503906,29.868989944458008,88.06649780273438,200.09500122070312,167.37217712402344,83.09833526611328,72.16680908203125
2019-10-28,59.85475540161133,136.13075256347656,5.142688274383545,49.793479919433594,33.689998626708984,107.78514862060547,25.937570571899414,221.4487762451172,63.947364807128906,60.08907699584961,106.19194030761719,27.17788314819336,186.77293395996094,43.619258880615234,58.44367980957031,50.99225997924805,88.90623474121094,44.36526870727539,53.236968994140625,29.809412002563477,88.85399627685547,202.16102600097656,164.93824768066406,83.03435516357422,72.3572006225586
2019-10-29,58.47043991088867,134.8467254638672,5.046443939208984,49.42503356933594,33.029998779296875,107.73509979248047,26.58462142944336,226.14578247070312,66.20343017578125,60.196475982666016,106.1247787475586,27.374202728271484,186.67861938476562,44.058414459228516,58.04658889770508,50.84368133544922,88.64360046386719,45.48874282836914,53.80641555786133,29.613624572753906,88.135498046875,199.89012145996094,165.66070556640625,81.59942626953125,72.81594848632812
2019-10-30,58.463233947753906,136.52725219726562,5.048431396484375,49.65312957763672,33.130001068115234,110.8390121459961,26.77247428894043,228.3956756591797,67.07473754882812,61.1093635559082,105.5372085571289,26.990097045898438,185.10890197753906,43.94017791748047,57.951297760009766,50.308799743652344,87.31541442871094,43.85533142089844,52.16548156738281,28.175085067749023,88.99949645996094,201.68295288085938,169.33306884765625,82.4311294555664,72.86787414550781
2019-10-31,59.78505325317383,135.35655212402344,4.999191761016846,49.59171676635742,33.93000030517578,110.1714859008789,26.695938110351562,226.51329040527344,67.41703796386719,61.02499008178711,104.8572998046875,26.691343307495117,183.02462768554688,43.60237503051758,57.06974411010742,50.197364807128906,87.15033721923828,43.98281478881836,51.93319320678711,27.82608985900879,88.83300018310547,200.26576232910156,169.16969299316406,81.84617614746094,73.18812561035156
2019-11-01,61.48179626464844,135.68699645996094,5.038236618041992,49.57416915893555,34.88999938964844,109.4706039428711,26.70985221862793,226.07408142089844,66.07896423339844,62.712650299072266,107.27477264404297,27.143735885620117,186.4641571044922,44.06685256958008,59.06137466430664,51.70543670654297,87.20285034179688,45.536556243896484,53.311893463134766,29.315702438354492,89.5719985961914,202.62200927734375,166.79595947265625,81.50801849365234,72.01966857910156
2019-11-04,61.88555908203125,136.47059631347656,5.234951019287109,50.53916931152344,36.290000915527344,108.66127014160156,26.45938491821289,225.21353149414062,65.2698974609375,63.66389465332031,108.13095092773438,27.655881881713867,188.59136962890625,44.52289962768555,60.10920333862305,53.24323654174805,91.22493743896484,46.21382141113281,55.215091705322266,30.847877502441406,90.23300170898438,200.55606079101562,162.25497436523438,82.12953186035156,71.29261016845703
2019-11-05,61.79664993286133,136.38568115234375,5.212817668914795,50.48652648925781,36.150001525878906,108.8198013305664,26.076717376708984,224.36199951171875,64.50748443603516,62.78168869018555,108.3659896850586,28.014387130737305,187.5363311767578,45.01271438598633,59.853240966796875,54.298126220703125,91.5025863647461,46.620174407958984,55.45485305786133,31.256467819213867,90.08550262451172,198.2339324951172,165.28231811523438,82.14778900146484,70.87718200683594
2019-11-06,61.82307815551758,136.0079803466797,5.163576126098633,50.80849075317383,35.93000030517578,109.2703628540039,26.167165756225586,224.55917358398438,64.76422882080078,62.965797424316406,108.53385925292969,27.98878288269043,187.34759521484375,45.43498229980469,59.52530288696289,53.10950469970703,89.97178649902344,45.91900634765625,53.51420974731445,30.269062042236328,89.78849792480469,199.77915954589844,167.0023651123047,81.7822265625,71.82923889160156
2019-11-07,62.536582946777344,136.1968231201172,5.181233882904053,51.20542907714844,36.279998779296875,109.66251373291016,25.928329467773438,229.8835906982422,64.47638702392578,62.91209411621094,109.12142944335938,28.36435317993164,191.5248260498047,46.04033279418945,60.63710021972656,54.238704681396484,91.46507263183594,47.44087600708008,56.0018310546875,30.71169090270996,89.41000366210938,198.86561584472656,166.05628967285156,82.62310028076172,70.92913055419922
2019-11-08,62.70774841308594,137.80177307128906,5.167306900024414,51.399497985839844,36.290000915527344,110.97248840332031,26.026668548583984,230.3407745361328,65.02871704101562,65.36691284179688,109.44038391113281,28.389957427978516,191.19888305664062,46.12559127807617,60.88506317138672,53.20866775512695,90.74466705322266,47.13810348510742,55.97185134887695,30.93301010131836,89.29399871826172,198.7802276611328,166.51214599609375,82.0838394165039,70.77332305908203
2019-11-11,63.20430374145508,137.94342041015625,5.177255153656006,51.470062255859375,36.310001373291016,110.12142181396484,25.942378997802734,227.75918579101562,64.78756713867188,65.71211242675781,109.05428314208984,28.321674346923828,187.87081909179688,46.08294677734375,60.469139099121094,52.885379791259766,90.65464782714844,46.93889617919922,55.312503814697266,30.992595672607422,88.5824966430664,197.89244079589844,165.6779327392578,82.30316925048828,71.34455871582031
2019-11-12,63.146453857421875,138.8497314453125,5.212817668914795,51.337745666503906,36.709999084472656,109.59579467773438,25.970474243164062,228.7989959716797,65.44102478027344,66.31048583984375,108.41633605957031,28.244850158691406,189.05455017089844,46.2278938293457,60.04520034790039,52.156070709228516,90.76719665527344,46.39708709716797,54.915367126464844,30.822351455688477,88.9000015258789,199.01931762695312,166.22833251953125,81.80049133300781,72.47537231445312
2019-11-13,63.751522064208984,139.0763397216797,5.186953067779541,51.06429672241211,37.52000045776367,109.52902221679688,25.710559844970703,227.29312133789062,65.98558807373047,66.47924041748047,107.84554290771484,27.98878288269043,188.11962890625,45.43498611450195,59.11735916137695,51.72750473022461,91.75770568847656,45.86323547363281,54.405845642089844,29.817907333374023,87.65550231933594,200.45358276367188,167.70762634277344,83.43649291992188,73.01465606689453
2019-11-14,63.31036376953125,139.78443908691406,5.217292785644531,50.99372863769531,38.349998474121094,109.2703628540039,25.67543601989746,229.3188934326172,65.77554321289062,67.22334289550781,107.94628143310547,27.911956787109375,188.21392822265625,45.60550308227539,59.06137466430664,51.50196075439453,91.51758575439453,45.61623764038086,54.21104049682617,29.54552459716797,87.7300033569336,201.94760131835938,166.8475799560547,83.4182357788086,73.39739227294922
2019-11-15,64.06244659423828,141.5876922607422,5.0780253410339355,51.12602996826172,38.560001373291016,112.59117889404297,26.188241958618164,241.4827117919922,66.0478515625,67.9905014038086,108.72692108154297,28.108278274536133,188.91726684570312,45.869789123535156,59.509315490722656,52.0207405090332,91.41908264160156,46.413021087646484,55.05774688720703,30.09882354736328,86.97450256347656,202.57931518554688,166.82177734375,85.03597259521484,73.24951934814453
2019-11-18,64.3854751586914,141.93699645996094,5.2792181968688965,51.38185501098633,39.880001068115234,112.49942016601562,26.146093368530273,244.64688110351562,65.44882202148438,68.06720733642578,109.64185333251953,28.13388442993164,188.47128295898438,46.04033279418945,59.509315490722656,51.51699447631836,89.83531951904297,45.178001403808594,53.39431381225586,29.528501510620117,87.62650299072266,203.91114807128906,167.08837890625,86.077880859375,73.0842514038086
2019-11-19,64.19022369384766,141.98416137695312,5.1725287437438965,51.470062255859375,41.290000915527344,112.49105834960938,26.45517921447754,245.8121337890625,65.85335540771484,68.28968048095703,109.6082763671875,28.1168155670166,188.7371826171875,46.065895080566406,59.845237731933594,50.99070358276367,88.24395751953125,45.55248260498047,52.749916076660156,29.205049514770508,87.6395034790039,192.82131958007812,166.36593627929688,85.55693054199219,72.77110290527344
2019-11-20,63.442955017089844,141.7378387451172,5.251861095428467,51.07311248779297,40.97999954223633,113.42555236816406,26.026668548583984,247.0044403076172,66.33567810058594,66.89349365234375,108.81085205078125,27.903419494628906,186.9102020263672,45.648128509521484,59.11735916137695,51.14857864379883,88.91838836669922,47.297454833984375,53.99373245239258,30.762760162353516,87.27649688720703,188.58685302734375,166.95938110351562,85.04508209228516,72.71891784667969
2019-11-21,63.15851974487305,141.6052703857422,5.226992607116699,51.355384826660156,39.52000045776367,113.8427505493164,26.511384963989258,247.89175415039062,66.4834976196289,66.3718490600586,109.06267547607422,28.03145980834961,187.18463134765625,45.66517639160156,59.109375,52.381614685058594,90.00201416015625,47.974727630615234,54.93785858154297,31.17134666442871,86.7354965209961,186.5720977783203,165.4285125732422,84.23168182373047,71.58810424804688
2019-11-22,63.103084564208984,141.70947265625,5.244649887084961,50.81730270385742,39.150001525878906,115.20281982421875,26.92583656311035,248.15171813964844,66.47571563720703,66.01129150390625,109.78453826904297,28.321674346923828,188.9430694580078,46.27904510498047,59.8852424621582,52.156070709228516,89.89592742919922,47.727725982666016,54.690574645996094,31.162839889526367,87.28600311279297,186.1366424560547,166.10797119140625,85.3101577758789,72.21440124511719
2019-11-25,64.20950317382812,143.26303100585938,5.50130033493042,51.87582778930664,39.790000915527344,115.25321960449219,27.171707153320312,253.37750244140625,66.67021179199219,67.32308959960938,110.37213897705078,28.5692138671875,191.0616455078125,46.2193603515625,60.53311538696289,51.81023025512695,89.70648956298828,48.644039154052734,55.08770751953125,31.562904357910156,88.69200134277344,186.4525604248047,165.0329132080078,84.90799713134766,72.84941101074219
2019-11-26,63.7081184387207,144.02093505859375,5.396600246429443,51.95521926879883,38.9900016784668,115.24478912353516,26.89773941040039,252.23910522460938,67.94603729248047,67.29240417480469,110.52323150634766,28.466781616210938,190.80433654785156,45.878334045410156,60.357154846191406,51.68239974975586,89.25941467285156,47.89505386352539,53.88136672973633,30.97556495666504,89.84700012207031,188.46730041503906,166.85614013671875,85.30099487304688,73.55397033691406
2019-11-27,64.56385803222656,144.295654296875,5.4314422607421875,51.61119842529297,39.40999984741211,115.7320785522461,27.136579513549805,251.58485412597656,68.15609741210938,67.7603530883789,110.85059356689453,28.526533126831055,191.2332000732422,46.330204010009766,60.565120697021484,51.65232467651367,89.47154998779297,48.07831573486328,54.21104049682617,31.299028396606445,90.92549896240234,190.37966918945312,168.8256378173828,86.04133605957031,74.60647583007812
2019-11-29,64.42161560058594,143.40521240234375,5.394111633300781,51.20542907714844,39.150001525878906,115.513671875,27.059307098388672,250.86761474609375,67.82156372070312,67.30007934570312,110.59876251220703,28.44117546081543,190.9312744140625,46.432518005371094,60.0851936340332,51.22377014160156,88.75926208496094,47.75959777832031,53.124568939208984,30.813838958740234,90.04000091552734,188.25387573242188,168.33229064941406,85.67019653320312,74.31071472167969
2019-12-02,63.67678451538086,141.67156982421875,5.207704544067383,50.86141586303711,38.72999954223633,115.4044189453125,26.89773941040039,250.67945861816406,67.71265411376953,66.7630844116211,110.35533905029297,28.535070419311523,187.73110961914062,45.71632766723633,59.605289459228516,51.44181442260742,88.50920104980469,48.102230072021484,53.042171478271484,30.950027465820312,89.08000183105469,185.7866668701172,168.9381866455078,85.7343521118164,73.56266021728516
2019-12-03,62.54141616821289,141.44422912597656,5.168133735656738,49.458885192871094,38.900001525878906,115.23641967773438,26.729148864746094,248.2054901123047,67.9771499633789,65.93457794189453,108.93672943115234,28.03145980834961,183.0732421875,44.82963562011719,58.65346145629883,51.03581619262695,87.81959533691406,46.922969818115234,51.53608322143555,30.19915771484375,88.49800109863281,182.69619750976562,167.15518188476562,84.72636413574219,73.78013610839844
2019-12-04,63.09341812133789,141.95578002929688,5.211935520172119,49.41478729248047,39.689998626708984,117.10155487060547,26.79236602783203,250.37469482421875,68.98072052001953,66.89349365234375,111.08562469482422,28.29607391357422,186.26470947265625,45.392337799072266,59.373321533203125,51.614742279052734,88.61528778076172,48.309383392333984,53.98625183105469,31.234853744506836,88.03450012207031,183.95059204101562,168.18511962890625,85.8809585571289,74.28462982177734
2019-12-05,64.0190658569336,142.03155517578125,5.195011615753174,49.467716217041016,39.619998931884766,117.25279998779297,26.715099334716797,252.77694702148438,69.04293060302734,66.52527618408203,111.68999481201172,28.3990535736084,187.2998504638672,45.383819580078125,59.75725555419922,51.434295654296875,88.15303039550781,47.6799201965332,52.89228439331055,30.941396713256836,87.02400207519531,183.0054931640625,168.09861755371094,87.7778091430664,73.45825958251953
2019-12-06,65.25566864013672,143.75564575195312,5.280375003814697,50.11163330078125,39.630001068115234,117.94174194335938,26.89773941040039,252.12002563476562,69.12074279785156,66.72472381591797,113.35198974609375,28.89682960510254,193.74327087402344,46.35578536987305,60.63710021972656,52.26133728027344,89.42610931396484,49.37708282470703,55.417388916015625,31.839004516601562,87.58000183105469,184.105224609375,169.08531188964844,88.88658905029297,75.08489227294922
2019-12-09,64.34210205078125,143.38619995117188,5.280375003814697,49.86465835571289,38.93000030517578,118.04255676269531,26.918813705444336,249.73553466796875,69.01961517333984,66.31048583984375,112.82318115234375,28.75950813293457,191.32806396484375,45.97211456298828,60.253173828125,52.37411880493164,88.88807678222656,49.265541076660156,55.829505920410156,32.07203674316406,87.47550201416016,186.03839111328125,168.50540161132812,88.54755401611328,75.05010223388672
2019-12-10,64.71813201904297,143.1683349609375,5.325422286987305,49.917579650878906,39.439998626708984,117.61407470703125,27.031213760375977,251.5172576904297,69.31521606445312,66.40254211425781,112.8987045288086,28.77667808532715,191.38845825195312,45.77600860595703,60.61309814453125,51.922996520996094,89.33517456054688,49.20975112915039,56.0767707824707,32.227386474609375,86.96050262451172,185.49708557128906,168.73912048339844,88.89576721191406,74.84132385253906
2019-12-11,65.27013397216797,143.70835876464844,5.409043312072754,50.340972900390625,39.470001220703125,118.4458236694336,26.84856414794922,252.39901733398438,69.22187042236328,66.50993347167969,112.63011169433594,28.871084213256836,190.79327392578125,45.33265686035156,60.429141998291016,51.84781265258789,88.07723999023438,49.146018981933594,55.94937515258789,33.14225387573242,87.43599700927734,182.14634704589844,168.5400390625,89.05155944824219,75.31975555419922
2019-12-12,65.43648529052734,145.1671600341797,5.576536655426025,50.764381408691406,42.59000015258789,118.74827575683594,27.073362350463867,255.19747924804688,69.68086242675781,68.06720733642578,115.85338592529297,29.763654708862305,194.9853973388672,46.34725570678711,61.6289176940918,52.885379791259766,90.03234100341797,49.871089935302734,57.47793197631836,33.72052001953125,88.0165023803711,182.18067932128906,169.91627502441406,89.54640197753906,76.7288818359375
2019-12-13,66.32596588134766,146.3892059326172,5.574545860290527,50.97608947753906,41.150001525878906,118.78189849853516,26.92583656311035,256.88018798828125,69.86101531982422,67.38445281982422,114.83771514892578,29.557676315307617,194.07965087890625,45.86128234863281,61.10100555419922,52.050819396972656,89.38821411132812,49.958744049072266,56.563804626464844,33.66010284423828,88.0469970703125,183.9334259033203,170.6173553466797,89.59220886230469,77.1290283203125
2019-12-16,67.46131896972656,147.3365478515625,5.6034159660339355,50.896697998046875,42.349998474121094,119.12637329101562,27.49483871459961,262.7739562988281,69.93936157226562,68.60418701171875,115.28260803222656,29.780813217163086,196.70191955566406,46.2278938293457,61.51695251464844,52.62974166870117,90.44910430908203,50.054351806640625,58.37709426879883,34.00532913208008,88.46050262451172,185.17919921875,171.27513122558594,90.54521179199219,77.2247085571289
2019-12-17,67.59391784667969,146.5408172607422,5.681562423706055,50.54386901855469,42.77000045776367,120.61344909667969,27.326250076293945,261.3702697753906,69.72787475585938,69.10282135009766,115.98767852783203,30.072616577148438,199.38453674316406,46.330204010009766,62.18082046508789,52.389156341552734,89.87319946289062,50.61210632324219,59.05144500732422,34.05712127685547,89.53299713134766,187.06080627441406,170.09800720214844,91.31495666503906,76.65929412841797
2019-12-18,67.4323959350586,146.2376251220703,5.7119245529174805,50.4291877746582,42.29999923706055,120.30259704589844,27.319229125976562,263.5567932128906,70.19782257080078,68.5274658203125,115.87017822265625,30.132688522338867,198.78074645996094,45.758949279785156,62.324790954589844,52.532005310058594,89.83531951904297,50.35713577270508,60.38517379760742,34.1952018737793,89.20149993896484,187.30137634277344,169.32765197753906,92.15799713134766,76.53752136230469
2019-12-19,67.49990844726562,147.507080078125,5.86000394821167,51.12602996826172,42.83000183105469,122.1173324584961,27.37542152404785,265.10443115234375,70.4876480102539,68.097900390625,115.29098510742188,29.995363235473633,198.34083557128906,45.7248649597168,62.548763275146484,52.171104431152344,89.51705169677734,50.34917068481445,60.879722595214844,34.186588287353516,89.61399841308594,189.2087860107422,170.5654296875,92.68948364257812,76.99855041503906
2019-12-20,67.36009216308594,149.1174774169922,5.957315921783447,51.99931716918945,44.150001525878906,122.71383666992188,27.558063507080078,263.2778625488281,71.73307037353516,68.49678039550781,115.19867706298828,30.003955841064453,197.46963500976562,45.46907043457031,62.79672622680664,52.584625244140625,90.69159698486328,50.771461486816406,61.93620681762695,34.031227111816406,89.32499694824219,190.04220581054688,170.63467407226562,91.5990219116211,76.94634246826172
2019-12-23,68.45927429199219,149.1174774169922,5.94362735748291,52.24630355834961,45.459999084472656,123.03308868408203,27.62128257751465,265.52740478515625,71.85838317871094,69.23323059082031,115.16506958007812,30.184192657470703,197.60765075683594,45.878334045410156,62.99667739868164,52.8477783203125,91.18416595458984,51.47263717651367,62.475704193115234,35.205020904541016,89.6500015258789,188.34103393554688,169.82102966308594,91.67233276367188,76.74629211425781
2019-12-24,68.52436828613281,149.08914184570312,5.938650131225586,52.40507888793945,46.540000915527344,122.60462188720703,27.60021209716797,265.03253173828125,71.62339782714844,68.92639923095703,115.48404693603516,30.227102279663086,198.31494140625,45.8868522644043,62.860713958740234,52.6447868347168,91.1917495727539,51.528411865234375,62.797882080078125,35.08417510986328,89.46050262451172,189.59542846679688,170.2278594970703,91.76396942138672,76.99855041503906
2019-12-26,69.88390350341797,150.3111114501953,5.9528350830078125,52.7667350769043,46.630001068115234,122.52062225341797,27.663433074951172,266.03131103515625,71.54508972167969,68.91104888916016,116.70957946777344,30.48457145690918,199.43629455566406,46.168212890625,63.852516174316406,52.72748947143555,91.38877868652344,51.79136276245117,62.67802047729492,34.5836067199707,93.4384994506836,189.72430419921875,170.5654296875,92.28630828857422,76.61581420898438
2019-12-27,69.85739135742188,150.5858612060547,5.895096302032471,52.99608612060547,46.18000030517578,122.45338439941406,27.62128257751465,266.3192443847656,71.67039489746094,68.42774963378906,116.7934799194336,30.338665008544922,198.96189880371094,45.97211456298828,63.724552154541016,52.54703903198242,91.16144561767578,51.77542495727539,62.295875549316406,34.523170471191406,93.48999786376953,188.99400329589844,171.52618408203125,93.07435607910156,76.65929412841797
2019-12-30,70.27202606201172,149.28802490234375,5.781858444213867,52.59031295776367,45.52000045776367,122.0753173828125,27.333276748657227,264.41162109375,71.30224609375,67.90611267089844,116.36542510986328,30.167015075683594,198.22003173828125,45.699283599853516,63.596561431884766,52.23878479003906,90.82041931152344,51.48060607910156,61.73390579223633,34.86841583251953,92.34449768066406,186.70855712890625,170.435546875,92.36875915527344,76.05913543701172
2019-12-31,70.78546142578125,149.39222717285156,5.856023788452148,52.79319763183594,45.86000061035156,122.55421447753906,27.5229434967041,264.528564453125,71.2396011352539,67.92145538330078,117.0117416381836,30.227102279663086,198.33218383789062,45.869789123535156,63.9005126953125,52.464332580566406,91.32056427001953,51.815269470214844,62.76042556762695,34.695796966552734,92.39199829101562,187.62789916992188,171.0414581298828,92.83612060546875,76.47663116455078
2020-01-02,72.4005355834961,152.1583709716797,5.970753192901611,53.666473388671875,49.099998474121094,122.63819122314453,27.49483871459961,263.19683837890625,72.0933609008789,68.69623565673828,118.4303207397461,30.587556838989258,202.11886596679688,45.82716751098633,64.97232818603516,53.30641555786133,92.01774597167969,52.157867431640625,63.0451545715332,34.66990661621094,94.90049743652344,188.7276153564453,173.7939453125,93.65166473388672,77.72052001953125
2020-01-03,71.6966552734375,150.2637481689453,5.875187397003174,53.01371383666992,48.599998474121094,121.21833038330078,27.34732437133789,260.53338623046875,71.4745864868164,68.04418182373047,116.86746215820312,29.95246696472168,199.75546264648438,45.545814514160156,63.748558044433594,52.87785720825195,91.699462890625,52.34911346435547,63.682071685791016,35.00650405883789,93.74849700927734,188.1004638671875,173.1793975830078,93.39508056640625,77.26820373535156
2020-01-06,72.2679214477539,150.65219116210938,5.899825096130371,52.8637580871582,48.38999938964844,121.067138671875,27.312204360961914,262.342041015625,71.78008270263672,68.58119201660156,116.77455139160156,29.9095458984375,201.7997589111328,45.27297592163086,63.54859924316406,53.28385925292969,91.38877868652344,52.970611572265625,66.2671127319336,35.23091506958008,95.14399719238281,188.98538208007812,175.1268768310547,93.3126220703125,76.65929412841797
2020-01-07,71.92803955078125,149.27854919433594,5.971252918243408,51.98167419433594,48.25,121.80645751953125,27.220882415771484,260.75836181640625,69.86883544921875,68.18994903564453,114.78929901123047,29.712160110473633,203.1281280517578,44.89783477783203,62.99667739868164,52.8477783203125,90.22175598144531,52.970611572265625,66.90399932861328,35.04965591430664,95.34300231933594,187.7482147216797,175.38653564453125,93.26680755615234,76.4244384765625
2020-01-08,73.08509826660156,151.65631103515625,5.982451915740967,52.0169563293457,47.83000183105469,121.78963470458984,27.438640594482422,266.2562561035156,69.39888763427734,68.6732406616211,115.68477630615234,30.012542724609375,205.08616638183594,45.03425216674805,63.47658920288086,52.050819396972656,89.19119262695312,51.74354553222656,65.44287109375,34.01396179199219,94.59850311279297,190.55767822265625,178.22557067871094,93.05603790283203,77.31170654296875
2020-01-09,74.63748168945312,153.5509796142578,6.048153877258301,52.30804443359375,48.970001220703125,122.15092468261719,27.319229125976562,264.74456787109375,70.00985717773438,69.20254516601562,116.1072006225586,30.06403160095215,209.2610321044922,44.957515716552734,64.052490234375,52.44929885864258,89.0472183227539,52.64390182495117,66.12474060058594,34.4023551940918,95.05249786376953,193.47889709472656,180.33753967285156,92.99188232421875,78.74691772460938
2020-01-10,74.80621337890625,152.84048461914062,6.080507278442383,51.99049377441406,48.16999816894531,121.87367248535156,27.74071502685547,265.5633544921875,70.12732696533203,68.32035827636719,114.9498291015625,29.815149307250977,208.83834838867188,44.76141357421875,63.38862228393555,51.983150482177734,88.23637390136719,52.12599563598633,64.64115905761719,34.37645721435547,94.15799713134766,192.64552307128906,179.4026641845703,92.46040344238281,78.42509460449219
2020-01-13,76.40442657470703,154.67825317382812,6.271146297454834,52.56385803222656,48.75,122.41138458251953,27.684511184692383,257.21307373046875,70.11164855957031,67.90611267089844,115.9044189453125,30.089780807495117,211.5123748779297,44.42890930175781,64.50840759277344,52.47937774658203,88.40309143066406,51.89492416381836,64.07917785644531,33.85861587524414,94.56500244140625,191.889404296875,178.74485778808594,93.61502838134766,79.2253646850586
2020-01-14,75.3727035522461,153.58885192871094,6.154175758361816,52.422725677490234,48.209999084472656,123.10031127929688,28.148147583007812,259.3635559082031,70.44065856933594,68.57476806640625,117.25606536865234,30.312923431396484,211.90052795410156,42.03310775756836,65.5162353515625,52.028255462646484,88.13030242919922,51.90290451049805,64.68610382080078,34.11753463745117,93.47200012207031,191.43406677246094,179.4459686279297,94.31143951416016,79.14704132080078
2020-01-15,75.04969787597656,154.58352661132812,6.111618995666504,51.99049377441406,48.54999923706055,123.51200866699219,28.56963539123535,266.71514892578125,71.70171356201172,69.39889526367188,115.49891662597656,29.755062103271484,211.5123748779297,41.19755554199219,64.98030853271484,51.945552825927734,88.00148010253906,51.79136276245117,64.99331665039062,33.081844329833984,93.10099792480469,192.96339416503906,181.56658935546875,94.19232177734375,79.6254653930664
2020-01-16,75.98980712890625,157.41600036621094,6.1952385902404785,52.6256103515625,49.77000045776367,124.51177215576172,28.527477264404297,270.611328125,71.41974639892578,69.39889526367188,115.9466552734375,29.79798126220703,215.40257263183594,41.9904670715332,64.78836059570312,51.742557525634766,88.57738494873047,51.84711837768555,65.42031860351562,33.47021484375,93.89700317382812,196.59776306152344,182.5013885498047,94.72381591796875,80.53008270263672
2020-01-17,76.83110809326172,158.29698181152344,6.203950881958008,52.572669982910156,50.93000030517578,125.32671356201172,28.457237243652344,268.5687255859375,71.25527954101562,68.41925048828125,116.74919128417969,29.789405822753906,215.1782989501953,41.93079376220703,64.88432312011719,51.54706573486328,87.5846939086914,51.84711837768555,64.13475799560547,33.11635971069336,93.23600006103516,199.2526397705078,183.47946166992188,95.78677368164062,81.43473815917969
2020-01-21,76.31041717529297,157.7285919189453,6.170602321624756,53.41066360473633,51.04999923706055,125.41075134277344,28.337812423706055,270.42242431640625,70.47196960449219,68.41146850585938,115.6003189086914,29.4031925201416,211.93502807617188,41.726173400878906,63.90851593017578,50.81025695800781,85.86450958251953,51.01846694946289,63.18001174926758,31.890785217285156,94.5999984741211,200.14614868164062,182.7697296142578,95.83258819580078,80.48661041259766
2020-01-22,76.58279418945312,156.97079467773438,6.224606513977051,55.3336181640625,51.43000030517578,124.55380249023438,28.23244857788086,270.4763488769531,70.2213134765625,67.80503845214844,115.46512603759766,29.489017486572266,213.09950256347656,41.40217971801758,64.0684814453125,50.517032623291016,85.5538330078125,50.20574188232422,62.465816497802734,31.657752990722656,94.37300109863281,200.1031494140625,183.01202392578125,95.75012969970703,80.48661041259766
2020-01-23,76.95159912109375,157.9370574951172,6.2930474281311035,55.85405731201172,51.709999084472656,124.78907775878906,28.597728729248047,269.4596252441406,69.36756896972656,66.29669952392578,115.34685516357422,29.28303337097168,211.83151245117188,41.1122932434082,63.82854461669922,50.20124435424805,85.70538330078125,50.3093376159668,61.518558502197266,31.44198989868164,94.22899627685547,200.74758911132812,184.72581481933594,94.40309143066406,81.54783630371094
2020-01-24,76.72985076904297,156.3455352783203,6.233814716339111,60.39683151245117,50.349998474121094,124.61258697509766,27.97252655029297,263.47576904296875,67.34667205810547,64.95164489746094,112.4830322265625,28.785261154174805,208.67449951171875,40.558101654052734,62.7247200012207,49.862911224365234,84.75814819335938,49.89500045776367,60.03001403808594,30.87236213684082,93.08200073242188,199.32994079589844,182.8389892578125,93.49588012695312,80.05171203613281
2020-01-27,74.47359466552734,153.73095703125,5.977971076965332,57.944610595703125,49.2599983215332,124.97386932373047,28.211368560791016,255.62948608398438,67.4406967163086,65.32482147216797,111.5368881225586,28.193077087402344,205.41395568847656,40.157386779785156,61.35697937011719,48.674991607666016,83.65179443359375,48.636070251464844,57.61677169799805,29.310178756713867,91.41699981689453,198.63400268554688,181.19436645507812,91.85559844970703,77.18121337890625
2020-01-28,76.58037567138672,156.74342346191406,6.171349048614502,59.373592376708984,50.529998779296875,125.60399627685547,26.79236602783203,257.2311096191406,67.55816650390625,65.13044738769531,113.56436157226562,28.527795791625977,209.24378967285156,40.38758850097656,61.7808952331543,48.607322692871094,84.20500183105469,48.74761962890625,57.925045013427734,29.310178756713867,92.6624984741211,200.92800903320312,182.10324096679688,92.01139068603516,77.06814575195312
2020-01-29,78.18339538574219,159.1875,6.110870838165283,58.509159088134766,47.5099983215332,126.47775268554688,26.39898109436035,254.55857849121094,68.3335952758789,64.68729400634766,113.39542388916016,28.330392837524414,207.12184143066406,40.30233383178711,61.172996520996094,48.201324462890625,83.63664245605469,48.19782638549805,56.48910903930664,29.11167335510254,92.9000015258789,201.0655059814453,185.6086883544922,91.48907470703125,75.43284606933594
2020-01-30,78.07008361816406,163.6777801513672,6.117589950561523,58.63264083862305,48.779998779296875,126.32652282714844,26.306726455688477,252.83102416992188,67.75397491455078,63.583248138427734,114.79776000976562,28.733768463134766,210.58078002929688,40.847991943359375,61.93286895751953,48.71258544921875,84.41714477539062,48.516544342041016,57.00033187866211,29.379228591918945,93.53399658203125,200.0087127685547,187.11474609375,89.97709655761719,74.6673583984375
2020-01-31,74.60857391357422,161.26214599609375,5.884146213531494,56.39213180541992,47.0,125.07467651367188,26.4273738861084,245.15554809570312,66.92369842529297,62.99236297607422,111.81564331054688,28.1759090423584,205.07752990722656,40.020965576171875,59.911922454833984,46.70512771606445,81.18900299072266,47.35322952270508,54.8126220703125,28.92179298400879,100.43599700927734,195.9791717529297,185.20187377929688,88.24516296386719,73.788818359375
2020-02-03,74.40367126464844,165.1935272216797,5.981207370758057,56.8243522644043,48.02000045776367,126.1668930053711,26.618980407714844,246.56822204589844,68.41194915771484,63.98755645751953,112.66888427734375,28.296072006225586,206.16439819335938,40.1744384765625,60.49163055419922,45.66004943847656,80.53729248046875,47.154029846191406,53.654884338378906,28.878643035888672,100.20999908447266,198.93470764160156,186.24917602539062,90.96672058105469,74.81523895263672
2020-02-04,76.8600082397461,170.63113403320312,6.150440692901611,57.741722106933594,49.45000076293945,127.36830139160156,26.7467041015625,252.7050323486328,69.21089172363281,65.58917236328125,114.29087829589844,28.853923797607422,208.6917266845703,40.2938117980957,61.59470748901367,45.08864974975586,80.96923065185547,45.01066207885742,55.34638977050781,29.405120849609375,102.4834976196289,201.907470703125,185.7644805908203,92.90025329589844,76.87677001953125
2020-02-05,77.48673248291016,170.42274475097656,6.240783214569092,59.400062561035156,49.84000015258789,129.37632751464844,27.08734703063965,266.103271484375,67.22917938232422,67.35408020019531,116.23388671875,29.789405822753906,210.72743225097656,41.18902587890625,63.4868278503418,47.16376876831055,83.56845092773438,46.8353157043457,57.925045013427734,30.268199920654297,101.99349975585938,204.5795440673828,185.54808044433594,92.13050842285156,76.51847076416016
2020-02-06,78.39313507080078,173.95623779296875,6.32764196395874,59.470985412597656,49.31999969482422,128.98983764648438,27.151208877563477,263.1608581542969,67.11170959472656,67.78170013427734,116.25080108642578,29.755062103271484,208.58822631835938,41.344139099121094,63.583438873291016,46.52467727661133,82.96979522705078,46.54050064086914,57.03791427612305,29.78487777709961,102.5114974975586,205.2067413330078,184.24974060058594,91.8830795288086,75.28627014160156
2020-02-07,77.32754516601562,174.20248413085938,6.261439323425293,58.52248001098633,49.72999954223633,127.61198425292969,27.002185821533203,260.2454528808594,66.6417236328125,71.75469207763672,115.8790512084961,29.70357894897461,205.29319763183594,41.223506927490234,63.35800552368164,46.2164306640625,82.55302429199219,46.205848693847656,55.89520263671875,29.70719337463379,103.96399688720703,203.8835906982422,183.1591339111328,91.1225357055664,75.522216796875
2020-02-10,77.69480895996094,178.7591094970703,6.54465913772583,58.85047912597656,52.2599983215332,127.5867919921875,26.831871032714844,258.2748718261719,67.09603881835938,73.66732025146484,116.36058807373047,29.772239685058594,204.74111938476562,41.163185119628906,63.18891906738281,45.72832489013672,83.19711303710938,46.11024475097656,55.40654754638672,29.64677619934082,106.69550323486328,206.7274627685547,184.54408264160156,91.65400695800781,76.49224853515625
2020-02-11,77.2260513305664,174.72357177734375,6.667106628417969,59.754634857177734,53.79999923706055,127.69600677490234,27.030569076538086,261.658203125,66.77488708496094,74.6391830444336,116.58024597167969,29.84089469909668,203.96484375,41.35275650024414,63.680084228515625,46.16304016113281,84.27317810058594,46.779541015625,56.22600173950195,30.03216552734375,107.54000091552734,207.61244201660156,186.72525024414062,91.65400695800781,76.47478485107422
2020-02-12,79.05999755859375,174.97930908203125,6.782832622528076,59.798954010009766,53.88999938964844,126.93985748291016,26.782197952270508,273.0768737792969,65.20832061767578,76.0308837890625,116.58024597167969,29.969629287719727,205.85382080078125,41.18041229248047,63.87330627441406,46.72740936279297,84.90213775634766,47.616172790527344,56.669551849365234,30.69778060913086,108.0,207.56947326660156,188.22265625,94.38475036621094,77.40109252929688
2020-02-13,78.49701690673828,174.03201293945312,6.739030838012695,59.78124237060547,54.529998779296875,126.09967803955078,26.207380294799805,271.9250793457031,64.20573425292969,74.1338119506836,116.47888946533203,29.96104621887207,205.5950927734375,41.464778900146484,63.60760498046875,46.46809768676758,84.61416625976562,47.19892501831055,56.89507293701172,30.36496353149414,107.49349975585938,208.23104858398438,188.1880340576172,94.72381591796875,78.58958435058594
2020-02-14,78.51634216308594,175.58560180664062,7.212141990661621,59.630531311035156,55.310001373291016,126.1333236694336,25.90932273864746,268.84771728515625,64.73834228515625,73.12309265136719,116.12407684326172,29.9095458984375,204.49961853027344,41.550941467285156,63.43851089477539,46.25456619262695,84.39186096191406,47.038429260253906,56.32374572753906,30.1460018157959,106.74349975585938,210.52508544921875,187.90240478515625,94.87958526611328,78.02156066894531
2020-02-18,77.07866668701172,177.36654663085938,7.380878448486328,58.628868103027344,56.88999938964844,125.30149841308594,25.774494171142578,271.8711242675781,64.58954620361328,72.7809829711914,114.5865478515625,29.411771774291992,201.1614532470703,40.49106216430664,62.46426773071289,45.667320251464844,84.51451110839844,46.781646728515625,56.0305290222168,29.47161293029785,107.78350067138672,209.5885467529297,187.08876037597656,93.4684066772461,77.97787475585938
2020-02-19,78.19496154785156,177.89852905273438,7.832088470458984,59.488704681396484,58.900001525878906,125.13350677490234,25.71062469482422,274.7235107421875,64.22921752929688,73.19305419921875,116.14942932128906,29.79798126220703,204.71524047851562,40.577239990234375,62.842708587646484,46.01813888549805,84.89781951904297,47.55198287963867,58.09792709350586,30.03216552734375,108.51100158691406,209.33079528808594,186.63868713378906,93.88992309570312,78.77310943603516
2020-02-20,77.39276123046875,175.1817626953125,7.682763576507568,58.01721954345703,57.27000045776367,124.65459442138672,25.440950393676758,271.8622131347656,64.61300659179688,73.26302337646484,116.14942932128906,29.9095458984375,200.74740600585938,40.79265594482422,62.979576110839844,45.65206527709961,84.18485260009766,47.2470588684082,57.128143310546875,29.629270553588867,107.65499877929688,212.23483276367188,186.16262817382812,93.95406341552734,77.42731475830078
2020-02-21,75.64098358154297,169.643798828125,7.318660259246826,57.03327941894531,53.279998779296875,125.96527099609375,25.34869956970215,271.2322692871094,64.49554443359375,73.8305892944336,114.73017120361328,29.489017486572266,198.92735290527344,41.10285949707031,61.54640197753906,45.0953369140625,83.57152557373047,46.89398193359375,55.789955139160156,29.243906021118164,104.79850006103516,210.79141235351562,186.8463897705078,91.86476135253906,76.34367370605469
2020-02-24,72.04801177978516,162.32952880859375,6.801248550415039,54.746280670166016,49.119998931884766,123.3695297241211,24.60356903076172,249.96060180664062,63.70442199707031,72.41555786132812,111.6467056274414,28.090085983276367,193.6829071044922,39.97404479980469,58.39822006225586,42.98280334472656,80.27497863769531,45.24098205566406,52.55727767944336,27.089365005493164,100.4645004272461,205.94558715820312,184.81240844726562,87.88778686523438,73.86182403564453
2020-02-25,69.60760498046875,159.65081787109375,6.521762847900391,52.946807861328125,47.56999969482422,122.30416107177734,24.078420639038086,237.00320434570312,62.87411117553711,69.3366928100586,106.66249084472656,26.67399787902832,187.7052459716797,38.87969207763672,55.902217864990234,41.33548355102539,77.20841979980469,43.19478988647461,50.36206817626953,25.696794509887695,98.63700103759766,203.95233154296875,183.58331298828125,85.12954711914062,71.82565307617188
2020-02-26,70.7118148803711,161.64566040039062,6.661133289337158,52.87590789794922,47.4900016784668,121.48402404785156,24.63905143737793,236.65220642089844,62.615638732910156,68.738037109375,106.98348999023438,26.287790298461914,186.12673950195312,38.03522491455078,54.895790100097656,40.42793655395508,75.1614761352539,41.060325622558594,47.51279830932617,24.856000900268555,98.97949981689453,202.1480712890625,181.85215759277344,84.3048324584961,70.4972915649414
2020-02-27,66.08952331542969,150.2562255859375,6.290338516235352,49.48971176147461,44.0099983215332,117.62846374511719,24.19906997680664,228.48187255859375,61.158721923828125,66.41332244873047,102.531494140625,25.000436782836914,177.42337036132812,36.59619903564453,51.89252853393555,37.99510192871094,72.16390991210938,37.81850814819336,45.10708999633789,23.507225036621094,94.21499633789062,193.08370971679688,173.97572326660156,81.14340209960938,68.41744995117188
2020-02-28,66.05085754394531,153.8943634033203,6.725381374359131,49.21491241455078,45.47999954223633,113.70526885986328,23.716506958007812,229.41766357421875,59.9681510925293,66.6387939453125,98.08793640136719,24.459747314453125,174.23829650878906,35.20024871826172,51.095420837402344,39.2305793762207,71.55828094482422,38.85364532470703,47.55790710449219,23.726184844970703,94.1875,187.16390991210938,169.1156463623047,82.1312255859375,68.5397720336914
2020-03-02,72.20024871826172,164.13436889648438,6.883760929107666,51.572837829589844,47.459999084472656,118.38941192626953,24.752595901489258,245.74937438964844,63.73573303222656,68.95573425292969,102.65819549560547,25.20641326904297,181.78863525390625,36.41524124145508,54.42073059082031,41.0914421081543,74.04986572265625,39.50361633300781,47.257205963134766,24.33926773071289,97.69750213623047,197.56004333496094,176.41436767578125,85.1635971069336,71.9916763305664
2020-03-03,69.9072036743164,156.26913452148438,6.621288776397705,49.613807678222656,46.75,114.6437759399414,24.34099578857422,235.21255493164062,61.9811897277832,68.08494567871094,98.80599212646484,23.816070556640625,176.5467987060547,34.924503326416016,52.37562942504883,39.123809814453125,72.36327362060547,38.612911224365234,46.93393325805664,23.4809513092041,95.44950103759766,195.84165954589844,173.76663208007812,83.55548858642578,68.68834686279297
2020-03-04,73.14984130859375,162.00656127929688,7.084972381591797,52.016056060791016,50.11000061035156,121.31488037109375,25.83125877380371,260.4254455566406,64.98899841308594,71.3348617553711,101.2474136352539,24.36534309387207,181.1551055908203,35.67417907714844,54.259700775146484,39.97797393798828,75.53713989257812,39.664093017578125,48.17437744140625,23.71742820739746,98.79149627685547,207.1312713623047,180.30760192871094,86.18357849121094,69.6234130859375
2020-03-05,70.7770767211914,157.94094848632812,6.805566787719727,50.49138259887695,48.11000061035156,120.07198333740234,25.16419219970703,254.61253356933594,63.90023422241211,70.44851684570312,96.28008270263672,23.130233764648438,172.51998901367188,33.51994323730469,51.11957931518555,38.21626281738281,74.50984954833984,38.27589797973633,46.512935638427734,22.622636795043945,96.20149993896484,201.74423217773438,172.73020935058594,83.2339096069336,66.5822525024414
2020-03-06,69.83712768554688,153.47640991210938,6.625025749206543,49.4365348815918,48.59000015258789,120.08888244628906,24.851945877075195,255.43142700195312,64.38585662841797,69.05679321289062,91.3042984008789,22.2060604095459,167.36495971679688,31.960277557373047,49.34017562866211,36.37065887451172,73.07623291015625,36.37413024902344,41.573699951171875,20.888500213623047,95.05449676513672,196.33140563964844,173.2005157470703,81.1939468383789,65.83942413330078
2020-03-09,64.3135757446289,143.0749053955078,6.112035751342773,45.075260162353516,43.27000045776367,115.36245727539062,23.957786560058594,246.04632568359375,61.84803771972656,66.29669952392578,78.93667602539062,18.941226959228516,149.97325134277344,27.987857818603516,41.36104965209961,31.924415588378906,61.844940185546875,27.338781356811523,28.267108917236328,15.160587310791016,90.03050231933594,180.8231964111328,162.74893188476562,77.28863525390625,61.898162841796875
2020-03-10,68.94554138183594,152.8590087890625,6.5015082359313965,47.84981155395508,45.380001068115234,119.7591552734375,24.546796798706055,251.9491729736328,64.244873046875,68.0538330078125,85.06978607177734,20.392263412475586,159.98825073242188,30.228269577026367,44.75076675415039,33.10652542114258,65.14916229248047,27.988739013671875,31.27425193786621,15.931312561035156,94.59100341796875,193.9171142578125,174.07150268554688,81.13880157470703,65.42870330810547
2020-03-11,66.55103302001953,145.9341583251953,6.137685775756836,45.79326629638672,45.70000076293945,111.43925476074219,22.829444885253906,249.9515380859375,62.07516860961914,65.97015380859375,81.06550598144531,19.58037567138672,149.17478942871094,27.858610153198242,40.8940544128418,32.01593017578125,63.6541862487793,26.12710952758789,29.214359283447266,15.221892356872559,91.04299926757812,184.13473510742188,163.9595489501953,77.18753051757812,59.687198638916016
2020-03-12,59.97880172729492,132.093994140625,5.386631011962891,40.36829376220703,39.0099983215332,106.03639221191406,21.303691864013672,225.3235321044922,58.315433502197266,61.11861038208008,74.3832778930664,17.714750289916992,130.7676544189453,23.4381103515625,34.83119583129883,28.35523223876953,58.46405792236328,22.628517150878906,24.433006286621094,12.629441261291504,83.83049774169922,164.8468017578125,148.17764282226562,68.18232727050781,54.269039154052734
2020-03-13,67.16474914550781,150.8736572265625,5.99748420715332,48.24869918823242,43.900001525878906,113.54461669921875,23.212656021118164,245.84689331054688,60.61360549926758,66.37445068359375,87.78153228759766,20.8673038482666,153.75706481933594,26.617765426635742,41.095340728759766,29.07211685180664,63.953189849853516,25.180238723754883,26.162113189697266,14.15338134765625,89.25,177.8899688720703,154.27442932128906,69.45040893554688,61.1029052734375
2020-03-16,58.52421569824219,128.63633728027344,4.890823841094971,39.543907165527344,38.709999084472656,107.49068450927734,21.417234420776367,203.3722381591797,55.219581604003906,57.744293212890625,74.6451644897461,17.654293060302734,134.2217254638672,22.83492088317871,33.164512634277344,26.303709030151367,53.43488311767578,20.92736053466797,23.380510330200195,12.620681762695312,84.4574966430664,142.6787109375,129.78280639648438,61.37327575683594,51.20165252685547
2020-03-17,61.097530364990234,139.22779846191406,5.410536289215088,44.3927116394043,41.880001068115234,115.48927307128906,22.82234764099121,220.70550537109375,58.82085418701172,56.77242660522461,79.20697784423828,18.98440933227539,137.70184326171875,25.532032012939453,32.40767288208008,28.07305145263672,54.19386291503906,21.063777923583984,23.22263526916504,12.26159381866455,90.39199829101562,150.18626403808594,128.57220458984375,64.17591094970703,51.542476654052734
2020-03-18,59.60186004638672,133.3668670654297,5.050697326660156,42.20321273803711,39.119998931884766,114.11111450195312,22.964275360107422,196.1605987548828,56.570068359375,55.2252311706543,70.86895751953125,17.956592559814453,121.51641845703125,24.230871200561523,29.331958770751953,25.258878707885742,42.20359420776367,18.19108009338379,22.37311553955078,10.553730964660645,91.5,134.60890197753906,119.58378601074219,62.521907806396484,49.22663879394531
2020-03-19,59.14519119262695,135.56114196777344,5.3034563064575195,40.72285842895508,39.81999969482422,107.42304992675781,21.587554931640625,198.63682556152344,55.85929489135742,55.24855422973633,72.06011199951172,18.310714721679688,129.7349853515625,24.37735939025879,31.916521072387695,26.257949829101562,43.99753189086914,20.5341739654541,24.97429084777832,12.147734642028809,94.04650115966797,139.36599731445312,130.20962524414062,64.63536071777344,53.66604995727539
2020-03-20,55.39031982421875,130.46966552734375,5.123661518096924,40.625362396240234,39.61000061035156,101.36915588378906,20.58694839477539,186.6986846923828,56.356834411621094,53.506961822509766,70.53949737548828,16.98923110961914,120.11920166015625,22.83492088317871,30.644372940063477,24.96907615661621,45.53080749511719,21.537214279174805,26.229774475097656,12.506826400756836,92.30449676513672,131.5989532470703,129.3299102783203,61.97975540161133,50.71226119995117
2020-03-23,54.21361541748047,129.1682891845703,5.296484470367432,43.94948959350586,41.63999938964844,93.97085571289062,20.21792984008789,176.09803771972656,52.43965530395508,50.14820098876953,66.76332092285156,15.615934371948242,117.13377380371094,21.7578067779541,28.494596481323242,23.985261917114258,41.567291259765625,19.699644088745117,25.966650009155273,11.2368745803833,95.1415023803711,140.45582580566406,119.40957641601562,57.706871032714844,49.418907165527344
2020-03-24,59.65260314941406,140.9091796875,6.205170154571533,46.44924545288086,46.220001220703125,100.76882934570312,21.076608657836914,198.63682556152344,54.532508850097656,52.47290802001953,74.70429992675781,18.163883209228516,133.3018341064453,24.920228958129883,32.73777770996094,27.028223037719727,51.01996994018555,24.666690826416016,29.921030044555664,12.830881118774414,97.00499725341797,159.7696990966797,141.05311584472656,66.46398162841797,56.698455810546875
2020-03-25,59.32399368286133,139.56028747558594,6.116518497467041,45.438697814941406,44.630001068115234,100.95484161376953,21.112092971801758,211.91241455078125,53.87701416015625,52.79944610595703,77.49208068847656,18.22434425354004,134.62960815429688,24.96331214904785,33.703975677490234,28.439123153686523,53.1052131652832,24.827173233032227,29.838333129882812,12.787091255187988,94.29199981689453,157.20950317382812,141.95021057128906,72.60222625732422,57.51119613647461
2020-03-26,62.44580078125,148.2899169921875,6.4058837890625,49.23265075683594,47.5,107.01720428466797,22.531391143798828,230.80003356933594,58.07061004638672,57.40219497680664,82.8902587890625,19.623558044433594,143.8809356689453,26.62638282775879,37.05344772338867,29.605981826782227,58.5560417175293,25.74996566772461,29.71805191040039,13.592851638793945,97.77449798583984,168.8428497314453,145.75637817382812,77.46320343017578,61.0854377746582
2020-03-27,59.86040496826172,142.2010040283203,6.293574810028076,46.422637939453125,46.58000183105469,104.13398742675781,21.928186416625977,219.10594177246094,56.649044036865234,56.50031280517578,76.98521423339844,18.65619659423828,137.41543579101562,26.092132568359375,35.2659797668457,28.17981719970703,52.72956848144531,23.4710693359375,27.064258575439453,12.051396369934082,95.00499725341797,164.81222534179688,142.8473358154297,76.47998809814453,57.9743537902832
2020-03-30,61.56871032714844,152.2034912109375,6.6138200759887695,49.18832015991211,47.86000061035156,112.46234893798828,23.18426513671875,227.0857391357422,60.77155303955078,58.49845504760742,78.98736572265625,19.03623390197754,138.52627563476562,25.78192138671875,35.491424560546875,28.599279403686523,55.15980911254883,23.50316047668457,26.297435760498047,11.630998611450195,98.19750213623047,169.61257934570312,146.43569946289062,78.45561981201172,59.30268859863281
2020-03-31,61.44305419921875,149.80979919433594,6.564262390136719,47.973907470703125,45.47999954223633,110.87277221679688,23.162982940673828,225.36871337890625,60.76365280151367,59.23708724975586,76.05594635009766,18.336626052856445,134.16094970703125,24.730655670166016,33.91331481933594,28.957719802856445,55.55080795288086,24.71483039855957,27.00411605834961,11.81491756439209,97.48600006103516,161.49090576171875,144.01443481445312,76.02970123291016,57.45003128051758
2020-04-01,58.21009826660156,144.4902801513672,6.0530171394348145,45.9882926940918,43.65999984741211,108.91117858886719,22.531391143798828,214.46987915039062,58.283836364746094,57.083431243896484,71.2660140991211,17.075603485107422,126.0899887084961,22.895244598388672,31.006689071655273,28.622156143188477,52.56092071533203,23.767967224121094,26.011754989624023,11.026678085327148,95.38500213623047,154.50228881835938,137.76087951660156,72.80438995361328,54.72347640991211
2020-04-02,59.18143081665039,147.48248291015625,6.361806392669678,48.17778396606445,44.4900016784668,112.58070373535156,23.326200485229492,217.28948974609375,60.70838928222656,58.41292953491211,73.92709350585938,17.76657485961914,130.1168212890625,23.455345153808594,31.586410522460938,30.810956954956055,58.356712341308594,27.17026710510254,28.793363571166992,12.156493186950684,95.94149780273438,156.82029724121094,140.6611785888672,73.64059448242188,56.80333709716797
2020-04-03,58.33090591430664,146.1241455078125,6.0739359855651855,47.98276901245117,42.59000015258789,113.44312286376953,23.872631072998047,207.393798828125,60.218727111816406,57.044559478759766,71.7419662475586,17.300172805786133,127.5132827758789,22.602262496948242,30.185428619384766,29.903400421142578,57.58241271972656,26.407962799072266,29.98868751525879,12.515585899353027,95.32949829101562,154.56280517578125,139.64218139648438,72.46440124511719,55.099239349365234
2020-04-06,63.419551849365234,156.99107360839844,6.6837944984436035,51.79444885253906,47.52000045776367,118.16958618164062,24.532602310180664,224.4288330078125,63.42512512207031,58.879432678222656,76.3597412109375,18.47481918334961,137.3199462890625,24.670333862304688,33.1081657409668,30.864336013793945,61.630271911621094,26.3196964263916,29.642879486083984,13.724226951599121,99.87950134277344,165.4868621826172,154.19606018066406,77.76644897460938,59.24152374267578
2020-04-07,62.68500900268555,155.3002471923828,6.450459003448486,51.76785659790039,47.560001373291016,116.24181365966797,23.851343154907227,224.15773010253906,62.043052673339844,58.61507797241211,77.366943359375,19.122600555419922,144.08053588867188,24.790971755981445,33.212833404541016,31.451580047607422,62.036590576171875,26.69683265686035,31.071269989013672,14.424887657165527,100.58000183105469,166.31719970703125,152.93310546875,77.33456420898438,60.04548645019531
2020-04-08,64.28942108154297,156.8581085205078,6.647685527801514,52.281986236572266,48.790000915527344,121.12890625,24.55389404296875,242.0422821044922,64.45970916748047,61.07971954345703,80.49097442626953,20.254070281982422,153.57481384277344,26.092132568359375,35.6363525390625,33.44208908081055,65.9157943725586,28.630691528320312,34.048336029052734,15.134306907653809,102.1500015258789,168.5054931640625,154.58795166015625,78.38211059570312,62.544830322265625
2020-04-09,64.75333404541016,156.86756896972656,6.548076152801514,50.650936126708984,48.380001068115234,119.41249084472656,25.114513397216797,238.69851684570312,65.14678192138672,62.00492858886719,87.71212768554688,21.471900939941406,159.91012573242188,28.608285903930664,38.1726188659668,32.892982482910156,64.63551330566406,27.868383407592773,33.69499206542969,14.424887657165527,102.13800048828125,174.3091278076172,159.9966278076172,79.75125122070312,64.56353759765625
2020-04-13,66.02427673339844,157.21905517578125,6.719902038574219,52.033775329589844,50.939998626708984,118.17804718017578,24.937103271484375,238.13818359375,63.60677719116211,62.43256378173828,83.81136322021484,20.660017013549805,155.50143432617188,27.083078384399414,37.58484649658203,32.610801696777344,65.09550476074219,27.523340225219727,32.544761657714844,13.969460487365723,108.44349670410156,171.93923950195312,156.87860107421875,77.61022186279297,62.71088409423828
2020-04-14,69.35869598388672,164.99879455566406,7.071025371551514,53.771202087402344,54.93000030517578,123.47098541259766,25.85965347290039,244.45516967773438,65.4231948852539,64.80772399902344,81.51526641845703,20.495908737182617,154.67698669433594,26.005964279174805,36.570343017578125,32.359127044677734,64.86548614501953,27.3468074798584,31.747873306274414,13.610368728637695,114.16600036621094,179.18739318847656,160.24923706054688,80.3761215209961,64.3800277709961
2020-04-15,68.72566223144531,163.2699432373047,6.9935784339904785,52.184478759765625,54.9900016784668,124.84919738769531,25.526113510131836,254.55873107910156,64.81512451171875,64.56310272216797,77.4949722290039,19.165790557861328,154.9286346435547,24.506610870361328,34.50914001464844,30.871963500976562,63.240203857421875,25.83823585510254,30.25737953186035,12.900945663452148,115.38400268554688,171.67111206054688,154.89279174804688,78.14319610595703,63.401268005371094
2020-04-16,69.27173614501953,168.1714630126953,7.338726997375488,53.88642883300781,56.95000076293945,126.54869079589844,25.462242126464844,269.69598388671875,65.54956817626953,64.59467315673828,74.54164123535156,18.500732421875,153.64425659179688,23.17098617553711,32.62506866455078,29.857650756835938,61.3236198425293,24.931489944458008,27.701168060302734,12.30538558959961,120.40950012207031,172.85610961914062,156.33859252929688,79.30101013183594,64.24021911621094
2020-04-17,68.3318099975586,169.6533660888672,7.279458999633789,53.50526428222656,56.599998474121094,128.53564453125,26.19318389892578,262.58367919921875,65.9128646850586,65.84930419921875,81.24212646484375,20.107240676879883,159.2418975830078,24.454906463623047,36.59450912475586,32.96162796020508,66.8281021118164,28.29366683959961,31.73650360107422,13.382654190063477,118.75,181.13343811035156,162.0869903564453,82.61821746826172,67.37748718261719
2020-04-20,66.91345977783203,166.29067993164062,7.148223876953125,52.45927810668945,56.970001220703125,128.23968505859375,25.604177474975586,254.9744110107422,65.62855529785156,66.27542114257812,78.28025817871094,19.43354606628418,156.56021118164062,23.85172462463379,35.4350700378418,31.40582275390625,64.06819152832031,27.739994049072266,31.228288650512695,13.321344375610352,119.68049621582031,178.2186279296875,158.21115112304688,80.77123260498047,65.82194519042969
2020-04-21,64.84514617919922,159.41334533691406,6.711435794830322,49.95952224731445,52.91999816894531,126.55709075927734,25.277738571166992,247.7899169921875,62.043052673339844,63.41102981567383,76.00979614257812,18.69074821472168,150.841064453125,23.12790298461914,33.470481872558594,31.238037109375,62.58856964111328,26.632638931274414,30.72007942199707,12.865913391113281,116.40599822998047,173.51341247558594,154.6663360595703,78.29020690917969,63.549842834472656
2020-04-22,66.7129135131836,164.82778930664062,7.1258111000061035,53.27479553222656,55.91999816894531,129.3557891845703,25.724809646606445,250.3473663330078,63.16453170776367,64.28692626953125,76.25731658935547,18.828943252563477,152.72427368164062,23.093429565429688,34.00993347167969,32.13033676147461,64.73518371582031,28.06899070739746,32.73016357421875,13.435203552246094,118.17449951171875,176.59259033203125,162.41798400878906,81.57069396972656,67.68335723876953
2020-04-23,66.45438385009766,162.83299255371094,7.072518348693848,52.335166931152344,55.900001525878906,131.48648071289062,26.037065505981445,257.8573303222656,63.875282287597656,64.73667907714844,76.30000305175781,18.889406204223633,151.91722106933594,22.860774993896484,34.187068939208984,33.137027740478516,66.54444885253906,29.031909942626953,33.54178237915039,14.46867847442627,119.97250366210938,174.9924774169922,158.55087280273438,80.26585388183594,65.67340087890625
2020-04-24,68.3729019165039,165.80624389648438,7.211475372314453,52.53018569946289,56.18000030517578,130.93687438964844,26.52672576904297,263.2434997558594,64.30964660644531,65.95977020263672,77.42669677734375,19.157155990600586,153.60951232910156,23.196836471557617,34.70236587524414,33.35056686401367,66.7054443359375,28.95969009399414,32.88944625854492,14.109593391418457,120.51100158691406,183.52066040039062,160.275390625,81.20313262939453,66.04915618896484
2020-04-27,68.42121887207031,165.3312530517578,7.397994041442871,52.71633529663086,56.4900016784668,130.45494079589844,27.200883865356445,265.67437744140625,66.32352447509766,66.8277816772461,80.76412963867188,20.271345138549805,159.28524780273438,24.48076057434082,37.48823165893555,33.51072692871094,68.775390625,29.81026840209961,33.78450393676758,14.057039260864258,118.80000305175781,188.3469696044922,161.9040985107422,82.12203216552734,67.93679809570312
2020-04-28,67.31216430664062,161.3036346435547,7.255551338195801,52.07810592651367,55.5099983215332,128.0029754638672,26.902835845947266,260.5954895019531,64.11221313476562,65.30484771728516,81.33602142333984,20.63410758972168,162.2967071533203,24.87714195251465,38.01158142089844,34.2962532043457,68.9286880493164,30.877498626708984,34.118255615234375,14.144623756408691,115.7040023803711,188.23452758789062,161.93890380859375,81.5982666015625,68.7669906616211
2020-04-29,69.52299499511719,168.54193115234375,7.4323601722717285,54.781734466552734,53.65999984741211,127.0306396484375,27.051868438720703,259.95391845703125,63.788429260253906,66.09394836425781,83.52967834472656,21.402809143066406,164.91763305664062,25.85085678100586,40.467323303222656,36.19524383544922,72.53955841064453,33.87055587768555,36.196598052978516,15.940070152282715,118.635498046875,191.84991455078125,163.5850372314453,80.92744445800781,67.1677474975586
2020-04-30,70.98971557617188,170.23275756835938,7.278461933135986,53.16843032836914,52.38999938964844,126.86149597167969,27.222179412841797,264.309814453125,62.659080505371094,64.86294555664062,81.73717498779297,20.77229118347168,159.1811065673828,25.032245635986328,39.09854507446289,35.44021987915039,70.5309829711914,33.78227615356445,36.037296295166016,14.731425285339355,123.69999694824219,190.1373748779297,163.3585662841797,80.1096420288086,67.05415344238281
2020-05-01,69.84679412841797,165.82518005371094,7.041889667510986,50.94346237182617,49.880001068115234,125.38185119628906,26.71122932434082,257.11627197265625,61.34018325805664,65.36797332763672,79.59476470947266,19.93449592590332,153.6962890625,23.774173736572266,37.03987121582031,32.90060806274414,68.56838989257812,31.40709114074707,33.80725860595703,13.794292449951172,114.302001953125,189.0475311279297,159.09083557128906,78.6026382446289,64.48490142822266
2020-05-04,70.83505249023438,169.88131713867188,7.253810405731201,51.404415130615234,52.560001373291016,125.36492919921875,26.697036743164062,259.85443115234375,60.70049285888672,64.59467315673828,78.64728546142578,19.804941177368164,152.7677001953125,23.56736946105957,36.714385986328125,34.22761535644531,70.10166931152344,32.38605499267578,35.453243255615234,14.214688301086426,115.79949951171875,191.87586975097656,158.40280151367188,78.79560852050781,62.82447052001953
2020-05-05,71.89820861816406,171.70513916015625,7.314820289611816,52.07810592651367,52.189998626708984,126.40496063232422,27.32862091064453,264.8249206542969,61.60869216918945,67.3643569946289,78.52778625488281,19.57172966003418,154.73773193359375,22.67981719970703,35.762351989746094,34.18947982788086,71.21329498291016,32.835418701171875,34.92987060546875,14.232209205627441,115.88999938964844,195.1366424560547,156.11216735839844,80.12801361083984,63.70713806152344
2020-05-06,72.63999938964844,173.3959197998047,7.415673732757568,52.75560760498047,52.15999984741211,125.20430755615234,27.32862091064453,260.96600341796875,60.905818939208984,67.40381622314453,77.05110931396484,19.303985595703125,153.5400848388672,22.068016052246094,34.94865036010742,33.548858642578125,69.03604125976562,32.49037551879883,34.77058792114258,13.855599403381348,117.56300354003906,193.67491149902344,154.13504028320312,81.2674560546875,63.75956726074219
2020-05-07,73.39144897460938,174.40283203125,7.591983318328857,52.74668884277344,51.95000076293945,124.78996276855469,26.49005699157715,257.55902099609375,59.705421447753906,66.45690155029297,77.85347747802734,19.727203369140625,158.22650146484375,22.182313919067383,36.32381057739258,33.739524841308594,71.02162170410156,34.03905487060547,36.644126892089844,14.652605056762695,118.38050079345703,198.45797729492188,157.7495574951172,81.37773132324219,66.79153442382812
2020-05-08,75.13831329345703,175.42872619628906,7.781987190246582,53.192405700683594,53.189998626708984,125.72850799560547,26.676406860351562,259.36651611328125,60.33720779418945,66.25173950195312,79.12528228759766,20.357715606689453,160.8908233642578,22.358152389526367,37.69083786010742,35.219058990478516,73.19125366210938,34.91434860229492,39.025882720947266,15.808695793151855,118.98049926757812,202.76531982421875,157.8453826904297,83.12362670898438,68.43497467041016
2020-05-11,76.32060241699219,177.38555908203125,8.034000396728516,53.602474212646484,55.7400016784668,126.07518005371094,27.307113647460938,260.893798828125,61.52974319458008,69.36077117919922,76.7950439453125,19.502639770507812,158.9554901123047,21.78666877746582,35.86000061035156,34.883487701416016,71.5812759399414,34.25788879394531,37.80465316772461,15.204376220703125,120.44999694824219,204.6076202392578,157.54055786132812,83.55548858642578,66.67730712890625
2020-05-12,75.44843292236328,173.36744689941406,7.772026062011719,52.051353454589844,53.7599983215332,124.40949249267578,26.776750564575195,259.99908447265625,60.96110153198242,71.38082122802734,74.28558349609375,18.889406204223633,153.79177856445312,21.13606071472168,34.46042251586914,34.300411224365234,69.84101867675781,33.698673248291016,37.713645935058594,14.959146499633789,117.84750366210938,201.4419403076172,153.76055908203125,81.10204315185547,65.34144592285156
2020-05-13,74.53741455078125,170.74569702148438,7.749615669250488,51.471923828125,52.18000030517578,124.40106964111328,26.554561614990234,251.23304748535156,61.51392364501953,70.12617492675781,71.72490692138672,18.02568817138672,149.0966796875,19.808462142944336,33.03643798828125,32.59782791137695,68.00108337402344,32.329002380371094,36.56067657470703,13.881875991821289,118.39600372314453,199.02017211914062,150.52053833007812,79.04370880126953,64.69992065429688
2020-05-14,74.9953384399414,171.48660278320312,7.999136924743652,52.66645812988281,54.5099983215332,124.832275390625,27.17810821533203,262.62890625,63.21979904174805,70.97048950195312,74.70381927490234,18.751203536987305,151.3965301513672,21.153644561767578,34.224449157714844,32.88548278808594,69.03604125976562,32.36144256591797,36.07523727416992,14.100831985473633,119.44249725341797,202.80857849121094,152.77633666992188,79.53071594238281,65.20085144042969
2020-05-15,74.55197143554688,173.98489379882812,8.457590103149414,51.95330810546875,54.20000076293945,127.19970703125,27.063434600830078,262.9453125,63.00654983520508,71.57809448242188,73.3210678100586,18.518001556396484,149.15744018554688,20.538206100463867,34.11052703857422,32.652252197265625,68.35371398925781,33.123252868652344,36.16626739501953,13.969460487365723,120.48899841308594,207.0034942626953,151.3828125,79.93504333496094,65.17449188232422
2020-05-18,76.30850982666016,175.64727783203125,8.716073989868164,53.415260314941406,54.59000015258789,127.26737213134766,27.285619735717773,265.11407470703125,62.95917510986328,72.17776489257812,77.20477294921875,19.804941177368164,157.8446502685547,22.34056854248047,37.161930084228516,35.24888610839844,71.9942855834961,35.335792541503906,39.77681350708008,15.721110343933105,121.31300354003906,212.21031188964844,156.6260223388672,83.65660858154297,66.9936752319336
2020-05-19,75.86753845214844,174.43138122558594,8.771109580993652,53.7451057434082,55.470001220703125,125.99906158447266,27.006099700927734,261.21917724609375,61.245418548583984,71.96473693847656,75.6854248046875,19.183061599731445,154.329833984375,21.05693244934082,36.152931213378906,34.16048049926758,69.71503448486328,34.58206558227539,38.42665100097656,14.985417366027832,122.46649932861328,205.9396209716797,156.39955139160156,84.08846282958984,66.66851043701172
2020-05-20,77.3430404663086,176.850830078125,8.934965133666992,56.250057220458984,56.38999938964844,124.86611938476562,26.97026252746582,260.2611389160156,60.72417068481445,71.95684051513672,77.95591735839844,19.78766632080078,157.46278381347656,21.558076858520508,36.99919128417969,35.27220153808594,72.34432220458984,35.78154373168945,39.93610763549805,15.948830604553223,124.89700317382812,206.0175018310547,160.34506225585938,85.41167449951172,68.33831787109375
2020-05-21,76.76641845703125,174.72665405273438,8.740978240966797,55.25163650512695,54.650001525878906,124.04593658447266,26.705081939697266,259.28515625,60.45566177368164,73.4008560180664,76.96578216552734,19.779027938842773,156.2998504638672,21.50532341003418,36.61674118041992,34.64248275756836,71.59754180908203,35.433040618896484,39.68579864501953,15.580984115600586,122.33699798583984,208.3441162109375,161.1986083984375,86.61544799804688,68.59317016601562
2020-05-22,77.26065826416016,174.8028106689453,8.990996360778809,55.501243591308594,55.16999816894531,122.91358947753906,26.877084732055664,262.0234680175781,60.31351089477539,72.6749267578125,76.36827087402344,19.57172966003418,156.15234375,21.250354766845703,35.88440704345703,34.673587799072266,70.22846221923828,35.07644271850586,39.65544891357422,15.397056579589844,121.84400177001953,209.20904541015625,160.6150360107422,86.14678192138672,68.21527862548828
2020-05-26,76.73734283447266,172.95492553710938,8.683701515197754,55.57256317138672,53.189998626708984,123.07536315917969,26.86992073059082,266.49676513671875,61.01637268066406,71.57809448242188,81.78839111328125,20.970951080322266,170.15077209472656,23.087892532348633,39.19618606567383,35.692020416259766,72.57769775390625,35.392520904541016,39.01829147338867,16.115238189697266,121.09300231933594,209.72799682617188,160.98956298828125,88.78404998779297,68.33831787109375
2020-05-27,77.0716781616211,173.18350219726562,8.49195384979248,56.66012954711914,52.7400016784668,123.3563232421875,26.812578201293945,274.52178955078125,61.245418548583984,71.00204467773438,86.52568817138672,22.43926239013672,181.9535369873047,24.573747634887695,42.52424621582031,35.948577880859375,73.04443359375,36.202972412109375,39.99678039550781,16.684526443481445,120.51950073242188,213.94888305664062,163.49795532226562,91.77046966552734,69.07653045654297
2020-05-28,77.1056137084961,172.79293823242188,8.453853607177734,55.00204086303711,51.7400016784668,125.1272201538086,27.364459991455078,274.7025146484375,62.422142028808594,71.04151916503906,85.23680114746094,21.471900939941406,174.62884521484375,23.931926727294922,40.001766204833984,35.015663146972656,70.68742370605469,34.85762023925781,39.17000198364258,16.45681381225586,120.05500030517578,212.02871704101562,164.37762451171875,90.47482299804688,69.0237808227539
2020-05-29,77.03048706054688,174.55516052246094,8.840835571289062,56.098514556884766,53.79999923706055,126.64264678955078,27.371627807617188,275.497802734375,63.74892807006836,73.12467956542969,83.06021118164062,20.832754135131836,171.58990478515625,23.272523880004883,38.984622955322266,35.349952697753906,71.33308410644531,34.18495178222656,38.66178894042969,16.176542282104492,122.11849975585938,214.9175567626953,163.36056518554688,90.8110580444336,68.54043579101562
2020-06-01,77.97781372070312,174.15509033203125,8.771855354309082,55.14467239379883,53.630001068115234,125.31451416015625,25.414976119995117,276.4738464355469,62.83282470703125,71.5701904296875,84.16130065917969,21.2559757232666,174.5939178466797,23.81763458251953,40.23773956298828,35.979679107666016,72.18095397949219,35.16560745239258,39.298946380615234,16.14151382446289,123.552001953125,213.88829040527344,164.31625366210938,91.69538879394531,68.83045196533203
2020-06-02,78.33881378173828,176.13645935058594,8.79078197479248,55.37644958496094,53.540000915527344,126.21697235107422,25.916675567626953,276.81719970703125,63.84371566772461,71.83848571777344,84.44297790527344,21.454627990722656,178.27044677734375,24.09018325805664,41.36878967285156,36.78042984008789,73.65899658203125,35.82206726074219,41.57451629638672,16.630916595458984,123.62049865722656,218.5762176513672,164.47409057617188,92.80082702636719,68.35587310791016
2020-06-03,78.77007293701172,176.5650177001953,8.735249519348145,55.20706558227539,52.72999954223633,126.55750274658203,25.916675567626953,275.94970703125,64.80720520019531,71.72013854980469,89.0009994506836,22.44789695739746,183.88558959960938,25.347436904907227,43.40304946899414,38.2808837890625,75.5959243774414,36.567684173583984,41.99927520751953,17.292274475097656,123.91999816894531,218.39353942871094,169.47164916992188,95.90524291992188,69.93779754638672
2020-06-04,78.0916748046875,174.24081420898438,8.736248016357422,56.13417434692383,52.630001068115234,124.9228515625,25.809175491333008,269.3796691894531,64.40442657470703,73.41667175292969,90.85324096679688,23.291545867919922,187.5970001220703,26.569541931152344,45.282711029052734,38.17204284667969,74.89580535888672,36.23538589477539,41.832401275634766,17.927173614501953,123.02999877929688,216.60980224609375,169.42782592773438,93.29827880859375,69.19956970214844
2020-06-05,80.31580352783203,178.31777954101562,8.889220237731934,57.35544967651367,53.099998474121094,125.40814208984375,25.794836044311523,281.8238830566406,64.96514129638672,74.05582427978516,94.94180297851562,24.44829559326172,190.30413818359375,27.844388961791992,47.89469528198242,41.2662353515625,78.4197006225586,39.37996292114258,44.98785400390625,19.39097785949707,124.1500015258789,221.78688049316406,172.86485290527344,94.6155776977539,72.18760681152344
2020-06-08,80.79069519042969,179.42271423339844,8.774613380432129,56.758174896240234,52.970001220703125,124.95691680908203,26.224872589111328,279.6820068359375,65.47059631347656,74.63975524902344,96.83671569824219,24.82227897644043,192.82791137695312,29.295066833496094,49.831321716308594,42.5567741394043,80.30997467041016,40.77394104003906,47.1117057800293,20.854780197143555,126.2030029296875,223.41392517089844,177.6782989501953,96.07103729248047,73.4355239868164
2020-06-09,83.3418960571289,180.79443359375,9.014784812927246,56.19657897949219,56.38999938964844,124.26725769042969,25.952518463134766,279.4380187988281,64.96514129638672,75.88652038574219,94.35282135009766,24.543964385986328,190.46136474609375,28.688419342041016,48.41546630859375,41.608299255371094,78.97977447509766,39.41237258911133,45.10922622680664,19.849519729614258,130.04299926757812,223.4052276611328,174.9339599609375,94.54187774658203,72.38973999023438
2020-06-10,85.48606872558594,187.50035095214844,9.334426879882812,56.936466217041016,57.439998626708984,125.83385467529297,25.744672775268555,276.3111877441406,64.57816314697266,76.46251678466797,90.52889251708984,23.134994506835938,186.4617462158203,26.121143341064453,45.453575134277344,39.37705612182617,75.9070816040039,37.20793533325195,42.196495056152344,18.48271369934082,132.37249755859375,221.3953399658203,171.67239379882812,94.07205963134766,69.43685150146484
2020-06-11,81.38184356689453,177.43191528320312,8.76589584350586,53.21915817260742,52.83000183105469,119.93378448486328,23.866853713989258,256.41143798828125,61.08745574951172,72.8011703491211,82.97484588623047,20.812795639038086,169.52894592285156,23.553871154785156,39.37520217895508,35.90193557739258,69.52057647705078,34.13631820678711,38.7983283996582,16.32227897644043,127.89800262451172,208.361328125,164.40394592285156,87.66979217529297,63.777130126953125
2020-06-12,82.08445739746094,178.8321533203125,8.901674270629883,52.88932800292969,53.5,121.02352142333984,24.189382553100586,257.69464111328125,60.7371940612793,72.958984375,85.24531555175781,21.552074432373047,176.2095184326172,24.59132957458496,42.51610565185547,36.67158508300781,71.86980438232422,35.44114685058594,39.875423431396484,16.75437355041504,127.2509994506836,210.95419311523438,165.85935974121094,88.83050537109375,67.12548828125
2020-06-15,83.09962463378906,179.9752197265625,9.14209270477295,53.57572937011719,54.68000030517578,120.25728607177734,23.90985870361328,258.7157897949219,58.92224884033203,73.4482192993164,86.42324829101562,21.873872756958008,180.16543579101562,24.802335739135742,43.110111236572266,36.64826583862305,70.96743774414062,35.1331787109375,39.602359771728516,17.036548614501953,128.63400268554688,210.00579833984375,166.1399383544922,90.12937927246094,67.63522338867188
2020-06-16,85.30192565917969,184.38551330566406,9.037208557128906,53.843162536621094,54.459999084472656,122.9902114868164,23.93852996826172,264.788818359375,61.270530700683594,75.79971313476562,87.11463928222656,22.4392032623291,183.02980041503906,25.074892044067383,44.3062629699707,37.47235107421875,73.14556121826172,36.5595817565918,41.41522979736328,17.239362716674805,130.7635040283203,217.4799346923828,166.86767578125,91.23480224609375,68.40861511230469
2020-06-17,85.1832275390625,185.0237274169922,9.204126358032227,53.92338943481445,54.54999923706055,122.61564636230469,24.05320167541504,264.42730712890625,60.72922897338867,75.54719543457031,84.9124526977539,21.743419647216797,180.0606231689453,24.134145736694336,43.12638854980469,36.25178146362305,71.2085952758789,35.67617416381836,39.807151794433594,17.48627281188965,132.0489959716797,218.2629852294922,167.2797088623047,91.39139556884766,67.75826263427734
2020-06-18,85.21714782714844,187.00502014160156,9.186189651489258,53.55789566040039,54.040000915527344,122.09628295898438,23.823854446411133,263.4151306152344,60.67350769042969,75.9338607788086,84.45150756835938,21.778202056884766,178.00845336914062,24.222064971923828,43.158939361572266,36.477230072021484,71.51976013183594,36.02467346191406,40.148494720458984,17.794910430908203,132.69900512695312,216.83604431152344,166.1399383544922,90.6912841796875,67.06399536132812
2020-06-19,84.73015594482422,185.89056396484375,9.229288101196289,53.14784622192383,54.22999954223633,122.453857421875,23.95285987854004,264.3317565917969,62.0108528137207,76.3125991821289,83.48699951171875,21.960847854614258,176.07850646972656,24.26602554321289,43.0612907409668,35.7464485168457,70.50070190429688,35.416839599609375,39.67061996459961,17.380455017089844,133.75050354003906,214.6085662841797,163.5709991455078,88.23171997070312,66.26425170898438
2020-06-22,86.94702911376953,191.05340576171875,9.493873596191406,53.56681823730469,54.7599983215332,122.07923889160156,23.73067855834961,265.629638671875,61.095420837402344,76.75450134277344,82.58219146728516,21.412914276123047,177.64169311523438,24.046228408813477,42.361515045166016,36.08852005004883,71.24747467041016,35.30337905883789,39.76165008544922,17.477453231811523,135.6909942626953,216.79254150390625,164.36009216308594,91.6677474975586,66.26425170898438
2020-06-23,88.80288696289062,192.32980346679688,9.417388916015625,53.415260314941406,53.9900016784668,121.62799072265625,23.486989974975586,270.10418701171875,61.38995361328125,76.78604888916016,83.58942413330078,21.56077003479004,178.82936096191406,23.940711975097656,43.0857048034668,36.30620193481445,71.13081359863281,35.505985260009766,39.79198455810547,17.25699806213379,138.2205047607422,217.79315185546875,163.62355041503906,93.88782501220703,66.34333801269531
2020-06-24,87.23532104492188,188.45291137695312,9.203628540039062,52.67538070678711,52.38999938964844,119.03983306884766,23.071290969848633,262.462158203125,60.3949089050293,75.07374572753906,80.79827880859375,20.70842933654785,172.92599487304688,22.964801788330078,41.34437561035156,34.59583282470703,68.17478942871094,33.220497131347656,37.129581451416016,15.749104499816895,136.72000122070312,214.15618896484375,161.58070373535156,92.19283294677734,64.71748352050781
2020-06-25,88.39344024658203,190.8343048095703,9.457250595092773,52.15833282470703,51.93000030517578,118.91211700439453,23.164464950561523,268.8516845703125,60.9521484375,76.5335464477539,83.6150131225586,21.499893188476562,180.8553466796875,24.063806533813477,42.866004943847656,35.11672592163086,69.3960952758789,34.08770751953125,38.479740142822266,16.242918014526367,137.72900390625,213.50357055664062,160.23927307128906,93.40879821777344,64.90204620361328
2020-06-26,85.6774673461914,187.01455688476562,9.123407363891602,51.25798034667969,50.099998474121094,117.32857513427734,22.96378517150879,260.37457275390625,59.85361862182617,75.85494232177734,79.03138732910156,20.134403228759766,165.21499633789062,22.279027938842773,40.3435173034668,33.91170120239258,67.25688934326172,32.701820373535156,36.9854621887207,15.37874984741211,134.64349365234375,209.7012939453125,157.59140014648438,86.28801727294922,62.89829635620117
2020-06-29,87.65203857421875,189.0244903564453,9.16825008392334,51.94438934326172,50.279998779296875,118.37574768066406,23.393817901611328,262.9886474609375,60.593910217285156,76.09955596923828,79.38135528564453,20.34313201904297,168.9525604248047,22.595539093017578,40.92125701904297,34.45590591430664,68.19813537597656,33.471744537353516,37.66054153442383,15.881380081176758,134.0189971923828,214.14743041992188,160.27432250976562,88.31464385986328,64.57686614990234
2020-06-30,88.38375091552734,193.85389709472656,9.464974403381348,53.33503341674805,52.61000061035156,119.72943115234375,23.436817169189453,267.6990661621094,61.55711364746094,77.47256469726562,80.28612518310547,20.656246185302734,172.57664489746094,22.507617950439453,41.58034896850586,34.766876220703125,69.41165924072266,34.055274963378906,38.42665100097656,16.21646499633789,137.9409942626953,217.96714782714844,161.73854064941406,90.32283782958984,64.6735610961914
2020-07-01,88.216552734375,194.9874267578125,9.497113227844238,52.42576599121094,52.58000183105469,119.51661682128906,24.182214736938477,270.22216796875,62.18598937988281,78.23007202148438,79.60330200195312,20.230070114135742,172.53302001953125,22.059226989746094,40.97006607055664,33.98167037963867,68.15925598144531,33.01789093017578,37.8198356628418,15.625648498535156,143.93499755859375,215.91372680664062,161.90512084960938,89.72404479980469,65.06024169921875
2020-07-02,88.216552734375,196.47341918945312,9.579078674316406,52.71104049682617,52.34000015258789,120.0189437866211,24.73409080505371,270.7032470703125,62.71135330200195,78.02491760253906,79.86183166503906,20.25616455078125,172.38458251953125,22.279027938842773,41.1328125,34.269317626953125,68.69598388671875,33.86076354980469,38.320457458496094,15.854923248291016,144.51499938964844,216.21829223632812,160.90560913085938,90.6728744506836,64.84053039550781
2020-07-06,90.57634735107422,200.70274353027344,9.805295944213867,53.07651901245117,53.400001525878906,121.73016357421875,24.73409080505371,274.83282470703125,63.34819793701172,78.12751007080078,81.8786392211914,20.57796859741211,181.08238220214844,22.410905838012695,42.28827667236328,34.51032257080078,68.89824676513672,33.73919677734375,38.23702621459961,16.533916473388672,152.8520050048828,217.13186645507812,165.2718963623047,92.07308197021484,66.29940795898438
2020-07-07,90.29534149169922,198.3689727783203,9.837682723999023,51.98005294799805,52.93000030517578,121.61949157714844,24.390066146850586,269.24200439453125,62.663597106933594,78.39580535888672,79.56880950927734,20.012636184692383,174.09619140625,21.50532341003418,40.945655822753906,33.61627197265625,67.14019775390625,32.93684005737305,36.49242401123047,16.031286239624023,150.00599670410156,215.2176971435547,162.92218017578125,89.4200439453125,65.25359344482422
2020-07-08,92.3983154296875,202.7316436767578,10.180745124816895,52.24748992919922,53.43000030517578,121.97708129882812,24.189382553100586,270.7939147949219,62.02678680419922,78.34056854248047,80.4134521484375,20.09091567993164,176.6199493408203,21.584453582763672,41.401336669921875,33.53852844238281,67.17131805419922,33.26103591918945,35.984222412109375,15.934284210205078,154.0554962158203,216.8012237548828,162.9485321044922,91.0505599975586,65.15691375732422
2020-07-09,92.79564666748047,204.15103149414062,10.472732543945312,52.078102111816406,57.2599983215332,121.31298828125,23.981534957885742,264.2592468261719,61.04767608642578,77.28318786621094,78.67243194580078,19.80389976501465,171.88677978515625,21.13606071472168,40.23773956298828,32.15468978881836,64.36310577392578,31.08089828491211,33.632816314697266,15.105386734008789,159.13150024414062,215.74844360351562,161.61581420898438,89.34637451171875,64.65597534179688
2020-07-10,92.95796966552734,203.5318145751953,10.443087577819824,53.06761169433594,55.880001068115234,121.2108383178711,24.24671745300293,264.3227233886719,61.079505920410156,76.40727996826172,82.97322845458984,20.891071319580078,179.51048278808594,22.39332389831543,42.841590881347656,33.15758514404297,66.30008697509766,32.16691207885742,34.436832427978516,15.687381744384766,160.0,217.6190948486328,162.0980224609375,90.26754760742188,65.28872680664062
2020-07-13,92.5291519165039,197.24497985839844,10.017559051513672,52.220733642578125,53.59000015258789,123.6287841796875,25.235790252685547,272.0192565917969,61.57303237915039,77.22005462646484,84.16263580322266,21.03892707824707,182.4097442626953,22.34056854248047,42.47542190551758,33.16536331176758,66.43231964111328,32.142608642578125,34.09549331665039,15.325838088989258,155.1999969482422,217.19277954101562,162.133056640625,88.85812377929688,63.84746170043945
2020-07-14,94.06036376953125,198.46421813964844,10.341188430786133,52.57731628417969,54.720001220703125,125.93599700927734,25.2501277923584,280.0152282714844,62.28946304321289,78.96925354003906,84.6452865600586,20.995441436767578,186.88966369628906,21.320695877075195,40.80733108520508,34.26154708862305,68.72709655761719,33.47985076904297,35.86284255981445,16.21646499633789,154.1999969482422,224.30145263671875,167.21839904785156,89.13447570800781,63.917747497558594
2020-07-15,94.70724487304688,198.16897583007812,10.191957473754883,52.62188720703125,55.34000015258789,126.2254638671875,25.6013240814209,275.97650146484375,63.23674774169922,80.25518798828125,85.9553451538086,21.395517349243164,189.4134063720703,22.287817001342773,42.18248748779297,34.69691467285156,69.14717102050781,33.7310905456543,35.9993782043457,16.666189193725586,150.44349670410156,224.3101348876953,168.1389923095703,90.77423095703125,66.44880676269531
2020-07-16,93.54187774658203,194.24441528320312,10.099774360656738,52.719947814941406,54.91999816894531,127.068359375,25.515321731567383,278.7718505859375,63.204891204833984,79.80789184570312,86.19667053222656,20.812795639038086,187.46603393554688,22.384525299072266,41.8732795715332,34.4248046875,68.73487854003906,33.70676803588867,36.56133270263672,16.595645904541016,149.9949951171875,224.5537567138672,167.3937530517578,89.59508514404297,65.37662506103516
2020-07-17,93.35292053222656,193.25381469726562,10.16629409790039,53.4865837097168,55.040000915527344,127.1534652709961,25.98118019104004,278.20916748046875,63.579036712646484,80.53474426269531,84.6021728515625,20.19527816772461,184.61912536621094,21.936134338378906,40.864288330078125,33.833961486816406,67.82476043701172,32.71612548828125,36.056732177734375,16.419281005859375,148.09849548339844,226.55499267578125,167.88475036621094,88.69230651855469,65.17449188232422
2020-07-20,95.32020568847656,201.56005859375,10.474479675292969,54.51174545288086,57.459999084472656,127.36627197265625,26.160367965698242,275.4228515625,63.21286392211914,79.50438690185547,83.86096954345703,20.508384704589844,184.88113403320312,21.60203742980957,40.799190521240234,33.04096984863281,66.3311996459961,32.2003288269043,36.469581604003906,16.26055908203125,159.8419952392578,226.37228393554688,167.99871826171875,88.1119613647461,65.87754821777344
2020-07-21,94.00463104248047,198.8452606201172,10.29285717010498,54.11060333251953,57.0,127.48551940917969,26.296546936035156,276.9202880859375,62.798927307128906,77.79513549804688,85.67953491210938,21.238967895507812,185.15185546875,23.035139083862305,42.09297561645508,34.71246337890625,71.09191131591797,34.107948303222656,38.54920196533203,17.24818229675293,156.9145050048828,228.3300018310547,169.1999053955078,90.6083755493164,66.29940795898438
2020-07-22,94.26870727539062,201.7029266357422,10.402726173400879,54.4225959777832,61.790000915527344,127.71537780761719,27.636821746826172,278.3724670410156,62.71135330200195,78.03475189208984,85.05899810791016,21.143293380737305,179.89466857910156,23.087892532348633,42.0360221862793,33.9039306640625,70.81964874267578,33.477535247802734,38.37334060668945,16.904277801513672,154.99549865722656,230.72274780273438,174.14486694335938,91.11505889892578,67.88128662109375
2020-07-23,89.97794342041016,192.92994689941406,10.094792366027832,53.843162536621094,59.56999969482422,127.37480926513672,27.529308319091797,274.97808837890625,62.13821792602539,78.29832458496094,85.30894470214844,21.34333610534668,177.2924041748047,23.16701889038086,42.377777099609375,33.97389221191406,70.79631042480469,33.12549591064453,37.34883499145508,17.018909454345703,149.32749938964844,229.5393829345703,173.20675659179688,90.55313110351562,66.22908020019531
2020-07-24,89.75505065917969,191.74871826171875,10.159319877624512,45.098114013671875,69.4000015258789,126.10629272460938,26.99176597595215,272.99945068359375,61.374046325683594,77.56350708007812,84.70560455322266,21.178083419799805,175.9387969970703,23.087892532348633,42.044151306152344,33.76398468017578,70.11175537109375,32.978118896484375,37.494102478027344,17.177642822265625,150.44549560546875,230.8445281982422,174.23255920410156,90.6728744506836,66.59821319580078
2020-07-27,91.88224792480469,194.17774963378906,10.385536193847656,44.1888313293457,68.97000122070312,125.30599212646484,26.905757904052734,271.01190185546875,62.830772399902344,77.60343933105469,83.5162353515625,20.995441436767578,177.2924041748047,22.410905838012695,41.734954833984375,34.26154708862305,70.81964874267578,32.5605583190918,37.12710952758789,17.35399627685547,152.760498046875,232.6804962158203,176.4508056640625,89.54900360107422,67.19578552246094
2020-07-28,90.37287139892578,192.4345703125,10.18024730682373,43.894657135009766,67.61000061035156,125.00798797607422,27.96651268005371,272.2189025878906,63.43574905395508,77.24400329589844,83.87821960449219,21.186782836914062,176.0697784423828,22.446077346801758,41.71868896484375,33.857269287109375,69.31831359863281,31.897396087646484,36.14081954956055,16.886638641357422,150.01649475097656,230.81846618652344,172.0581512451172,88.6830825805664,65.59632110595703
2020-07-29,92.10517120361328,194.37779235839844,10.429386138916016,42.85166931152344,76.08999633789062,124.76111602783203,28.138517379760742,278.3453063964844,63.16511917114258,77.48362731933594,85.91223907470703,21.97824478149414,176.9081268310547,22.665874481201172,42.73581314086914,34.23044204711914,70.0650863647461,32.69974899291992,37.08123016357422,17.133543014526367,151.67649841308594,230.2790069580078,172.0318603515625,89.32794189453125,68.03950500488281
2020-07-30,93.21966552734375,194.22535705566406,10.577371597290039,42.780357360839844,78.19999694824219,125.0165023803711,28.037195205688477,277.02923583984375,62.87852096557617,76.70886993408203,83.61963653564453,21.60425567626953,174.24462890625,21.672378540039062,41.393192291259766,32.551177978515625,67.10908508300781,30.81669044494629,35.613277435302734,16.26055908203125,152.593994140625,231.7146453857422,171.33042907714844,89.18975067138672,67.35400390625
2020-07-31,102.97869873046875,195.28273010253906,10.578119277954102,42.548580169677734,77.43000030517578,124.09698486328125,27.849031448364258,274.8056335449219,63.873565673828125,75.80632019042969,83.29212188720703,21.63904571533203,172.87359619140625,21.329483032226562,41.10551452636719,32.714447021484375,65.29657745361328,30.612009048461914,35.8197021484375,15.996011734008789,158.23399353027344,231.00111389160156,170.3396759033203,89.91749572753906,67.25733184814453
2020-08-03,105.57351684570312,206.26564025878906,10.972253799438477,43.05670166015625,77.66999816894531,125.45072174072266,27.75494956970215,275.5588684082031,65.70446014404297,76.6290054321289,82.82670593261719,21.734716415405273,174.12234497070312,21.355857849121094,41.4178581237793,32.84660720825195,65.97335815429688,30.055269241333008,35.45271682739258,16.50745964050293,155.59449768066406,231.60153198242188,170.44491577148438,90.58076477050781,66.35212707519531
2020-08-04,106.27854919433594,203.1698455810547,11.18900203704834,43.796600341796875,85.04000091552734,125.34003448486328,27.783897399902344,276.36669921875,65.01188659667969,75.31111145019531,82.3526611328125,21.752113342285156,176.08721923828125,21.294315338134766,41.21237564086914,33.795082092285156,67.28022003173828,30.81669044494629,37.050655364990234,16.95718765258789,156.94149780273438,233.0719451904297,174.79368591308594,89.65956115722656,66.0269546508789
2020-08-05,106.66375732421875,202.83641052246094,11.247798919677734,43.60940170288086,85.30999755859375,126.34465026855469,27.827320098876953,283.6003112792969,64.9880142211914,74.4804458618164,83.78340911865234,22.082612991333008,178.60227966308594,21.45256996154785,41.95212173461914,34.09050369262695,67.83251953125,31.127811431884766,38.80150604248047,17.195274353027344,160.25149536132812,232.732666015625,174.7060089111328,92.98507690429688,66.59821319580078
2020-08-06,110.38518524169922,206.08465576171875,11.296382904052734,43.59144592285156,86.70999908447266,125.6209945678711,27.697046279907227,285.04339599609375,64.51836395263672,73.93732452392578,83.80925750732422,22.152185440063477,178.366455078125,21.399599075317383,41.82882308959961,33.92723846435547,68.04255676269531,31.15236473083496,38.90854263305664,17.036548614501953,161.25,234.37709045410156,178.14295959472656,92.53369140625,66.85446166992188
2020-08-07,107.87548065185547,202.39825439453125,11.160852432250977,43.1068000793457,84.8499984741211,126.51496124267578,27.827320098876953,287.7390441894531,64.49447631835938,74.21688079833984,85.65367889404297,22.70882225036621,181.87709045410156,22.13234519958496,42.83982467651367,33.771759033203125,67.5213623046875,31.3570499420166,37.318260192871094,17.309907913208008,158.3730010986328,236.35226440429688,179.38804626464844,93.83256530761719,66.9693374633789
2020-08-10,109.44343566894531,198.3689727783203,11.126468658447266,44.17481994628906,82.23999786376953,126.02962493896484,27.783897399902344,289.6177978515625,64.40691375732422,73.78555297851562,86.73965454101562,23.10019874572754,182.84637451171875,21.805702209472656,43.44805145263672,34.60362243652344,69.80060577392578,32.454132080078125,38.57978439331055,17.830175399780273,157.4080047607422,239.04083251953125,178.9671630859375,97.102783203125,68.45378875732422
2020-08-11,106.18862915039062,193.73004150390625,10.8125581741333,43.25040054321289,76.87999725341797,125.1272201538086,27.34965705871582,286.39581298828125,64.40691375732422,74.01718139648438,89.48041534423828,23.413312911987305,184.31349182128906,22.353052139282227,44.18780517578125,34.961238861083984,69.71503448486328,32.51144027709961,37.784629821777344,17.900718688964844,154.0334930419922,239.2061767578125,179.73867797851562,96.83563995361328,69.69084930419922
2020-08-12,109.71771240234375,199.26438903808594,11.40077018737793,44.147891998291016,82.61000061035156,127.41740417480469,27.74047088623047,292.4949035644531,65.81587219238281,76.28556060791016,88.72196960449219,23.24805450439453,185.24789428710938,22.238283157348633,43.85081481933594,34.953304290771484,70.57073211669922,34.107948303222656,37.53233337402344,17.953632354736328,158.11199951171875,245.00096130371094,180.63304138183594,96.9277572631836,70.06198120117188
2020-08-13,111.65943908691406,198.7976531982422,11.403511047363281,43.58247756958008,81.83999633789062,126.00408172607422,27.62467384338379,291.81427001953125,66.5004653930664,75.62261199951172,88.230712890625,22.917556762695312,181.98182678222656,22.088199615478516,43.472721099853516,34.097110748291016,69.87060546875,33.26467514038086,36.255516052246094,17.521541595458984,158.05099487304688,245.0706024169922,181.0450897216797,98.12530517578125,69.82340240478516
2020-08-14,111.5599365234375,198.98812866210938,11.524093627929688,43.87863540649414,81.30000305175781,126.20845794677734,27.545066833496094,293.7928466796875,66.45271301269531,75.93411254882812,88.26519012451172,23.02192497253418,181.6150665283203,22.335397720336914,43.5056037902832,34.24773406982422,70.28291320800781,33.42023468017578,36.676021575927734,17.697906494140625,157.4010009765625,244.10475158691406,181.51853942871094,98.04242706298828,69.24905395507812
2020-08-17,111.26869201660156,200.30267333984375,12.294427871704102,43.91454315185547,82.41999816894531,126.84697723388672,27.75494956970215,290.89764404296875,67.47162628173828,76.95648956298828,85.9381103515625,22.526174545288086,177.33602905273438,21.60265350341797,42.264461517333984,33.80378723144531,70.60961151123047,33.321983337402344,35.582698822021484,17.64499855041504,159.12049865722656,250.7957763671875,182.95645141601562,97.33308410644531,69.76154327392578
2020-08-18,112.19583129882812,201.45529174804688,12.218440055847168,43.66325759887695,81.66000366210938,127.78346252441406,27.76218032836914,287.5393981933594,67.31240844726562,76.39738464355469,84.7400894165039,22.204374313354492,175.79905700683594,21.223039627075195,41.37675476074219,33.637290954589844,69.14976501464844,33.01906204223633,35.437435150146484,17.433361053466797,165.62449645996094,247.9766845703125,184.40316772460938,98.53986358642578,69.79690551757812
2020-08-19,112.33663940429688,200.2330780029297,12.096611022949219,43.37604904174805,81.08999633789062,128.0388946533203,27.68980598449707,286.25958251953125,67.68656921386719,76.75678253173828,84.93832397460938,22.178281784057617,177.2924041748047,21.249523162841797,41.335662841796875,33.26469802856445,68.17127227783203,32.46232986450195,34.87165069580078,17.38927459716797,163.0240020751953,246.1146240234375,183.69296264648438,99.84793090820312,68.59516906738281
2020-08-20,114.829345703125,204.89273071289062,12.099103927612305,44.12994384765625,82.7699966430664,128.91580200195312,28.02272605895996,284.38079833984375,67.68656921386719,76.03795623779297,83.92131042480469,21.830394744873047,176.2706298828125,20.967021942138672,40.752079010009766,32.75732421875,66.92447662353516,31.741838455200195,33.717166900634766,16.551557540893555,164.86849975585938,244.21788024902344,184.0174102783203,99.49787139892578,68.23289489746094
2020-08-21,120.74677276611328,203.40318298339844,12.639729499816895,44.22867202758789,83.80999755859375,130.05665588378906,28.138526916503906,285.1160888671875,67.64675903320312,75.76639556884766,83.87821960449219,21.726015090942383,176.777099609375,20.869903564453125,40.52192687988281,32.51157760620117,67.13753509521484,31.242422103881836,33.17432403564453,16.38401222229004,164.23599243164062,246.4366455078125,185.49913024902344,101.10076141357422,68.100341796875
2020-08-24,122.19092559814453,204.04293823242188,12.676353454589844,44.10301971435547,83.08000183105469,130.39947509765625,28.109573364257812,280.3056640625,67.99702453613281,75.48683166503906,86.23975372314453,22.34353256225586,181.06492614746094,21.62030792236328,41.96855545043945,33.4708251953125,68.81044006347656,31.82371711730957,33.89300537109375,17.239362716674805,165.3730010986328,249.49940490722656,186.4197540283203,103.01683807373047,69.52297973632812
2020-08-25,121.18851470947266,206.69741821289062,12.705999374389648,44.3632926940918,86.3499984741211,130.3223419189453,27.798370361328125,283.37347412109375,68.2039794921875,75.12741088867188,86.61897277832031,22.613147735595703,179.89466857910156,21.72625160217285,42.45350646972656,32.408512115478516,67.9660873413086,31.807344436645508,33.93124771118164,16.9836368560791,167.32449340820312,248.95994567871094,186.44602966308594,102.72205352783203,73.0927734375
2020-08-26,122.83656311035156,211.16612243652344,12.728920936584473,44.47099304199219,86.0199966430664,130.52801513671875,27.53782844543457,280.2875671386719,68.0925521850586,75.35904693603516,85.40373229980469,22.23046875,180.96011352539062,21.223039627075195,41.79594421386719,31.718799591064453,66.90080261230469,30.751195907592773,33.07493209838867,16.4633731842041,172.09249877929688,254.0064239501953,187.41921997070312,102.74049377441406,72.81885528564453
2020-08-27,121.36811065673828,216.3509979248047,12.584671020507812,44.33637237548828,83.80000305175781,131.11082458496094,27.400318145751953,282.8742980957031,68.31542205810547,75.31910705566406,88.21346282958984,22.65663719177246,183.518798828125,21.708593368530273,42.511043548583984,31.50474739074707,67.00338745117188,31.23423957824707,34.367042541503906,16.489830017089844,170.0,251.1351318359375,186.042724609375,102.10484313964844,73.70248413085938
2020-08-28,121.17153930664062,218.57582092285156,13.102375984191895,45.26078796386719,85.55000305175781,131.6764678955078,27.436506271362305,285.3248291015625,68.18009185791016,75.21527862548828,88.57544708251953,22.874067306518555,181.3880615234375,21.796871185302734,42.97133255004883,32.25788879394531,67.57154846191406,31.422550201416016,35.330387115478516,17.124731063842773,170.08999633789062,249.09913635253906,188.42752075195312,103.66975402832031,75.10742950439453
2020-08-31,125.28070831298828,215.34840393066406,13.328346252441406,45.72748947143555,90.81999969482422,131.47940063476562,27.34965705871582,283.6729736328125,67.87761688232422,76.49323272705078,86.35179901123047,22.38701820373535,179.99111938476562,21.32015037536621,42.01786422729492,31.663307189941406,66.23006439208984,31.021377563476562,34.66521453857422,16.7631893157959,172.54800415039062,248.01144409179688,188.3040771484375,103.30044555664062,74.63909912109375
2020-09-01,130.27096557617188,217.00982666015625,13.777426719665527,45.583885192871094,92.18000030517578,129.85955810546875,26.691068649291992,283.927001953125,67.20894622802734,73.67374420166016,86.30870819091797,22.360925674438477,180.50946044921875,21.231868743896484,42.08363342285156,31.258995056152344,65.55933380126953,30.423702239990234,34.56583023071289,16.536834716796875,174.95599365234375,248.79458618164062,187.5720977783203,106.02397155761719,76.03523254394531
2020-09-02,127.57192993164062,221.192138671875,14.30126953125,46.89423370361328,90.22000122070312,131.83932495117188,26.92266082763672,290.6524658203125,69.19901275634766,75.03954315185547,87.61014556884766,22.63054656982422,184.53326416015625,21.690935134887695,42.70008850097656,31.0687255859375,65.6461181640625,29.785097122192383,33.411346435546875,16.661108016967773,176.57249450683594,251.20872497558594,190.6940155029297,107.83351135253906,78.06755828857422
2020-09-03,117.3584213256836,207.48995971679688,12.97446346282959,45.224891662597656,82.54000091552734,128.17117309570312,26.343673706054688,287.012939453125,68.052734375,73.37821960449219,87.33433532714844,22.472904205322266,182.35440063476562,21.646793365478516,42.33021926879883,31.00531578063965,64.92803192138672,29.46580696105957,32.97553634643555,16.971784591674805,168.39999389648438,240.21397399902344,188.551025390625,104.18672943115234,76.4151840209961
2020-09-04,117.43610382080078,204.57760620117188,12.5827054977417,44.94667053222656,82.01000213623047,127.34839630126953,26.314729690551758,283.17376708984375,67.85372924804688,73.37821960449219,89.22187042236328,23.243600845336914,185.32395935058594,21.885154724121094,43.16859817504883,30.981523513793945,64.6518325805664,29.359365463256836,32.983177185058594,17.14043426513672,164.7310028076172,235.86680603027344,186.7254638671875,103.77130126953125,76.22962951660156
2020-09-08,109.53324127197266,193.51089477539062,11.875442504882812,43.89659118652344,78.69000244140625,126.20853424072266,26.00352668762207,278.8626403808594,66.33330535888672,72.06034088134766,86.11909484863281,22.315261840820312,177.89132690429688,21.161237716674805,41.95212173461914,30.268030166625977,62.316070556640625,27.885665893554688,31.217056274414062,16.314924240112305,157.49200439453125,235.5168914794922,188.3570098876953,104.06672668457031,75.46971893310547
2020-09-09,113.90214538574219,201.75123596191406,12.674911499023438,44.53382110595703,81.91000366210938,128.29969787597656,26.184459686279297,283.1919860839844,67.56715393066406,73.18653106689453,86.93787384033203,22.341535568237305,177.6628875732422,21.046472549438477,42.24802017211914,30.085691452026367,63.15251922607422,28.213157653808594,32.004547119140625,16.519084930419922,163.4304962158203,242.3219757080078,190.23545837402344,106.0793685913086,75.8673324584961
2020-09-10,110.1837387084961,196.09848022460938,12.272933006286621,43.94146728515625,78.9800033569336,125.9085464477539,25.800880432128906,276.45751953125,66.52435302734375,71.60505676269531,86.04153442382812,22.01749038696289,175.72128295898438,21.143587112426758,41.87814712524414,29.332557678222656,61.66901779174805,26.952322006225586,29.053342819213867,15.720203399658203,158.7554931640625,238.52584838867188,191.5847930908203,105.97782135009766,75.00139617919922
2020-09-11,108.73712921142578,194.8190155029297,12.12614631652832,44.22867202758789,76.33999633789062,126.65420532226562,26.104846954345703,274.7532958984375,67.24874877929688,71.64501190185547,87.1102523803711,22.332775115966797,176.520751953125,21.426084518432617,41.91923904418945,29.25328826904297,61.306007385253906,27.107885360717773,29.856130599975586,15.862223625183105,155.81100463867188,241.70089721679688,192.25502014160156,108.94137573242188,75.34598541259766
2020-09-14,111.99925231933594,196.13671875,12.831665992736816,44.34534454345703,77.9000015258789,127.14273834228516,26.785152435302734,281.2147216796875,67.48128509521484,72.27597045898438,88.31689453125,22.551725387573242,176.8897705078125,21.90281105041504,39.576698303222656,29.06301498413086,60.99036407470703,27.44355583190918,29.947874069213867,16.004253387451172,155.14849853515625,245.47958374023438,194.51271057128906,110.12311553955078,76.5477294921875
2020-09-15,112.17401885986328,199.3545684814453,12.950041770935059,44.87487030029297,78.93000030517578,127.60552978515625,26.74896240234375,279.9934997558594,67.52136993408203,72.6114501953125,85.56749725341797,22.140104293823242,173.95541381835938,21.964616775512695,36.831398010253906,28.753828048706055,60.24858856201172,27.67279624938965,29.50443458557129,16.155149459838867,157.80650329589844,249.79164123535156,196.10888671875,110.11390686035156,77.50202178955078
2020-09-16,108.86334991455078,195.7930145263672,12.475043296813965,45.20694351196289,76.66000366210938,127.1855239868164,26.61870002746582,279.346435546875,68.61184692382812,71.70890808105469,85.92948150634766,22.420351028442383,176.3099365234375,22.697349548339844,37.825950622558594,29.974699020385742,61.99253463745117,28.720767974853516,31.2399845123291,17.025043487548828,153.90499877929688,246.33673095703125,198.26075744628906,109.486083984375,78.09405517578125
2020-09-17,107.12550354003906,193.7495880126953,12.42420482635498,45.16206359863281,76.55000305175781,126.13141632080078,26.647642135620117,277.9429931640625,68.66797637939453,71.58909606933594,84.94692993164062,22.201406478881836,171.17031860351562,22.167659759521484,37.423194885253906,29.966768264770508,62.17403030395508,29.547677993774414,31.492292404174805,16.936279296875,150.43649291992188,244.87594604492188,196.29412841796875,107.42730712890625,76.65375518798828
2020-09-18,103.72745513916016,191.3433837890625,12.1508207321167,44.77613830566406,74.93000030517578,127.85407257080078,26.510133743286133,280.7134704589844,68.80426788330078,71.97248077392578,84.76595306396484,22.078792572021484,171.1966552734375,22.185312271118164,36.87248611450195,29.483182907104492,61.71633529663086,29.367549896240234,31.125301361083984,16.62560272216797,147.74549865722656,240.70375061035156,194.2569580078125,105.8578109741211,75.0632553100586
2020-09-21,106.87306213378906,193.3962860107422,12.477787017822266,44.62356948852539,77.94000244140625,124.35730743408203,26.06865882873535,272.666259765625,66.65540313720703,71.15779113769531,82.14582824707031,21.430702209472656,170.44110107421875,21.223039627075195,36.10808563232422,28.880678176879883,60.20915603637695,28.13127899169922,29.672630310058594,15.329641342163086,148.02349853515625,238.2196044921875,190.85279846191406,104.66681671142578,74.12662506103516
2020-09-22,108.55266571044922,198.05593872070312,12.597904205322266,44.829986572265625,77.69999694824219,123.59453582763672,26.2351131439209,268.1732482910156,66.5030517578125,70.76641082763672,81.24948120117188,20.966535568237305,168.3501739501953,20.878738403320312,35.58203887939453,28.167184829711914,59.601524353027344,28.082164764404297,29.397396087646484,15.38289737701416,156.44949340820312,239.0593719482422,190.85279846191406,107.89813995361328,74.17963409423828
2020-09-23,103.99931335449219,191.5343017578125,12.085526466369629,43.81582260131836,74.7300033569336,123.79170989990234,26.054183959960938,266.24127197265625,66.2544937133789,69.60028839111328,79.93079376220703,20.37099266052246,163.51806640625,20.154823303222656,34.398441314697266,27.263423919677734,56.776493072509766,26.952322006225586,27.814746856689453,14.743795394897461,149.9929962158203,233.1465301513672,189.5828399658203,117.35204315185547,73.33137512207031
2020-09-24,105.0672607421875,194.0169219970703,12.309069633483887,44.12096405029297,75.81999969482422,123.98877716064453,25.8804931640625,266.7151184082031,66.67144775390625,68.61787414550781,79.86183166503906,20.441059112548828,171.41632080078125,20.5874080657959,34.677894592285156,27.20792579650879,56.65814971923828,27.509048461914062,28.021181106567383,14.752671241760254,150.989501953125,232.40304565429688,190.59703063964844,115.17320251464844,73.37554931640625
2020-09-25,109.00900268554688,198.43792724609375,12.833161354064941,44.821014404296875,78.05999755859375,124.83728790283203,26.090370178222656,275.68280029296875,66.49503326416016,68.87344360351562,80.5599594116211,20.572425842285156,171.2757568359375,20.869903564453125,34.53816223144531,27.46161460876465,56.68182373046875,27.590925216674805,28.632829666137695,14.131319999694824,154.75650024414062,234.89584350585938,192.41375732421875,114.6931381225586,74.48890686035156
2020-09-28,111.61090850830078,199.9847869873047,12.993902206420898,46.15829086303711,79.4800033569336,126.07998657226562,26.336441040039062,276.34814453125,66.35871887207031,69.71210479736328,82.87842559814453,21.097902297973633,174.89547729492188,21.02881622314453,35.62313461303711,27.992773056030273,58.33894729614258,27.599111557006836,28.62518310546875,14.601770401000977,158.70249938964844,238.2021942138672,194.24806213378906,114.77621459960938,76.05290222167969
2020-09-29,110.76624298095703,197.90321350097656,13.184051513671875,45.94288635253906,81.7699966430664,126.037109375,26.177223205566406,277.1865539550781,65.6691665649414,69.40061950683594,82.1802978515625,20.817644119262695,172.89230346679688,20.534439086914062,34.866947174072266,27.176212310791016,56.7370491027832,26.57571029663086,27.669485092163086,13.847271919250488,157.24400329589844,238.009765625,192.8546905517578,116.650390625,74.93071746826172
2020-09-30,112.43614196777344,200.83462524414062,13.487842559814453,46.47241973876953,81.98999786376953,127.59695434570312,26.560791015625,284.1309814453125,66.51107025146484,69.95970916748047,82.97322845458984,21.097902297973633,176.564697265625,20.75514030456543,35.43408966064453,27.215852737426758,56.81597137451172,26.88682746887207,27.478342056274414,13.81176471710205,157.43649291992188,242.907958984375,193.56903076171875,115.90254974365234,75.92037200927734
2020-10-01,113.38760375976562,202.8684539794922,13.571576118469238,46.88526153564453,84.86000061035156,126.25994873046875,26.321962356567383,285.31573486328125,65.4606704711914,69.60028839111328,83.57653045654297,21.10666275024414,174.4385986328125,20.799283981323242,35.70531463623047,26.2645320892334,55.569175720214844,26.5511531829834,26.652616500854492,13.323562622070312,161.06300354003906,242.8292236328125,193.6572265625,116.91810607910156,76.64491271972656
2020-10-02,109.7274398803711,196.88150024414062,13.02106761932373,45.78133773803711,81.80000305175781,125.33434295654297,26.32920265197754,284.3223571777344,64.78715515136719,68.78559112548828,84.36946868896484,21.202993392944336,175.62461853027344,21.178897857666016,35.88615798950195,26.145614624023438,56.176780700683594,27.075132369995117,26.61438751220703,13.820640563964844,156.25,244.3074493408203,196.37347412109375,116.91810607910156,76.49471282958984
2020-10-05,113.10604095458984,200.8823699951172,13.599488258361816,46.39163589477539,86.1500015258789,127.03988647460938,26.596986770629883,289.9454040527344,65.13996124267578,70.23128509521484,86.15271759033203,21.562076568603516,177.2938995361328,21.584999084472656,36.91359329223633,26.748123168945312,57.368343353271484,28.065780639648438,27.87592124938965,14.264466285705566,159.9600067138672,246.74781799316406,199.37200927734375,118.09062957763672,78.17357635498047
2020-10-06,109.86335754394531,196.61415100097656,13.693190574645996,46.10444641113281,84.4800033569336,125.35149383544922,26.177223205566406,286.5734558105469,63.8490104675293,68.6019058227539,85.26545715332031,21.343128204345703,176.67013549804688,21.346637725830078,36.502620697021484,26.47064971923828,57.05270767211914,27.263437271118164,27.51657485961914,13.909409523010254,154.9980010986328,241.8234100341797,197.6258087158203,117.8505859375,76.88351440429688
2020-10-07,111.7274169921875,200.35716247558594,13.919973373413086,47.271183013916016,86.69000244140625,126.73989868164062,26.39433479309082,294.5203857421875,64.17774963378906,69.54436492919922,86.7529525756836,21.78978157043457,178.87533569335938,21.90281105041504,36.856056213378906,26.55785369873047,58.2205810546875,28.106719970703125,28.067052841186523,14.157944679260254,159.7845001220703,247.35137939453125,199.73353576660156,120.0755615234375,78.15589904785156
2020-10-08,111.62061309814453,201.07330322265625,13.795119285583496,47.89943313598633,86.51000213623047,127.60552978515625,26.69830322265625,293.8277587890625,64.53057098388672,69.76001739501953,88.53619384765625,22.105064392089844,182.72340393066406,22.335397720336914,36.757415771484375,27.9531307220459,59.35689926147461,29.089187622070312,28.80103302001953,14.58401870727539,159.52749633789062,248.86451721191406,199.13385009765625,119.75243377685547,79.1102066040039
2020-10-09,113.56234741210938,206.0672149658203,13.719358444213867,47.40580749511719,83.0999984741211,129.38816833496094,26.625930786132812,298.7763366699219,64.43434143066406,70.04757690429688,88.03166198730469,22.21016502380371,182.3368377685547,22.335397720336914,36.93002700805664,27.540897369384766,58.39418411254883,28.761699676513672,28.71693229675293,14.406489372253418,164.33250427246094,250.08912658691406,198.2783966064453,120.92493438720703,79.53435516357422
2020-10-12,120.77589416503906,211.40484619140625,14.181147575378418,48.35715866088867,84.29000091552734,130.13377380371094,26.647642135620117,300.71759033203125,64.43434143066406,70.54277801513672,89.11032104492188,22.49041748046875,188.1177978515625,22.67086410522461,37.71087646484375,27.453683853149414,58.79664611816406,29.13831329345703,29.213895797729492,14.308847427368164,172.14649963378906,250.95504760742188,199.40725708007812,119.52163696289062,80.2147216796875
2020-10-13,117.57203674316406,212.7989501953125,14.203330993652344,48.31228256225586,85.27999877929688,127.15130615234375,26.705543518066406,302.03900146484375,64.71498107910156,70.15139770507812,87.66631317138672,21.85108757019043,185.2097625732422,21.841014862060547,35.9025993347168,27.128658294677734,57.92072296142578,28.5570125579834,29.542659759521484,13.962664604187012,172.18150329589844,253.9727783203125,200.5008087158203,119.28157043457031,79.66688537597656
2020-10-14,117.65941619873047,210.8892364501953,14.050809860229492,48.06098556518555,84.20999908447266,126.92845916748047,26.676591873168945,293.3173828125,64.55462646484375,69.68182373046875,87.17919158935547,20.686281204223633,185.57879638671875,20.525606155395508,35.36833572387695,27.073158264160156,57.565608978271484,28.27047348022461,28.762805938720703,14.157944679260254,168.1855010986328,251.1124725341797,200.73890686035156,117.85980987548828,78.91582489013672
2020-10-15,117.19337463378906,209.74342346191406,13.925957679748535,48.330238342285156,83.12999725341797,126.1485595703125,26.45223617553711,295.79632568359375,63.39200210571289,69.00177001953125,88.4839859008789,21.150449752807617,183.26815795898438,20.260761260986328,35.845062255859375,27.310991287231445,58.00752639770508,28.982755661010742,29.407629013061523,14.575141906738281,166.9324951171875,251.50613403320312,202.52037048339844,119.09695434570312,78.49168395996094
2020-10-16,115.55261993408203,209.74342346191406,13.767955780029297,48.60845947265625,83.16999816894531,126.92845916748047,27.465452194213867,300.65380859375,64.0093765258789,69.84376525878906,88.30133056640625,21.229272842407227,181.16835021972656,20.18130874633789,35.499839782714844,27.03351402282715,57.518287658691406,27.988204956054688,28.89795684814453,13.288053512573242,163.635498046875,251.61111450195312,202.2822723388672,118.17371368408203,78.21775817871094
2020-10-19,112.6011962890625,204.5490264892578,13.455193519592285,48.98540115356445,82.0,123.6888656616211,27.35689353942871,295.4773254394531,63.07927322387695,68.2569351196289,86.8138427734375,20.773860931396484,180.71153259277344,19.8988094329834,35.261474609375,26.494428634643555,56.247798919677734,27.101404190063477,27.948074340820312,13.323562622070312,160.36050415039062,248.173583984375,199.31024169921875,117.6474838256836,77.40483093261719
2020-10-20,114.08661651611328,204.95956420898438,13.602478981018066,47.953277587890625,81.55999755859375,123.88593292236328,27.132539749145508,294.7391052246094,62.758541107177734,68.2083740234375,87.30967712402344,21.141695022583008,182.767333984375,20.13716697692871,35.77108383178711,26.716411590576172,56.563453674316406,27.001951217651367,28.0175724029541,13.749631881713867,160.85049438476562,250.19407653808594,200.5890350341797,118.62612915039062,78.20891571044922
2020-10-21,113.46527862548828,205.10279846191406,13.482110023498535,48.016109466552734,79.19999694824219,123.35454559326172,26.835811614990234,294.1741638183594,62.59818649291992,67.10733032226562,86.4397964477539,21.062870025634766,178.26910400390625,20.040061950683594,35.35188674926758,26.28830337524414,55.924285888671875,25.394094467163086,27.121753692626953,13.323562622070312,159.2469940185547,248.85581970214844,201.24159240722656,119.49392700195312,77.99686431884766
2020-10-22,112.37788391113281,205.1887664794922,13.318876266479492,48.37510681152344,79.41999816894531,124.3401870727539,27.089107513427734,296.85345458984375,63.512264251708984,68.2569351196289,89.4930648803711,21.781023025512695,180.4567413330078,20.525606155395508,36.12451934814453,27.63602066040039,57.92072296142578,26.446657180786133,28.519548416137695,13.580977439880371,158.82000732421875,245.92564392089844,202.08824157714844,120.03865051269531,78.95999908447266
2020-10-23,111.68858337402344,206.46824645996094,13.547402381896973,43.259376525878906,81.95999908447266,124.47727966308594,27.631912231445312,301.2916564941406,64.0093765258789,68.28124237060547,90.30204772949219,21.807296752929688,180.14044189453125,20.552099227905273,36.12451934814453,27.081083297729492,57.2657585144043,26.968799591064453,28.967458724975586,13.6697416305542,160.22000122070312,247.53501892089844,201.70018005371094,120.01094818115234,80.2323989868164
2020-10-26,111.69827270507812,200.5959014892578,13.099817276000977,41.93107986450195,82.2300033569336,123.38884735107422,27.443740844726562,294.4200439453125,63.21558380126953,67.94120025634766,88.06645202636719,21.492013931274414,176.71405029296875,20.040061950683594,35.557376861572266,26.438936233520508,55.9795036315918,25.128883361816406,26.975021362304688,13.465584754943848,160.3520050048828,241.447265625,197.7845458984375,118.51530456542969,79.22508239746094
2020-10-27,113.20313262939453,203.622802734375,13.354513168334961,40.96177673339844,78.87999725341797,122.6860580444336,27.089107513427734,292.0963134765625,62.534027099609375,66.96160888671875,86.40499114990234,20.887714385986328,171.91708374023438,19.263174057006836,34.423095703125,26.018768310546875,54.85107421875,25.07915496826172,26.704736709594727,13.394573211669922,164.31649780273438,242.14694213867188,196.6380615234375,118.16448211669922,79.5697021484375
2020-10-28,107.96044158935547,193.52996826171875,12.587189674377441,39.714256286621094,76.4000015258789,118.58081817626953,25.656139373779297,280.6952209472656,61.08272171020508,65.1642837524414,83.97804260253906,20.554912567138672,166.72479248046875,18.698169708251953,33.80663299560547,25.027801513671875,52.77570724487305,23.86083984375,25.106159210205078,12.586816787719727,158.13900756835938,235.9192657470703,189.33592224121094,112.70817565917969,77.02487182617188
2020-10-29,111.96041107177734,195.47784423828125,12.982938766479492,39.58860778808594,78.0199966430664,117.57808685302734,25.533105850219727,276.7582092285156,60.850223541259766,65.31001281738281,84.52607727050781,20.6162166595459,166.87416076660156,18.662851333618164,34.24226379394531,26.13768768310547,54.290802001953125,24.167491912841797,26.233659744262695,12.8264799118042,160.55050659179688,235.84054565429688,189.56520080566406,113.42830657958984,78.02336883544922
2020-10-30,105.68862915039062,193.32945251464844,12.494481086730957,39.74117660522461,75.29000091552734,117.50952911376953,25.67784881591797,278.0888366699219,60.304969787597656,68.89653015136719,85.28284454345703,20.75634765625,166.0834503173828,18.936534881591797,34.46694564819336,25.86021614074707,54.84318542480469,23.719947814941406,26.442167282104492,13.261425018310547,151.8074951171875,233.28643798828125,187.8455047607422,110.8617172241211,76.83930206298828
2020-11-02,105.6012191772461,193.19578552246094,12.541086196899414,39.90272903442383,74.69999694824219,118.86366271972656,26.220645904541016,284.43170166015625,61.5077018737793,71.44676971435547,87.20529174804688,21.08914566040039,167.10256958007812,19.333797454833984,35.12431716918945,26.946313858032227,56.93431854248047,25.054292678833008,27.14492416381836,13.82951831817627,150.2239990234375,236.81141662597656,187.45745849609375,112.99437713623047,75.96454620361328
2020-11-03,107.22261047363281,197.11065673828125,12.9784517288208,40.25275421142578,76.58000183105469,118.70081329345703,26.191692352294922,292.8617248535156,61.67609405517578,71.21196746826172,89.9541015625,21.62337875366211,173.89385986328125,19.501537322998047,36.22274398803711,26.48650550842285,56.61079025268555,24.29180908203125,27.044527053833008,13.98929500579834,152.42050170898438,242.61056518554688,191.1967010498047,115.0255126953125,78.1028823852539
2020-11-04,111.6011962890625,206.62106323242188,13.75075912475586,41.015628814697266,81.3499984741211,119.47215270996094,27.016746520996094,323.12762451171875,64.64283752441406,76.50672149658203,87.20529174804688,20.73882484436035,173.8411865234375,19.316146850585938,35.01614761352539,26.34380340576172,56.634464263916016,25.178619384765625,27.832237243652344,14.175702095031738,162.05799865722656,247.29013061523438,189.49464416503906,117.56436920166016,79.33993530273438
2020-11-05,115.56234741210938,213.20948791503906,14.115354537963867,41.295875549316406,83.0,119.78070068359375,26.607290267944336,322.9817810058594,64.51454162597656,75.8509521484375,90.77179718017578,21.553314208984375,178.3130340576172,19.803922653198242,35.839962005615234,26.296239852905273,56.92643737792969,24.9631290435791,27.492435455322266,13.776259422302246,166.10000610351562,250.02793884277344,190.76458740234375,119.74320220947266,80.07337951660156
2020-11-06,115.4310531616211,213.62013244628906,14.516088485717773,41.0337028503418,85.87999725341797,121.91474914550781,26.614599227905273,316.6570129394531,64.43434143066406,75.17088317871094,89.56266021728516,21.290576934814453,176.8194580078125,19.431438446044922,35.5403938293457,25.9870548248291,56.14521408081055,24.192350387573242,26.704736709594727,13.509965896606445,165.56849670410156,248.61962890625,190.9850311279297,119.00462341308594,80.09986877441406
2020-11-09,113.1261215209961,208.53074645996094,13.587777137756348,41.223548889160156,83.12000274658203,125.19721984863281,28.66187286376953,318.9718933105469,64.546630859375,77.0086669921875,101.68875122070312,24.312070846557617,188.82940673828125,21.480121612548828,39.64280319213867,29.277057647705078,62.65536880493164,27.66498374938965,31.12978172302246,16.19953155517578,157.18699645996094,236.137939453125,188.0395050048828,119.05078125,84.72117614746094
2020-11-10,112.78572845458984,201.48391723632812,12.729738235473633,41.07891082763672,77.98999786376953,127.08274841308594,28.281665802001953,322.334716796875,65.03572845458984,80.0446548461914,101.35822296142578,24.2244930267334,191.0609893798828,21.45351219177246,39.65113067626953,29.92658805847168,65.55142211914062,29.446876525878906,32.58162307739258,16.252788543701172,151.75100708007812,241.03619384765625,188.1277313232422,117.90599060058594,83.3806381225586
2020-11-11,116.20906829833984,206.7738037109375,13.375696182250977,41.90156936645508,81.27999877929688,126.67133331298828,28.150056838989258,320.52117919921875,64.9956283569336,79.46174621582031,99.84461212158203,23.944242477416992,191.570556640625,21.45351219177246,40.71625518798828,29.61806297302246,65.070068359375,29.239673614501953,32.36539840698242,15.720203399658203,156.8695068359375,242.9429473876953,192.2726593017578,117.85980987548828,84.37495422363281
2020-11-12,115.936767578125,205.71395874023438,13.414324760437012,40.63593292236328,81.83999633789062,127.09989929199219,27.4554443359375,322.99090576171875,64.033447265625,79.0164566040039,98.61807250976562,23.374969482421875,188.46044921875,21.116498947143555,40.17536926269531,28.60318374633789,63.65755844116211,28.187108993530273,31.268789291381836,15.356268882751465,155.51400756835938,241.62220764160156,187.9072265625,116.91810607910156,83.03440856933594
2020-11-13,115.98540496826172,206.73561096191406,13.255077362060547,41.09699249267578,81.43000030517578,128.47109985351562,28.237794876098633,324.1392517089844,65.0196762084961,80.18228149414062,99.23571014404297,23.646465301513672,192.47547912597656,21.347084045410156,40.491580963134766,29.293302536010742,65.51984405517578,29.305980682373047,32.95231246948242,15.977622032165527,156.4405059814453,242.43568420410156,188.0924072265625,118.43221282958984,84.83660125732422
2020-11-16,116.99683380126953,207.42311096191406,13.472639083862305,41.75693130493164,83.7300033569336,129.28533935546875,27.294593811035156,325.1872253417969,64.29005432128906,79.63174438476562,102.03670501708984,24.15442657470703,195.3747100830078,22.08319091796875,41.93949890136719,30.9820556640625,70.19928741455078,31.560287475585938,35.021976470947266,17.788423538208008,156.55299377441406,244.53489685058594,191.1349639892578,120.1217269897461,86.80744934082031
2020-11-17,116.11181640625,204.77813720703125,13.379932403564453,41.160274505615234,83.36000061035156,127.99976348876953,27.774356842041016,320.8857421875,65.34843444824219,80.31991577148438,101.0015640258789,24.128150939941406,197.36904907226562,22.207361221313477,42.214107513427734,31.396116256713867,69.69483184814453,32.198455810546875,35.26908874511719,17.832801818847656,156.7830047607422,238.3246307373047,190.50001525878906,122.06050872802734,87.53545379638672
2020-11-18,114.78917694091797,202.0784149169922,13.3864107131958,40.73538589477539,82.54000091552734,126.30278778076172,27.99013900756836,313.9685363769531,64.34615325927734,79.92321014404297,100.25345611572266,23.628955841064453,197.06155395507812,22.2250919342041,42.480377197265625,30.21074676513672,67.48482513427734,32.471954345703125,34.69761657714844,17.72628402709961,155.2729949951172,236.0154571533203,190.06787109375,121.52503204345703,86.92288208007812
2020-11-19,115.38243103027344,203.36126708984375,13.397875785827637,41.24163055419922,85.54000091552734,126.10569763183594,27.889949798583984,307.1242980957031,64.45841979980469,80.69230651855469,100.52312469482422,23.628955841064453,197.29876708984375,23.200654983520508,43.38740539550781,30.36501693725586,68.6458740234375,32.71231460571289,35.10691833496094,18.161230087280273,155.8509979248047,236.97763061523438,189.706298828125,121.7835464477539,86.78971862792969
2020-11-20,114.11812591552734,201.41786193847656,13.046489715576172,41.0337028503418,84.63999938964844,125.43720245361328,28.282983779907227,305.0281982421875,64.50651550292969,81.63955688476562,99.66193389892578,23.48006248474121,196.22694396972656,22.59758186340332,42.97966003417969,29.991539001464844,68.69391632080078,32.86149597167969,35.052860260009766,17.939319610595703,154.97000122070312,235.9979705810547,188.80679321289062,122.77140808105469,86.1238784790039
2020-11-23,110.72393035888672,201.1497802734375,13.098573684692383,41.639408111572266,85.30999755859375,124.15995788574219,28.144269943237305,305.3563232421875,64.37020111083984,82.72440338134766,102.53253936767578,23.98802375793457,201.0414581298828,23.3248233795166,44.35268020629883,31.956329345703125,72.88970947265625,35.39757537841797,38.906436920166016,19.182024002075195,154.91949462890625,237.38870239257812,191.3730926513672,123.83311462402344,86.00846862792969
2020-11-24,112.00769805908203,204.7398681640625,12.91689682006836,42.49822998046875,85.06999969482422,124.15995788574219,28.205917358398438,306.22216796875,64.2579574584961,84.16548156738281,107.27336883544922,25.38054084777832,208.65858459472656,25.373502731323242,47.481502532958984,34.08349609375,76.56501007080078,36.80652618408203,42.02635955810547,19.732362747192383,155.9029998779297,239.0593719482422,193.76309204101562,124.35934448242188,87.26911926269531
2020-11-25,112.84408569335938,204.7494354248047,13.193023681640625,42.53438186645508,86.70999908447266,123.9959716796875,28.151973724365234,303.652099609375,64.19378662109375,84.35978698730469,106.15120697021484,25.42432975769043,207.81517028808594,25.35576057434082,47.481502532958984,33.133575439453125,73.77850341796875,36.16006851196289,40.92975616455078,19.616971969604492,159.2534942626953,239.62786865234375,193.43675231933594,125.13482666015625,87.18034362792969
2020-11-27,113.38871002197266,206.05140686035156,13.219437599182129,42.89599609375,87.19000244140625,124.27220153808594,28.691429138183594,307.9810485839844,64.033447265625,84.9184341430664,105.4466552734375,25.389297485351562,206.8135986328125,25.240467071533203,47.15696334838867,32.63019561767578,73.1139144897461,35.455604553222656,39.71730422973633,19.42168617248535,159.76699829101562,241.4035186767578,192.5460662841797,123.94392395019531,87.58871459960938
2020-11-30,115.78114318847656,204.94094848632812,13.359246253967285,43.709625244140625,92.66000366210938,124.85897064208984,29.52374267578125,306.5228271484375,64.45841979980469,84.66742706298828,102.54122161865234,24.662385940551758,202.5789337158203,24.256040573120117,45.82555389404297,30.957691192626953,69.80692291259766,32.78689193725586,36.20353317260742,18.454151153564453,158.40199279785156,242.64556884765625,192.9009246826172,124.35934448242188,87.02053833007812
2020-12-01,119.35038757324219,206.98965454101562,13.347784996032715,44.80349349975586,92.62999725341797,127.24948120117188,30.371463775634766,310.94287109375,65.38853454589844,84.23025512695312,104.15921020507812,25.126562118530273,205.00816345214844,24.88572120666504,46.15840530395508,31.25809097290039,70.02310943603516,32.546546936035156,35.9332275390625,18.815828323364258,161.00399780273438,241.93711853027344,191.7476043701172,125.04254913330078,87.73077392578125
2020-12-02,119.70050811767578,206.18548583984375,13.501797676086426,45.11086654663086,93.73999786376953,127.8449478149414,31.442668914794922,316.7481994628906,65.61302947998047,84.99937438964844,106.15995025634766,25.450607299804688,209.92843627929688,25.604087829589844,47.597999572753906,32.427223205566406,71.96088409423828,33.1266975402832,36.9294548034668,19.32484245300293,160.17649841308594,238.41929626464844,187.06344604492188,125.17181396484375,87.81066131591797
2020-12-03,119.56436920166016,205.10365295410156,13.357709884643555,46.09625244140625,92.30999755859375,128.58717346191406,30.895492553710938,317.76885986328125,65.308349609375,84.79696655273438,105.46402740478516,25.477041244506836,208.00274658203125,25.86128044128418,47.08207321166992,32.64643859863281,71.90482330322266,34.146114349365234,37.199745178222656,19.708837509155273,159.3365020751953,235.81605529785156,187.64015197753906,126.44586944580078,88.8759994506836
2020-12-04,118.89330291748047,205.21853637695312,13.519498825073242,47.000274658203125,94.04000091552734,129.6831512451172,31.08815574645996,320.0188293457031,65.70122528076172,86.85333251953125,106.42089080810547,25.811920166015625,211.63331604003906,26.20716094970703,48.77961730957031,33.839927673339844,74.69134521484375,36.690494537353516,40.92975616455078,20.941200256347656,158.12899780273438,232.1663360595703,186.95704650878906,126.9130630493164,90.802490234375
2020-12-07,120.35211944580078,205.15150451660156,13.567858695983887,45.3820686340332,94.06999969482422,128.56126403808594,31.78946304321289,318.1620788574219,66.15827941894531,85.68753051757812,106.02075958251953,25.635671615600586,210.63511657714844,26.020919799804688,48.371883392333984,33.20665740966797,72.67352294921875,35.48874282836914,39.825416564941406,20.387529373168945,157.89999389648438,230.97914123535156,185.3157958984375,128.35618591308594,90.03014373779297
2020-12-08,120.9648208618164,206.79820251464844,13.31184196472168,45.825050354003906,92.91999816894531,130.78778076171875,32.79901885986328,318.1620788574219,66.69548797607422,87.1852798461914,106.1251449584961,25.494667053222656,210.97959899902344,25.66617202758789,48.563270568847656,34.294593811035156,73.29808807373047,35.37271499633789,40.27334213256836,20.744735717773438,158.864501953125,230.17002868652344,184.87222290039062,128.698486328125,89.85257720947266
2020-12-09,118.4361801147461,202.7677459716797,12.893790245056152,45.26454544067383,89.83000183105469,132.12545776367188,32.25185012817383,315.0066833496094,66.92801666259766,87.97869110107422,105.29875183105469,25.380104064941406,214.49534606933594,25.763729095458984,49.05423355102539,34.74925231933594,72.41728210449219,35.3892936706543,40.898868560791016,20.869752883911133,155.2100067138672,233.56466674804688,185.1383514404297,128.39317321777344,89.13346099853516
2020-12-10,119.85610961914062,201.5423126220703,12.93517017364502,45.436309814453125,91.66000366210938,131.3918914794922,32.159366607666016,310.6530456542969,66.54315185546875,87.02335357666016,104.6202392578125,25.653289794921875,215.89105224609375,26.15395164489746,50.34403610229492,35.731651306152344,74.74737548828125,36.46672058105469,42.227149963378906,20.878686904907227,155.07449340820312,232.8874969482422,184.5617218017578,127.27381896972656,93.56351470947266
2020-12-11,119.04888916015625,204.16543579101562,12.976055145263672,44.957176208496094,91.6500015258789,131.99600219726562,31.68926429748535,308.2933044433594,66.51905822753906,86.09232330322266,104.00264739990234,25.177417755126953,211.9954376220703,25.79033088684082,49.037593841552734,35.561153411865234,74.02672576904297,36.03575134277344,41.39310836791992,20.485761642456055,155.8209991455078,232.6588897705078,184.31332397460938,127.11656188964844,91.44171905517578
2020-12-14,118.4361801147461,205.06536865234375,13.270710945129395,45.62615966796875,94.77999877929688,128.64759826660156,30.217323303222656,307.4336242675781,64.91085815429688,84.35978698730469,102.9065933227539,24.86897850036621,210.05210876464844,25.400108337402344,48.879486083984375,34.27836227416992,71.61656951904297,35.07435607910156,40.21928024291992,19.807069778442383,157.84849548339844,233.56466674804688,188.0038299560547,126.07120513916016,91.72577667236328
2020-12-15,124.36871337890625,204.99835205078125,13.322311401367188,45.80696487426758,97.12000274658203,129.94203186035156,29.831998825073242,310.6713562011719,65.04016876220703,83.24253845214844,104.66374206542969,25.239107131958008,214.15081787109375,26.36680030822754,49.65336608886719,34.94411087036133,71.56053924560547,35.4721794128418,41.053314208984375,20.51255226135254,158.25599670410156,235.6754150390625,190.612060546875,128.94825744628906,92.4892807006836
2020-12-16,124.30062103271484,209.9287109375,13.20465087890625,46.213775634765625,96.8499984741211,129.1653594970703,29.161540985107422,310.36956787109375,64.51485443115234,84.71601867675781,104.96819305419922,25.309602737426758,215.33456420898438,26.295852661132812,49.719932556152344,35.4799690246582,71.01602935791016,35.07435607910156,40.69807815551758,20.396461486816406,162.04800415039062,237.0912628173828,189.67172241210938,127.9769058227539,91.68138885498047
2020-12-17,125.16618347167969,210.06275939941406,13.303118705749512,45.788875579833984,96.83999633789062,132.57421875,29.307950973510742,312.5006408691406,64.50679779052734,84.9184341430664,104.09830474853516,25.406543731689453,215.91754150390625,26.136213302612305,49.969573974609375,35.30134582519531,70.79180908203125,34.78427505493164,40.27334213256836,20.476829528808594,161.8040008544922,240.9432373046875,190.0709228515625,129.97509765625,91.62814331054688
2020-12-18,123.18222045898438,209.26815795898438,13.234066009521484,42.90503692626953,95.91999816894531,133.34228515625,29.038227081298828,309.4914855957031,64.27241516113281,84.56217956542969,103.58509063720703,25.265544891357422,213.8858642578125,25.728254318237305,49.14577102661133,34.69242477416992,69.81494140625,33.96377944946289,39.97987747192383,19.923158645629883,160.08250427246094,237.84767150878906,190.80726623535156,126.9963607788086,91.6902847290039
2020-12-21,124.70909881591797,213.09756469726562,13.29414176940918,41.91061782836914,93.2300033569336,132.05641174316406,28.80702018737793,307.3878173828125,64.07847595214844,83.96307373046875,107.47344970703125,26.208480834960938,227.00363159179688,26.20716094970703,50.95149612426758,34.059139251708984,68.93415069580078,33.35047912597656,38.67476272583008,19.449861526489258,160.3090057373047,238.32249450683594,187.78207397460938,133.2313995361328,91.3884506225586
2020-12-22,128.25888061523438,214.38999938964844,13.240296363830566,41.73884582519531,93.16000366210938,131.7975311279297,28.313814163208008,306.4092102050781,64.18351745605469,83.22637939453125,105.83806610107422,25.741416931152344,220.91729736328125,25.68390464782715,49.312191009521484,33.482688903808594,67.54887390136719,32.34762954711914,37.724884033203125,19.07480239868164,160.3260040283203,237.4870147705078,188.0038299560547,131.779052734375,90.91791534423828
2020-12-23,127.36412811279297,211.59451293945312,12.972066879272461,42.10045623779297,91.55000305175781,131.12440490722656,28.853275299072266,308.76885986328125,64.45829010009766,83.61495971679688,108.795654296875,26.48166847229004,226.53543090820312,26.916664123535156,50.5770263671875,33.91299819946289,68.61385345458984,33.217864990234375,38.67476272583008,19.57488441467285,159.2635040283203,237.28477478027344,188.09255981445312,131.1407012939453,90.60719299316406
2020-12-24,128.34640502929688,213.25074768066406,12.956609725952148,42.552467346191406,91.80999755859375,131.581787109375,28.722253799438477,311.6957092285156,64.76538848876953,83.59878540039062,108.3172378540039,26.402355194091797,226.27926635742188,26.464359283447266,50.402278900146484,33.77497482299805,68.32559967041016,32.7288818359375,38.304073333740234,19.32484245300293,158.63450622558594,238.26100158691406,187.53366088867188,130.99269104003906,90.56282043457031
2020-12-28,132.93682861328125,215.3665313720703,12.863127708435059,42.552467346191406,91.5999984741211,132.20315551757812,28.375465393066406,316.41522216796875,65.01593017578125,83.75259399414062,109.03053283691406,26.552173614501953,229.30914306640625,26.544178009033203,50.8682861328125,33.888648986816406,67.98128509521484,32.57141876220703,37.794376373291016,19.262327194213867,164.197998046875,236.79232788085938,189.8668670654297,131.76055908203125,92.63134765625
2020-12-29,131.1667938232422,214.591064453125,12.906254768371582,44.649810791015625,90.62000274658203,133.02296447753906,28.552711486816406,317.6956481933594,65.79984283447266,84.76458740234375,108.74345397949219,26.44641876220703,227.91346740722656,26.41114616394043,50.685211181640625,33.50705337524414,67.74907684326172,32.38078308105469,37.585872650146484,19.09265899658203,166.10000610351562,234.1011505126953,188.7047119140625,130.9649658203125,93.77657318115234
2020-12-30,130.04837036132812,212.2263641357422,13.108175277709961,44.07123565673828,92.29000091552734,134.67129516601562,28.313814163208008,315.5372619628906,65.12905883789062,85.22605895996094,109.04792785644531,26.41998291015625,229.18548583984375,26.384536743164062,50.64359664916992,33.77497482299805,68.32559967041016,33.15985107421875,39.04544448852539,19.539165496826172,164.29249572753906,233.28329467773438,187.68447875976562,130.97421264648438,94.07844543457031
2020-12-31,129.0465850830078,212.934814453125,13.017683029174805,45.038536071777344,91.70999908447266,135.81910705566406,28.367759704589844,320.7413635253906,66.1069107055664,86.74810791015625,110.53541564941406,26.710796356201172,232.9486083984375,26.765893936157227,51.309303283691406,33.466461181640625,67.6209716796875,33.143272399902344,38.51258087158203,19.49451446533203,162.84649658203125,233.59986877441406,190.36363220214844,130.8724365234375,94.9750747680664
2021-01-04,125.856689453125,208.40652465820312,13.076018333435059,44.90293502807617,92.30000305175781,135.05963134765625,28.367759704589844,319.662109375,65.42807006835938,85.33940124511719,109.49156951904297,26.46404457092285,234.08810424804688,26.34019660949707,50.044464111328125,33.69378662109375,67.82914733886719,32.79517364501953,38.504859924316406,19.60167694091797,159.3314971923828,232.10482788085938,186.49566650390625,129.60507202148438,91.53048706054688
2021-01-05,127.4127426147461,208.60760498046875,13.366436004638672,45.75271224975586,92.7699966430664,136.64759826660156,28.660600662231445,315.3633728027344,65.54125213623047,86.22187805175781,110.08733367919922,26.666732788085938,239.32643127441406,27.076303482055664,51.34259796142578,35.31758499145508,69.66279602050781,34.676544189453125,41.64023208618164,20.65542984008789,160.92550659179688,233.97801208496094,187.61351013183594,130.650390625,91.83234405517578
2021-01-06,123.12384033203125,203.19854736328125,12.578445434570312,46.19569396972656,90.33000183105469,137.93344116210938,28.413990020751953,328.5979919433594,66.57565307617188,85.47703552246094,115.256591796875,28.33230209350586,252.2409210205078,28.991954803466797,54.296661376953125,36.21878433227539,71.90482330322266,36.060611724853516,42.52061462402344,21.798492431640625,156.91900634765625,235.31483459472656,187.18768310546875,131.68655395507812,92.49817657470703
2021-01-07,127.32525634765625,208.98092651367188,13.305856704711914,47.18107604980469,95.16000366210938,138.3994903564453,28.560415267944336,333.8663024902344,67.90103149414062,86.39189147949219,119.04151153564453,28.95800018310547,257.6293640136719,29.648237228393555,54.937408447265625,36.502952575683594,72.24112701416016,37.046875,45.26985549926758,22.218210220336914,158.10800170898438,234.16275024414062,188.0570831298828,134.09173583984375,91.75244140625
2021-01-08,128.42422485351562,210.25421142578125,13.238798141479492,46.69291305541992,94.58000183105469,138.11468505859375,28.614364624023438,332.3663024902344,67.10094451904297,86.84523010253906,119.17295837402344,28.667177200317383,256.2424621582031,29.43539047241211,54.396514892578125,36.90890121459961,72.92975616455078,37.046875,45.462921142578125,22.18248748779297,159.13499450683594,236.6515655517578,191.50807189941406,135.38685607910156,93.81208038330078
2021-01-11,125.43849182128906,208.21510314941406,13.582565307617188,46.59346389770508,97.25,137.53643798828125,29.107589721679688,329.9517517089844,68.6930160522461,88.26204681396484,120.95150756835938,29.143056869506836,259.5550537109375,29.479738235473633,55.286903381347656,38.02933120727539,73.34611511230469,37.5938720703125,46.034400939941406,22.316444396972656,155.7104949951172,238.5336151123047,190.05316162109375,136.03443908691406,92.86214447021484
2021-01-12,125.26343536376953,205.76422119140625,13.446207046508789,48.13031768798828,95.36000061035156,136.4663543701172,28.65290069580078,326.8602600097656,67.14944458007812,88.8773422241211,122.85275268554688,29.66299819946289,266.9575500488281,30.10054588317871,55.478302001953125,38.87370300292969,74.73936462402344,39.301177978515625,48.219886779785156,23.343408584594727,156.04150390625,243.01878356933594,187.719970703125,134.18423461914062,91.28191375732422
2021-01-13,127.29605102539062,207.1141357421875,13.493074417114258,51.4842414855957,91.77999877929688,136.25924682617188,28.406286239624023,324.72918701171875,66.54335021972656,91.0389404296875,122.9666519165039,29.486740112304688,267.6024475097656,29.976383209228516,55.63640594482422,39.3121223449707,74.66732025146484,38.97795486450195,46.69853210449219,22.73615837097168,158.29449462890625,241.01364135742188,188.15464782714844,132.32481384277344,91.34403991699219
2021-01-14,125.37043762207031,203.93569946289062,13.162522315979004,53.56350326538086,90.79000091552734,138.64108276367188,28.32151985168457,320.6042175292969,66.40594482421875,91.43209838867188,123.68506622314453,29.953815460205078,271.95733642578125,30.818910598754883,57.42549514770508,40.84661102294922,76.46092987060547,39.674137115478516,48.3653678894043,23.182666778564453,156.37350463867188,235.99197387695312,184.96981811523438,130.7151641845703,90.39412689208984
2021-01-15,123.64901733398438,203.5814666748047,12.822741508483887,52.05377960205078,88.20999908447266,138.33909606933594,28.282983779907227,321.3084411621094,67.38379669189453,90.52294158935547,121.46842193603516,29.090177536010742,265.8975524902344,28.41548728942871,53.44789505004883,38.8818244934082,73.73846435546875,37.394962310791016,45.995277404785156,22.244998931884766,155.21249389648438,242.3680419921875,186.220703125,130.17861938476562,90.84690856933594
2021-01-19,124.32008361816406,207.20985412597656,12.988020896911621,52.424434661865234,89.44999694824219,140.4792938232422,28.30609893798828,322.1224670410156,67.23026275634766,91.88257598876953,120.9427490234375,28.878681182861328,259.88189697265625,28.938743591308594,52.9985466003418,39.65312576293945,75.67623138427734,38.124298095703125,46.997711181640625,22.700435638427734,156.03799438476562,240.25730895996094,185.49322509765625,128.8372344970703,91.03331756591797
2021-01-20,128.4047393798828,214.77294921875,13.327546119689941,53.039161682128906,88.75,140.13409423828125,28.12885093688965,320.8878173828125,66.64031219482422,92.24296569824219,119.12916564941406,28.499738693237305,256.58697509765625,28.7879695892334,52.63240051269531,40.21333694458008,76.37284088134766,37.5938720703125,46.78013229370117,22.63792610168457,163.16900634765625,241.23355102539062,189.52090454101562,132.10276794433594,93.62565612792969
2021-01-21,133.11187744140625,215.3760528564453,13.827861785888672,56.465423583984375,91.52999877929688,139.57313537597656,28.11344337463379,324.6925964355469,65.60587310791016,91.1290512084961,118.13030242919922,27.997426986694336,255.61532592773438,28.380008697509766,51.48406219482422,39.0604362487793,73.67440032958984,35.79540252685547,42.76262664794922,21.60202980041504,165.34950256347656,245.41094970703125,189.4321746826172,131.0019073486328,92.84439849853516
2021-01-22,135.25149536132812,216.31431579589844,13.673304557800293,51.222076416015625,92.79000091552734,141.14378356933594,28.167387008666992,317.87860107421875,65.4442367553711,90.80143737792969,117.21915435791016,27.80354881286621,255.6329803466797,28.29132080078125,51.034706115722656,38.50834655761719,73.45021057128906,35.38100051879883,42.63052749633789,21.798492431640625,164.6114959716797,249.76419067382812,189.29905700683594,128.91123962402344,92.24959564208984
2021-01-25,138.99574279785156,219.7416229248047,13.614224433898926,50.11915588378906,94.12999725341797,143.24090576171875,28.729965209960938,318.116455078125,65.58163452148438,90.50656127929688,115.75595092773438,27.459861755371094,250.0237579345703,28.592863082885742,50.39396286010742,38.078041076660156,72.78563690185547,35.28984069824219,42.89473342895508,21.20017433166504,164.6999969482422,250.71395874023438,189.26358032226562,127.24605560302734,91.8411865234375
2021-01-26,139.22918701171875,222.42221069335938,13.396848678588867,49.91122817993164,94.70999908447266,147.1243896484375,28.753082275390625,313.8177490234375,64.85428619384766,89.1141357421875,115.2828598022461,27.26598358154297,248.89308166503906,27.830142974853516,50.685211181640625,37.241790771484375,71.55250549316406,34.54393005371094,41.565940856933594,20.30715560913086,166.30650329589844,248.53292846679688,191.0733642578125,124.97964477539062,92.94206237792969
2021-01-27,138.1593780517578,222.9678955078125,12.880826950073242,48.446712493896484,88.83999633789062,144.88064575195312,27.92848014831543,304.5616455078125,62.284358978271484,84.19158172607422,112.02359771728516,26.287796020507812,241.44638061523438,26.75702667236328,49.42869186401367,36.81959533691406,70.62367248535156,33.690284729003906,42.74708938598633,19.476652145385742,161.62899780273438,241.01364135742188,183.63906860351562,121.20524597167969,86.88735961914062
2021-01-28,133.32583618164062,228.74075317382812,13.013699531555176,50.68870162963867,87.5199966430664,145.9852752685547,27.936275482177734,309.2811279296875,62.97129440307617,85.35464477539062,113.99493408203125,26.7196102142334,242.9392547607422,27.324623107910156,50.21088409423828,37.39604949951172,71.2802505493164,34.071502685546875,41.744667053222656,20.217851638793945,161.88099670410156,244.5314483642578,183.47946166992188,124.6280746459961,87.1359634399414
2021-01-29,128.33668518066406,222.06797790527344,12.952620506286621,50.18244171142578,85.63999938964844,140.78138732910156,27.967437744140625,305.1012878417969,62.284358978271484,83.93766784667969,112.73329162597656,26.129165649414062,239.53836059570312,26.499834060668945,48.66672134399414,36.4055290222168,68.22148132324219,33.176414489746094,39.599918365478516,19.833860397338867,160.30999755859375,238.17300415039062,184.38430786132812,123.5827407836914,85.9463119506836
2021-02-01,130.45680236816406,229.4300537109375,13.199166297912598,51.24919128417969,87.66000366210938,140.4188995361328,27.8895263671875,305.4854431152344,62.51873779296875,83.79023742675781,113.56564331054688,26.402355194091797,242.6830596923828,26.59739112854004,49.03598403930664,36.47047805786133,69.19036865234375,33.7400016784668,39.887451171875,19.789209365844727,167.1439971923828,237.51341247558594,184.4641571044922,125.54391479492188,87.51771545410156
2021-02-02,131.2834930419922,229.29595947265625,13.518001556396484,52.433467864990234,88.86000061035156,139.15892028808594,27.258516311645508,309.8024597167969,62.85008239746094,84.74854278564453,117.06143188476562,27.345294952392578,253.49530029296875,27.27141571044922,50.0010871887207,37.04693603515625,69.71084594726562,33.95549011230469,39.83304977416992,20.101762771606445,169.0,239.35150146484375,186.08758544921875,129.13327026367188,90.24320220947266
2021-02-03,130.26231384277344,232.6371612548828,13.491827964782715,52.1441764831543,87.88999938964844,138.51170349121094,27.141658782958984,309.0433654785156,62.48640441894531,87.598876953125,118.40193176269531,27.829992294311523,254.8909454345703,28.113943099975586,51.27671432495117,38.500221252441406,71.23221588134766,35.811973571777344,43.423152923583984,21.59309959411621,165.62649536132812,241.119140625,185.1561279296875,128.24517822265625,89.68389129638672
2021-02-04,133.6175994873047,231.6894073486328,13.62519359588623,53.470245361328125,87.83999633789062,139.7975311279297,27.18060302734375,301.2049865722656,61.44386672973633,88.89299774169922,121.12669372558594,28.640743255615234,259.4844055175781,29.0570068359375,52.376094818115234,39.23905944824219,71.26424407958984,36.474998474121094,44.65871047973633,22.155698776245117,166.5500030517578,245.20864868164062,187.21426391601562,130.09536743164062,92.0098876953125
2021-02-05,133.20364379882812,231.87130737304688,13.55215072631836,52.915443420410156,87.9000015258789,141.9205322265625,27.203977584838867,296.8055725097656,61.25802230834961,89.05682373046875,120.89020538330078,28.52617645263672,259.263671875,28.968040466308594,52.518768310546875,40.55434036254883,71.47245025634766,36.81481170654297,43.990421295166016,22.334300994873047,167.6074981689453,245.2438507080078,188.58937072753906,134.23971557617188,94.53121948242188
2021-02-08,133.34976196289062,232.1297607421875,14.397481918334961,53.806766510009766,91.47000122070312,142.3261260986328,27.126068115234375,296.650146484375,60.643821716308594,87.50878143310547,122.78264617919922,29.16068458557129,265.1378479003906,29.715377807617188,53.416748046875,42.29990768432617,73.25003051757812,38.770748138427734,46.166236877441406,23.20945930480957,166.14700317382812,246.27276611328125,187.70225524902344,132.6670684814453,94.33588409423828
2021-02-09,132.47314453125,233.3743438720703,14.222480773925781,53.461151123046875,90.91000366210938,143.49119567871094,27.24293327331543,301.488525390625,60.643821716308594,86.32935333251953,122.29200744628906,29.037307739257812,265.4117126464844,29.5908260345459,52.97195053100586,41.80450439453125,72.83364868164062,38.85363006591797,45.241512298583984,23.218385696411133,165.25,243.40573120117188,191.6056365966797,131.16844177246094,94.30036163330078
2021-02-10,131.8692626953125,232.46481323242188,14.722049713134766,53.53390884399414,92.3499984741211,143.95721435546875,27.063753128051758,304.9366760253906,60.522579193115234,85.22359466552734,122.36209869384766,29.06374168395996,268.7861328125,29.53743553161621,53.391563415527344,42.209083557128906,74.0827865600586,39.160282135009766,46.78789138793945,23.772058486938477,164.32899475097656,245.09434509277344,190.2039794921875,131.7882843017578,93.98963928222656
2021-02-11,131.61605834960938,234.06365966796875,15.207159042358398,55.17103958129883,92.66000366210938,143.30995178222656,26.82225227355957,304.63482666015625,60.40137481689453,84.97787475585938,122.02039337158203,28.975624084472656,267.0547790527344,29.11039161682129,53.03908920288086,41.15221405029297,73.68243408203125,38.84244918823242,46.344966888427734,23.54880142211914,163.10650634765625,243.6608123779297,190.08863830566406,132.78733825683594,93.98078155517578
2021-02-12,131.8497772216797,234.5423126220703,14.91849136352539,56.21697998046875,93.7699966430664,143.75869750976562,27.048179626464844,300.2171630859375,60.61149215698242,85.54303741455078,123.75515747070312,29.40742301940918,270.5881042480469,29.831026077270508,53.39994812011719,41.713680267333984,74.1067886352539,39.444664001464844,47.417327880859375,23.9060115814209,163.885498046875,244.05654907226562,189.7603759765625,131.4737548828125,93.48360443115234
2021-02-16,129.72650146484375,233.3072967529297,15.286430358886719,56.817264556884766,91.45999908447266,142.45559692382812,27.024799346923828,296.90625,60.00537872314453,85.34645080566406,126.7340316772461,30.2005615234375,275.57025146484375,30.952030181884766,53.811180114746094,42.96873092651367,75.62531280517578,40.858177185058594,49.03365707397461,24.054046630859375,163.44749450683594,242.19212341308594,190.7628631591797,131.09445190429688,94.23823547363281
2021-02-17,127.43757629394531,234.324462890625,14.863394737243652,56.253360748291016,89.94000244140625,142.96475219726562,27.18060302734375,298.9549560546875,61.047882080078125,87.05831146240234,127.12828826904297,30.32393455505371,276.2592468261719,32.5534553527832,54.34828186035156,43.63751983642578,77.89090728759766,41.28474426269531,49.37557601928711,24.10788345336914,165.4320068359375,247.05548095703125,189.36114501953125,133.2036590576172,93.11485290527344
2021-02-18,126.33695983886719,233.93101501464844,14.786613464355469,56.035072326660156,88.63999938964844,143.03378295898438,26.923526763916016,300.3727111816406,60.94282150268555,86.86990356445312,127.55763244628906,30.13005828857422,273.7505798339844,32.88264465332031,53.274070739746094,42.952205657958984,77.14384460449219,39.8879508972168,47.06764221191406,22.950485229492188,166.4114990234375,248.92864990234375,191.11770629882812,134.22128295898438,93.58739471435547
2021-02-19,126.4927978515625,231.2250518798828,14.883838653564453,57.308387756347656,89.58000183105469,140.65191650390625,26.830041885375977,296.86956787109375,60.053863525390625,86.00988006591797,129.6866455078125,30.438499450683594,278.80328369140625,33.65665817260742,55.20429611206055,43.24119567871094,77.7934799194336,40.498531341552734,48.57518005371094,23.434974670410156,162.4949951171875,245.92977905273438,188.2877197265625,131.38125610351562,92.160888671875
2021-02-22,122.72344970703125,225.02630615234375,14.314717292785645,55.216514587402344,85.37000274658203,140.56504821777344,26.689809799194336,299.6684265136719,60.55490493774414,87.68895721435547,130.90452575683594,30.97606658935547,279.9075012207031,33.1495475769043,54.986080169677734,44.83477020263672,79.89665985107422,42.55608367919922,51.364891052246094,24.709007263183594,159.03700256347656,242.59671020507812,188.12808227539062,126.43199920654297,90.7700424194336
2021-02-23,122.58708190917969,223.83645629882812,14.101578712463379,55.58940887451172,84.73999786376953,139.32330322265625,26.417152404785156,301.3787841796875,60.239742279052734,87.04190063476562,131.95587158203125,31.302125930786133,281.9745178222656,33.04278564453125,56.00993347167969,45.454036712646484,80.9035873413086,43.576480865478516,52.72477722167969,24.888446807861328,159.72500610351562,235.0245819091797,187.4715118408203,125.9324722290039,90.37776947021484
2021-02-24,122.0903549194336,225.06471252441406,14.457557678222656,57.47209930419922,86.94000244140625,141.19032287597656,26.292505264282227,303.8482666015625,60.263999938964844,89.0240478515625,134.27764892578125,32.06000900268555,292.0712890625,34.06591796875,57.57089614868164,46.816429138183594,83.89189147949219,45.72602844238281,56.2371826171875,26.38677978515625,157.97650146484375,228.63095092773438,189.20150756835938,125.48841857910156,93.0613784790039
2021-02-25,117.84371185302734,219.72955322265625,13.269463539123535,54.93456268310547,82.41999816894531,141.33790588378906,26.347042083740234,300.79339599609375,60.30439758300781,87.9101333618164,132.4552459716797,31.663436889648438,289.52716064453125,33.41645431518555,56.57223129272461,46.04027557373047,83.11234283447266,44.354331970214844,54.853973388671875,25.579294204711914,152.85800170898438,224.47996520996094,187.143310546875,125.3865966796875,92.2500228881836
2021-02-26,118.106689453125,222.98245239257812,13.675299644470215,55.280181884765625,84.51000213623047,137.60389709472656,26.08995819091797,303.85736083984375,58.68808364868164,88.2459487915039,128.94192504882812,30.58831787109375,282.21307373046875,32.179786682128906,55.2882080078125,44.89256286621094,81.20403289794922,43.501197814941406,50.16818618774414,25.040973663330078,154.64649963378906,227.19747924804688,184.00135803222656,124.93710327148438,96.3155517578125
2021-03-01,124.4668960571289,227.3580322265625,13.802186965942383,57.190162658691406,86.38999938964844,138.35073852539062,26.245765686035156,306.07989501953125,58.494117736816406,88.79471588134766,131.85946655273438,31.540071487426758,292.5800476074219,32.99830627441406,58.35978317260742,46.5687141418457,82.86872863769531,44.003047943115234,50.494571685791016,25.76770782470703,157.3070068359375,230.0820770263672,185.88479614257812,127.59746551513672,95.28136444091797
2021-03-02,121.86630249023438,224.41221618652344,13.367932319641113,55.698551177978516,84.12999725341797,138.0901641845703,26.10553741455078,306.07080078125,58.87395477294922,88.33604431152344,131.43017578125,31.31093406677246,293.4845886230469,33.04278564453125,57.83107376098633,46.29623031616211,83.18541717529297,43.72703170776367,50.09825897216797,25.24732780456543,154.72650146484375,228.9123992919922,186.2596435546875,127.01348876953125,95.5755844116211
2021-03-03,118.8858871459961,218.35736083984375,12.768152236938477,54.47981262207031,80.86000061035156,135.65875244140625,26.791091918945312,304.45196533203125,59.23762130737305,87.4023208618164,133.9709930419922,32.095252990722656,296.5795593261719,33.532108306884766,59.064720153808594,46.66779708862305,84.11925506591797,44.881263732910156,52.056488037109375,25.453685760498047,150.25,226.33563232421875,183.71571350097656,124.45501708984375,94.70181274414062
2021-03-04,117.00607299804688,217.56094360351562,12.334891319274902,53.05187225341797,77.75,132.92330932617188,26.6430721282959,305.31158447265625,58.32442092895508,86.53409576416016,131.9120635986328,32.32551956176758,292.0212707519531,33.06058120727539,58.58637619018555,48.476043701171875,84.85821533203125,46.52061462402344,55.50672149658203,25.642099380493164,148.8784942626953,220.6807098388672,182.84095764160156,122.39714813232422,93.51606750488281
2021-03-05,118.26251983642578,222.23402404785156,12.425881385803223,55.24380111694336,78.5199966430664,135.5544891357422,26.791091918945312,317.4670104980469,59.10023498535156,87.39411163330078,132.21875,32.70634078979492,290.3185729980469,33.30078125,58.93885040283203,50.30907440185547,88.51240539550781,48.795623779296875,57.95452880859375,26.08172607421875,150.0229949951172,222.9585418701172,185.09927368164062,123.61150360107422,93.79244995117188
2021-03-08,113.3341293334961,218.19430541992188,11.560112953186035,54.43433380126953,73.95999908447266,136.68338012695312,26.75992774963379,320.27496337890625,59.940731048583984,86.91085815429688,133.9709930419922,32.88347625732422,296.36669921875,34.40399169921875,60.60892868041992,50.2595329284668,89.12144470214844,49.16363525390625,57.9622917175293,26.65593719482422,147.59750366210938,227.8042755126953,186.6523895263672,124.73311614990234,93.64087677001953
2021-03-09,117.94112396240234,224.32586669921875,12.488775253295898,56.9991569519043,78.52999877929688,136.94387817382812,26.837833404541016,321.9304504394531,59.916481018066406,87.46783447265625,133.02474975585938,32.166107177734375,293.1741027832031,33.92357635498047,59.5766716003418,49.4833869934082,88.91842651367188,48.42759704589844,57.20075988769531,26.332944869995117,153.1425018310547,233.01939392089844,186.15252685546875,126.0216064453125,94.99606323242188
2021-03-10,116.86000061035156,223.02084350585938,12.436903953552246,56.617156982421875,77.5199966430664,138.20306396484375,27.211769104003906,319.753662109375,60.41752624511719,88.45890045166016,135.9160614013672,33.09601974487305,303.310546875,35.21360397338867,61.89292526245117,51.00263977050781,90.43694305419922,49.69893264770508,58.366363525390625,26.871265411376953,152.8820037841797,235.61241149902344,190.4012908935547,127.5418701171875,96.0926742553711
2021-03-11,118.78849029541016,227.54037475585938,12.960833549499512,57.581241607666016,81.2300033569336,138.19435119628906,27.040380477905273,322.9548645019531,60.312477111816406,88.35243225097656,135.20639038085938,32.98089599609375,303.3814697265625,34.5908317565918,61.523643493652344,50.622825622558594,90.29078674316406,50.04186248779297,58.52178192138672,26.377809524536133,155.67950439453125,237.922119140625,188.84820556640625,130.8789825439453,95.68256378173828
2021-03-12,117.88267517089844,226.2161865234375,12.823678970336914,57.208343505859375,81.05000305175781,138.59384155273438,27.21956443786621,326.7823181152344,60.81791687011719,88.63909149169922,136.80970764160156,33.600830078125,309.3320617675781,35.56058120727539,63.093013763427734,51.167789459228516,90.59123229980469,49.50654983520508,58.2808837890625,26.027894973754883,154.47450256347656,241.68321228027344,189.5354766845703,130.19296264648438,96.11939239501953
2021-03-15,120.76570892333984,225.31417846679688,13.158085823059082,58.0178108215332,82.5,139.30593872070312,27.585708618164062,324.8180847167969,62.14677810668945,90.30998992919922,136.12631225585938,33.432559967041016,306.8843994140625,35.320377349853516,62.28736114501953,49.86320495605469,89.5274429321289,48.64507293701172,57.78356170654297,26.1265869140625,154.08399963378906,246.49742126464844,196.78346252441406,134.35508728027344,97.09122467041016
2021-03-16,122.30463409423828,228.09689331054688,13.257834434509277,58.91822814941406,82.75,140.13087463378906,27.912904739379883,325.4789733886719,62.6196403503418,90.78502655029297,134.49664306640625,33.33513641357422,303.03558349609375,35.00898361206055,61.54046630859375,48.80631637573242,87.40802001953125,47.32355499267578,54.900596618652344,25.175548553466797,154.59300231933594,249.63014221191406,196.24789428710938,134.08624267578125,99.26663970947266
2021-03-17,121.51567840576172,227.45401000976562,13.307709693908691,59.82774353027344,82.62999725341797,139.60986328125,27.881746292114258,323.2576904296875,63.019134521484375,86.03448486328125,135.88096618652344,33.60968780517578,305.9089050292969,35.444923400878906,61.76702880859375,49.020992279052734,87.72471618652344,47.532657623291016,56.87437057495117,25.399850845336914,156.7864990234375,247.81597900390625,200.0414581298828,134.24388122558594,98.48206329345703
2021-03-18,117.39568328857422,221.38961791992188,12.690515518188477,57.96323776245117,78.12000274658203,139.34934997558594,27.86615753173828,332.3171691894531,62.99465560913086,84.99427032470703,138.1239013671875,34.4864616394043,308.61370849609375,36.307918548583984,61.96845626831055,46.90724563598633,84.54963684082031,44.647071838378906,53.54072189331055,24.44881248474121,151.39950561523438,250.58595275878906,198.96139526367188,132.71435546875,95.95003509521484
2021-03-19,116.8697280883789,221.03457641601562,12.813453674316406,57.99052810668945,79.05999755859375,138.9759063720703,27.679187774658203,335.5572204589844,63.190330505371094,84.70760345458984,135.9248046875,34.12335205078125,305.2438659667969,35.258094787597656,61.27188491821289,46.64302062988281,83.94871520996094,43.99468231201172,54.45766830444336,24.269376754760742,153.7480010986328,255.84262084960938,198.55079650878906,127.44918060302734,94.8088150024414
2021-03-22,120.18131256103516,226.44647216796875,13.153099060058594,59.69131851196289,80.30000305175781,139.37539672851562,28.04534339904785,336.7321472167969,63.190330505371094,86.73887634277344,132.27130126953125,33.35285568237305,300.9249572753906,34.670902252197266,60.39071273803711,46.16412353515625,83.26660919189453,43.693580627441406,53.02007293701172,24.807701110839844,155.5435028076172,255.70101928710938,200.8983917236328,128.17222595214844,95.90544891357422
2021-03-23,119.35342407226562,227.97215270996094,13.037888526916504,57.73585891723633,78.37999725341797,139.24514770507812,27.546751022338867,338.23748779296875,62.17939758300781,85.87064361572266,130.94830322265625,32.67977523803711,294.22064208984375,34.02143478393555,59.509517669677734,45.59440612792969,82.80376434326172,43.25027847290039,54.12352752685547,23.928434371948242,156.875,256.6214294433594,200.2735137939453,127.10618591308594,94.72858428955078
2021-03-24,116.96711730957031,225.93788146972656,12.611213684082031,56.42616653442383,76.4800033569336,140.59979248046875,27.741518020629883,340.16497802734375,62.154937744140625,84.41272735595703,131.96461486816406,32.67977523803711,291.4537658691406,33.9146728515625,58.81295394897461,46.51917266845703,85.02063751220703,44.5048828125,56.369266510009766,24.601341247558594,154.35350036621094,259.07275390625,199.98785400390625,123.43539428710938,93.58739471435547
2021-03-25,117.45413208007812,222.94410705566406,12.503735542297363,56.407981872558594,76.22000122070312,140.65191650390625,27.788257598876953,340.61474609375,62.01634979248047,85.08435821533203,133.6555633544922,33.35285568237305,293.1387023925781,34.964500427246094,60.189300537109375,46.38705825805664,85.32109832763672,44.80598831176758,56.7578239440918,24.58339500427246,152.31300354003906,262.9931335449219,200.12179565429688,119.24545288085938,95.70930480957031
2021-03-26,118.05797576904297,226.9166259765625,12.806970596313477,59.00008773803711,77.41000366210938,143.2222900390625,28.24009895324707,345.5621337890625,63.09248733520508,86.80439758300781,135.88096618652344,34.25619888305664,290.33636474609375,35.37375259399414,61.2802848815918,47.65036392211914,87.2780990600586,46.03550720214844,58.1876335144043,25.399850845336914,152.60150146484375,268.86041259765625,201.0233154296875,123.27778625488281,97.9827880859375
2021-03-29,118.23332977294922,225.72679138183594,12.915696144104004,58.66356658935547,77.13999938964844,144.1862030029297,28.52834129333496,347.9302978515625,63.83435821533203,87.41868591308594,133.7694549560547,33.92851638793945,288.8642272949219,34.199363708496094,60.07179641723633,47.3944091796875,86.82337951660156,45.03181457519531,57.22407150268555,24.852563858032227,153.7864990234375,267.4356689453125,202.93348693847656,123.74127960205078,97.29625701904297
2021-03-30,116.78206634521484,222.47390747070312,12.83938980102539,57.9996223449707,76.0,143.29176330566406,28.13103675842285,342.8819580078125,62.741920471191406,87.46783447265625,135.34654235839844,34.53074645996094,294.4334716796875,35.04456329345703,61.229923248291016,46.80815887451172,86.01942443847656,44.68889617919922,56.928775787353516,24.421899795532227,152.76449584960938,269.7541809082031,200.81800842285156,123.24071502685547,98.31266784667969
2021-03-31,118.97355651855469,226.23536682128906,13.314693450927734,58.20880889892578,78.5,142.71868896484375,28.224519729614258,341.5142822265625,62.84790802001953,88.63909149169922,133.375244140625,34.265045166015625,289.99041748046875,34.75986862182617,61.0536994934082,46.09806823730469,85.09371185302734,44.30414962768555,56.36150360107422,24.39498519897461,154.70399475097656,270.13470458984375,200.06825256347656,123.18510437011719,97.42109680175781
2021-04-01,119.80146026611328,232.5492706298828,13.777027130126953,58.70905303955078,81.08999633789062,141.39869689941406,28.279054641723633,336.9248962402344,62.84790802001953,88.88481140136719,134.67189025878906,34.973567962646484,290.55804443359375,35.258094787597656,61.38099670410156,47.386138916015625,85.87327575683594,45.18238067626953,58.54508972167969,25.21143913269043,158.0500030517578,272.3471984863281,201.0233154296875,122.85137939453125,97.51918029785156
2021-04-05,122.62606048583984,238.9975128173828,13.952333450317383,60.51896667480469,81.43000030517578,141.91973876953125,28.263471603393555,339.7794494628906,62.77454376220703,86.9354476928711,135.38577270507812,35.248104095458984,286.9220886230469,35.12464141845703,61.0536994934082,46.65127944946289,84.86634826660156,43.668479919433594,55.786460876464844,24.717981338500977,161.3365020751953,279.11712646484375,204.2724151611328,125.25226593017578,98.98131561279297
2021-04-06,122.92799377441406,237.83645629882812,13.826651573181152,59.627647399902344,81.44000244140625,141.88504028320312,28.08429718017578,334.4466247558594,61.78807830810547,86.31294250488281,134.43397521972656,35.15068435668945,290.043701171875,35.45381546020508,60.927818298339844,46.51917266845703,84.11113739013672,43.97795486450195,56.182777404785156,24.61928939819336,161.1909942626953,277.6834716796875,207.00375366210938,127.14323425292969,100.8803939819336
2021-04-07,124.57403564453125,239.79393005371094,14.107945442199707,60.25520706176758,82.19999694824219,142.0760498046875,27.97522735595703,335.6123046875,62.05710220336914,86.17371368408203,136.54026794433594,35.469512939453125,289.5914306640625,35.5783805847168,61.00334930419922,46.7255859375,84.60648345947266,43.810665130615234,56.95985794067383,24.538536071777344,163.96949768066406,276.5241394042969,207.62857055664062,126.56855010986328,100.91603088378906
2021-04-08,126.9700698852539,243.00845336914062,14.281006813049316,60.982826232910156,83.3499984741211,141.52027893066406,28.014177322387695,334.9239501953125,61.54351043701172,86.90269470214844,136.7077178955078,35.15953826904297,293.6618957519531,35.61396408081055,60.70122528076172,46.23843002319336,83.6563949584961,42.857173919677734,56.09730529785156,24.278350830078125,164.96499633789062,278.2586975097656,205.52203369140625,123.91739654541016,100.78228759765625
2021-04-09,129.54141235351562,245.5033416748047,14.363797187805176,62.08333206176758,82.76000213623047,140.02667236328125,28.51276397705078,345.3968200683594,62.212005615234375,88.08211517333984,137.7300262451172,35.4163703918457,293.3692626953125,36.0321159362793,60.776763916015625,46.13108825683594,83.57521057128906,42.848812103271484,55.77092361450195,24.009185791015625,168.61000061035156,282.50653076171875,206.61993408203125,125.55812072753906,100.90711975097656
2021-04-12,127.8271713256836,245.56088256835938,15.170762062072754,59.4912223815918,78.58000183105469,140.3653564453125,28.80100440979004,345.37847900390625,62.13862228393555,88.66365051269531,137.43917846679688,35.478370666503906,294.28265380859375,36.27232360839844,61.00334930419922,45.82560348510742,82.64946746826172,42.539344787597656,54.473201751708984,23.811798095703125,168.96949768066406,283.88714599609375,206.1558074951172,126.66121673583984,101.46880340576172
2021-04-13,130.9342041015625,248.03659057617188,15.640079498291016,59.31842803955078,80.19000244140625,138.4896240234375,28.949024200439453,343.74468994140625,62.30982208251953,88.63909149169922,135.7999725341797,34.82300567626953,290.5935363769531,35.40044021606445,60.47462463378906,45.99898910522461,83.02299499511719,42.48078918457031,54.70632553100586,23.363201141357422,170.0,283.54193115234375,206.47714233398438,123.7876205444336,102.85071563720703
2021-04-14,128.5966033935547,245.2538604736328,15.238593101501465,58.381614685058594,78.55000305175781,138.87171936035156,28.956811904907227,344.7819519042969,62.2853889465332,87.79350280761719,133.26181030273438,35.31896209716797,297.3953857421875,37.35774230957031,61.18796920776367,47.32834243774414,84.67144775390625,44.0699577331543,57.597084045410156,24.502653121948242,166.64999389648438,283.2057189941406,205.57557678222656,122.60113525390625,102.67240905761719
2021-04-15,131.0023956298828,249.0056915283203,16.096677780151367,59.136505126953125,83.01000213623047,139.2799072265625,29.29178810119629,357.98101806640625,62.49734878540039,88.6142349243164,134.1078643798828,34.30934143066406,300.23321533203125,37.58017349243164,60.877471923828125,47.047603607177734,83.98120880126953,43.40919876098633,56.911739349365234,23.919464111328125,168.95449829101562,285.6127014160156,206.44137573242188,123.90811920166016,104.00975799560547
2021-04-16,130.67123413085938,250.195556640625,15.872493743896484,58.89094161987305,82.1500015258789,140.88638305664062,30.047466278076172,358.8988952636719,63.1577033996582,89.45983123779297,135.10374450683594,34.672447204589844,303.5677185058594,39.003658294677734,60.801937103271484,46.78339385986328,83.6076889038086,42.731712341308594,55.098819732666016,23.58749771118164,169.9720001220703,290.3384704589844,208.04812622070312,124.50137329101562,105.50757598876953
2021-04-19,131.33352661132812,248.27642822265625,15.32313060760498,57.87229537963867,81.11000061035156,141.27716064453125,30.327922821044922,357.8249206542969,63.312599182128906,90.0401382446289,134.5308837890625,34.690155029296875,304.25946044921875,39.03923797607422,60.53336715698242,46.63477325439453,83.85128784179688,42.5644416809082,55.708335876464844,23.802833557128906,168.60049438476562,289.2500305175781,206.9144744873047,122.88847351074219,104.84781646728516
2021-04-20,129.64854431152344,247.81591796875,15.133109092712402,57.026451110839844,79.2699966430664,144.5683135986328,30.405824661254883,363.96551513671875,64.0544662475586,90.38834381103516,131.5521240234375,33.724822998046875,294.31817626953125,37.847068786621094,58.569583892822266,45.652198791503906,82.28404235839844,40.69089889526367,53.58284378051758,22.654407501220703,166.7344970703125,286.6923828125,207.98561096191406,117.82720947265625,103.66202545166016
2021-04-21,130.0283966064453,250.04205322265625,15.321884155273438,57.93595504760742,81.61000061035156,144.66383361816406,30.795337677001953,366.05828857421875,64.59254455566406,91.85570526123047,132.67135620117188,34.291629791259766,297.32452392578125,38.46984100341797,59.29132080078125,46.23843002319336,83.4208984375,41.853485107421875,53.887603759765625,23.085067749023438,168.1009979248047,288.4534606933594,207.31614685058594,120.41344451904297,104.08108520507812
2021-04-22,128.50900268554688,246.7699737548828,14.81291675567627,56.90821075439453,79.05999755859375,143.43942260742188,30.10199737548828,363.97467041015625,63.55717086791992,91.23394012451172,129.8776092529297,33.97279739379883,293.4047546386719,37.98940658569336,58.58637619018555,45.63569259643555,81.9754867553711,41.36838150024414,53.41093444824219,22.654407501220703,165.45199584960938,284.48004150390625,207.9409637451172,119.74601745605469,103.34999084472656
2021-04-23,130.8270721435547,250.58901977539062,15.226871490478516,53.87953186035156,82.76000213623047,143.7346649169922,30.117572784423828,367.43511962890625,63.49195861816406,92.33653259277344,132.3628692626953,34.69902038574219,300.94268798828125,39.02144241333008,59.903953552246094,45.883392333984375,82.46270751953125,41.58583068847656,53.96574020385742,23.067121505737305,167.04400634765625,286.6304626464844,209.3870086669922,120.6822738647461,104.81216430664062
2021-04-26,131.21665954589844,250.97279357910156,15.439085006713867,53.442962646484375,85.41000366210938,142.5189208984375,30.133167266845703,363.3505554199219,63.20663070678711,92.34480285644531,132.68896484375,34.902713775634766,304.64080810546875,39.27054977416992,60.59212875366211,45.97421646118164,82.43833923339844,42.02914047241211,54.567440032958984,23.659276962280273,170.4499969482422,283.1791687011719,207.36077880859375,121.98930358886719,103.34999084472656
2021-04-27,130.895263671875,251.3758544921875,15.343077659606934,52.724449157714844,85.20999908447266,141.70265197753906,29.95399284362793,362.102294921875,63.06803512573242,92.38628387451172,133.29705810546875,35.31896209716797,307.3988342285156,40.115753173828125,61.255104064941406,46.576969146728516,83.39655303955078,42.907352447509766,56.01310348510742,23.488811492919922,170.8715057373047,283.7101135253906,209.74407958984375,122.46205139160156,103.55504608154297
2021-04-28,130.10629272460938,244.26547241210938,15.238343238830566,52.4061164855957,84.0199966430664,140.66058349609375,30.23443603515625,362.184814453125,62.84790802001953,92.79248809814453,134.1607208251953,35.4517936706543,308.7112731933594,40.10686492919922,61.18796920776367,47.98063659667969,85.4428939819336,44.36270523071289,58.591827392578125,24.54750633239746,172.9250030517578,282.9313049316406,207.4500732421875,121.16432189941406,100.21170806884766
2021-04-29,130.0089111328125,242.2983856201172,15.286221504211426,53.00640106201172,83.91000366210938,142.58840942382812,30.070838928222656,368.5732116699219,60.067893981933594,91.93030548095703,136.76942443847656,36.40828323364258,313.0212097167969,41.138893127441406,61.96845626831055,48.66595458984375,86.80712890625,44.4379768371582,59.334171295166016,24.960222244262695,173.5655059814453,287.91357421875,209.94937133789062,123.52808380126953,102.19987487792969
2021-04-30,128.04148864746094,241.98175048828125,14.971763610839844,52.32426071166992,81.62000274658203,141.31185913085938,30.10978889465332,366.049072265625,60.73638916015625,92.43599700927734,135.55320739746094,35.89461898803711,309.0128173828125,40.080162048339844,60.20226287841797,47.262290954589844,83.6969985961914,42.773536682128906,57.544700622558594,24.269376754760742,173.37100219726562,286.4357604980469,210.7259063720703,122.93480682373047,102.0750732421875
2021-05-03,129.09335327148438,241.67471313476562,14.79944896697998,52.07869338989258,78.55000305175781,143.4654541015625,31.029050827026367,372.5660705566406,61.94297790527344,95.07231140136719,135.1566162109375,35.921180725097656,310.529296875,40.46272277832031,60.59945297241211,48.566871643066406,85.69461822509766,44.11178207397461,59.36545181274414,25.31910514831543,169.32449340820312,292.2765197753906,210.2617645263672,123.31486511230469,103.17167663574219
2021-05-04,124.52532958984375,237.769287109375,14.315170288085938,51.751277923583984,78.61000061035156,145.68856811523438,31.122539520263672,377.559326171875,61.95112609863281,94.42568969726562,137.02496337890625,36.31085968017578,310.2455139160156,40.69404983520508,61.12339401245117,48.87237548828125,86.16561126708984,43.96958541870117,58.61526870727539,25.471628189086914,165.593505859375,294.4888610839844,208.74432373046875,121.94295501708984,101.73627471923828
2021-05-05,124.76883697509766,236.502685546875,14.422150611877441,51.70579147338867,77.83000183105469,145.0806884765625,31.13812255859375,378.6239929199219,63.34521484375,95.9842300415039,138.82286071777344,36.6562614440918,317.1449279785156,40.87198257446289,62.289573669433594,50.342098236083984,88.47992706298828,46.37006378173828,59.94368362426758,27.22117805480957,163.52699279785156,293.8517761230469,209.797607421875,122.55472564697266,101.1745834350586
2021-05-06,126.3661880493164,239.63079833984375,14.48648738861084,52.33539962768555,77.88999938964844,145.6624755859375,30.831302642822266,380.8911437988281,63.410430908203125,96.23294067382812,141.61656188964844,37.20534896850586,324.5498962402344,41.57636642456055,63.19378662109375,50.820987701416016,88.52863311767578,46.587528228759766,60.154685974121094,27.571086883544922,165.31849670410156,298.74560546875,209.6368865966797,123.74127960205078,102.29796600341797
2021-05-07,127.03936767578125,242.2504119873047,14.775010108947754,52.774654388427734,78.80999755859375,146.32241821289062,31.138126373291016,383.35101318359375,63.92405700683594,95.9593734741211,142.10130310058594,37.35590362548828,328.91302490234375,41.496124267578125,63.44731521606445,51.547603607177734,89.34068298339844,47.75848388671875,64.93704986572266,28.611846923828125,164.58050537109375,300.2234802246094,209.6190643310547,127.74579620361328,101.94132995605469
2021-05-10,123.76119232177734,237.1839599609375,14.22988510131836,51.21895980834961,75.98999786376953,147.8594970703125,31.358402252197266,386.3250427246094,63.72838592529297,96.34901428222656,142.08364868164062,37.24077606201172,326.95318603515625,41.54962158203125,63.489559173583984,51.67145919799805,88.97526550292969,47.67484664916992,66.07013702392578,28.378572463989258,159.52450561523438,301.87841796875,211.64529418945312,126.43875885009766,101.9056625366211
2021-05-11,122.84408569335938,236.27235412597656,14.270282745361328,50.367897033691406,76.83000183105469,146.65243530273438,30.957170486450195,377.8897399902344,63.14955520629883,95.24639892578125,139.7217559814453,36.81566619873047,319.18463134765625,40.76498794555664,63.26984786987305,50.028343200683594,86.64470672607422,46.604251861572266,64.18687438964844,28.04660415649414,161.19549560546875,292.6216735839844,208.74432373046875,127.10618591308594,101.23699188232422
2021-05-12,119.78054809570312,229.33474731445312,13.723910331726074,49.06843566894531,74.63999938964844,146.0619659423828,31.224653244018555,372.0794982910156,63.589778900146484,95.30443572998047,138.7611541748047,36.47027587890625,314.28936767578125,40.69365310668945,62.729000091552734,50.29640197753906,87.18877410888672,46.57916259765625,63.577369689941406,28.800260543823242,157.5970001220703,280.5330810546875,203.46009826660156,123.64859771728516,98.27417755126953
2021-05-13,121.92697143554688,233.2017822265625,13.63089370727539,49.425331115722656,73.08999633789062,147.59027099609375,31.54721450805664,375.00762939453125,64.15231323242188,96.66402435302734,142.33045959472656,37.054786682128906,318.2002868652344,41.37129211425781,63.62478256225586,49.6765022277832,86.62844848632812,45.719383239746094,62.18642807006836,28.495210647583008,158.07350158691406,287.9844055175781,205.0935821533203,123.85249328613281,98.9007568359375
2021-05-14,124.34660339355469,238.1147003173828,14.20719051361084,50.651580810546875,74.58999633789062,147.81610107421875,31.484270095825195,376.1457214355469,63.82621765136719,96.52308654785156,144.54249572753906,37.51531982421875,327.0329895019531,41.87059783935547,64.697998046875,50.90793228149414,88.89405822753906,47.6412353515625,64.54633331298828,29.437273025512695,161.14500427246094,286.400390625,206.8341522216797,126.00309753417969,99.5362777709961
2021-05-17,123.19532012939453,235.26480102539062,14.129886627197266,50.63328552246094,74.6500015258789,147.96371459960938,31.555076599121094,375.07183837890625,65.11430358886719,96.9044418334961,145.1241912841797,37.85186004638672,327.4587097167969,42.70872116088867,65.42475128173828,52.09749221801758,89.98220825195312,49.14159393310547,66.49992370605469,30.549814224243164,163.51950073242188,283.19683837890625,206.7984619140625,126.44802856445312,99.33937072753906
2021-05-18,121.80989837646484,233.249755859375,13.980513572692871,50.18487548828125,74.44000244140625,148.0157928466797,31.507871627807617,376.6780700683594,64.71485137939453,97.16973876953125,143.0795440673828,37.338191986083984,323.2994384765625,41.78144073486328,64.74871063232422,50.62311935424805,87.27787780761719,48.290260314941406,64.83545684814453,29.670543670654297,161.61399841308594,280.31182861328125,207.0216064453125,125.66008758544922,99.41991424560547
2021-05-19,121.65380859375,233.82681274414062,14.030386924743652,50.660736083984375,76.2300033569336,147.69447326660156,31.334789276123047,375.8703918457031,64.69852447509766,96.04226684570312,141.98675537109375,37.1699333190918,317.8190002441406,41.16621780395508,64.61351013183594,49.40842819213867,84.82838439941406,46.84889221191406,62.93659591674805,28.71053695678711,161.58999633789062,278.2763977050781,205.43276977539062,123.24998474121094,98.16676330566406
2021-05-20,124.20999145507812,237.05836486816406,14.575761795043945,51.20065689086914,78.05999755859375,148.55421447753906,31.562944412231445,375.0810241699219,64.943115234375,97.08682250976562,141.73995971679688,37.08135223388672,319.060546875,40.77390670776367,64.39376068115234,49.29114532470703,85.12427520751953,46.688720703125,62.92094039916992,28.504182815551758,162.38400268554688,279.5595703125,207.2447509765625,123.53736877441406,99.72425079345703
2021-05-21,122.37577056884766,235.7984161376953,14.954059600830078,51.31962203979492,77.16999816894531,148.45864868164062,31.429201126098633,377.8254699707031,64.55178833007812,96.26611328125,143.3527069091797,37.550750732421875,324.8070373535156,40.907649993896484,65.619140625,49.35816955566406,85.58460998535156,46.90789031982422,62.569313049316406,28.665674209594727,160.1540069580078,279.4444885253906,206.40574645996094,122.97188568115234,99.28564453125
2021-05-24,124.00511932373047,241.19403076171875,15.572750091552734,52.124916076660156,77.44000244140625,149.0266571044922,31.31906509399414,377.2013854980469,64.42948913574219,96.0920181274414,144.12828063964844,37.75444412231445,326.6073303222656,41.228641510009766,65.94024658203125,49.93618392944336,86.80113220214844,47.287208557128906,62.6240119934082,28.441377639770508,162.24949645996094,278.62152099609375,207.00375366210938,124.26964569091797,100.71781921386719
2021-05-25,123.80997467041016,242.09808349609375,15.608410835266113,52.04255294799805,77.86000061035156,148.615966796875,30.941444396972656,379.1288146972656,63.18217086791992,94.97281646728516,142.63885498046875,37.20534896850586,323.255126953125,41.09489059448242,65.30644989013672,48.80527114868164,85.37910461425781,46.25885009765625,61.48312759399414,28.028661727905273,162.95249938964844,280.31182861328125,207.20907592773438,124.5106430053711,100.8162841796875
2021-05-26,123.76119232177734,241.8768768310547,15.660528182983398,52.088314056396484,78.33999633789062,147.73338317871094,30.618885040283203,379.2757263183594,62.96204376220703,95.0888900756836,142.62130737304688,37.23191833496094,325.8180236816406,41.37129211425781,65.5092544555664,49.37491989135742,85.58460998535156,46.714027404785156,62.202030181884766,28.306795120239258,163.25799560546875,280.8251037597656,207.39649963378906,126.89299774169922,101.0132064819336
2021-05-27,122.22942352294922,239.78021240234375,15.449060440063477,52.82955551147461,78.41999816894531,147.5062255859375,30.406471252441406,378.8076171875,61.89405822753906,93.11581420898438,144.84213256835938,37.68358612060547,329.3386535644531,41.69227981567383,66.55712890625,49.05658721923828,84.67221069335938,46.80673599243164,62.772483825683594,28.118385314941406,161.5054931640625,282.0994873046875,209.6368865966797,126.58704376220703,101.6039810180664
2021-05-28,121.57573699951172,240.1360321044922,16.20366096496582,52.271331787109375,80.08000183105469,147.89064025878906,30.46941566467285,378.0916748046875,61.8696174621582,93.84535217285156,144.74520874023438,37.54188537597656,331.0293884277344,41.65660858154297,66.51488494873047,48.897422790527344,85.31333923339844,46.98374938964844,62.780303955078125,28.109407424926758,161.15350341796875,282.2232971191406,209.9241485595703,126.74964141845703,101.93516540527344
2021-06-01,121.25377655029297,237.9431915283203,16.22360610961914,52.06086349487305,80.80999755859375,144.6401824951172,30.28847312927246,373.31866455078125,61.29076385498047,93.02461242675781,146.3403778076172,38.011268615722656,340.30126953125,42.138092041015625,67.4022216796875,50.64824295043945,87.6642074584961,49.116310119628906,66.10138702392578,29.663286209106445,160.9324951171875,279.9224853515625,209.3407745361328,124.93838500976562,101.45181274414062
2021-06-02,122.01478576660156,237.8470458984375,16.736068725585938,52.60078048706055,81.97000122070312,145.2255859375,30.516624450683594,372.5201416015625,61.85329055786133,92.35311126708984,146.34913635253906,38.028987884521484,341.19110107421875,41.73685836791992,67.48672485351562,51.050350189208984,88.83965301513672,49.723209381103516,66.63277435302734,31.94230079650879,161.69949340820312,278.65032958984375,209.8253936767578,124.62258911132812,101.1474838256836
2021-06-03,120.53179168701172,236.31781005859375,16.927080154418945,51.46603775024414,80.27999877929688,145.08578491210938,30.658226013183594,374.4568786621094,63.14767074584961,93.02461242675781,146.44610595703125,38.46477127075195,345.88934326171875,41.424781799316406,67.29234313964844,51.25140380859375,88.43687438964844,50.1278076171875,67.83614349365234,32.897159576416016,159.35049438476562,277.04901123046875,208.63168334960938,124.62258911132812,99.46467590332031
2021-06-04,122.8245849609375,241.20361328125,17.534059524536133,52.5001106262207,81.58000183105469,145.02459716796875,30.799821853637695,372.327392578125,63.31853485107422,93.14897918701172,146.68406677246094,38.482566833496094,348.31854248046875,41.87059783935547,67.17403411865234,51.47758102416992,89.14376831054688,50.448116302490234,68.34410095214844,32.807071685791016,160.31100463867188,276.6754455566406,209.46640014648438,124.22317504882812,100.24341583251953
2021-06-07,122.83435821533203,244.1082000732422,17.5747013092041,52.2438850402832,81.3499984741211,144.03721618652344,30.673954010009766,367.3799743652344,62.19929885864258,93.68782806396484,145.99664306640625,38.34914779663086,345.3910217285156,42.00434875488281,67.02191162109375,51.14250564575195,88.56837463378906,50.414398193359375,68.00808715820312,32.27560043334961,159.90049743652344,275.7413330078125,207.94955444335938,124.41822814941406,99.65264129638672
2021-06-08,123.65388488769531,242.9155731201172,17.41311264038086,52.16152572631836,80.88999938964844,142.77023315429688,30.563814163208008,368.7476806640625,61.857540130615234,93.13238525390625,145.41500854492188,38.13569641113281,342.3123474121094,41.558528900146484,66.82756042480469,52.0472297668457,89.37395477294922,50.97071075439453,68.28939819335938,32.33866500854492,163.20550537109375,276.5775451660156,208.80221557617188,123.86093139648438,99.8227310180664
2021-06-09,124.03436279296875,243.8966064453125,17.318574905395508,52.16152572631836,79.95999908447266,144.6925811767578,31.31906509399414,368.1601867675781,63.258724212646484,94.50857543945312,143.59951782226562,37.63766860961914,340.6038513183594,40.943321228027344,66.033203125,52.482845306396484,88.5930404663086,50.30481719970703,67.05474853515625,32.21253967285156,164.0574951171875,273.4105529785156,207.75213623046875,122.45838165283203,99.70634460449219
2021-06-10,123.03921508789062,247.4070587158203,17.385177612304688,52.5092658996582,81.55999755859375,145.99456787109375,32.003501892089844,368.5182189941406,65.05294799804688,96.3655776977539,141.36099243164062,37.07737731933594,332.7378234863281,40.20326614379883,64.97687530517578,52.566612243652344,89.11089324951172,50.71784210205078,67.33605194091797,31.473892211914062,167.4824981689453,274.2734375,210.55239868164062,121.6595687866211,100.4403305053711
2021-06-11,124.2490234375,248.03224182128906,17.78450584411621,52.93936538696289,81.30999755859375,144.14208984375,31.5865535736084,365.2137756347656,65.16400909423828,95.68578338623047,141.26405334472656,37.228553771972656,336.3949279785156,40.72932434082031,64.63040161132812,52.08073425292969,88.69992065429688,50.54926300048828,66.76561737060547,31.428857803344727,167.3415069580078,276.46185302734375,212.6526336669922,122.55127716064453,100.75363159179688
2021-06-14,127.30276489257812,249.955810546875,17.977567672729492,53.25050735473633,81.55000305175781,144.50035095214844,31.17745018005371,366.379638671875,65.01750946044922,95.66919708251953,138.866943359375,36.78388977050781,331.83026123046875,40.25675582885742,63.514930725097656,51.99696350097656,88.74922943115234,50.83584976196289,66.31238555908203,30.672183990478516,169.19349670410156,275.17193603515625,212.69749450683594,122.0125503540039,100.65516662597656
2021-06-15,126.4832763671875,248.48426818847656,17.747844696044922,53.06749725341797,80.47000122070312,143.73138427734375,31.14598846435547,367.4075622558594,65.23294067382812,96.02568054199219,136.76058959960938,36.81056594848633,330.388671875,40.53316879272461,62.38254165649414,53.89021301269531,90.66443634033203,51.560752868652344,66.89065551757812,30.798295974731445,169.156494140625,272.6188049316406,212.1320343017578,121.0186538696289,100.1539077758789
2021-06-16,126.98084259033203,247.541748046875,17.76954460144043,52.36284637451172,80.11000061035156,143.678955078125,30.9178409576416,364.62640380859375,66.01712036132812,95.77696990966797,137.7212371826172,37.0151252746582,330.1217956542969,40.63124084472656,60.38817596435547,53.697532653808594,90.14659118652344,51.52703857421875,66.19517517089844,30.663175582885742,170.7624969482422,269.3540344238281,211.44097900390625,121.120849609375,99.67951202392578
2021-06-17,128.58091735839844,250.92713928222656,18.614612579345703,52.32624816894531,84.55999755859375,144.36929321289062,31.0594425201416,364.7181701660156,66.5513916015625,95.25469207763672,133.74655151367188,35.3964729309082,321.6685791015625,38.15253829956055,58.1910285949707,51.92995071411133,88.00942993164062,49.74006271362305,63.63206481933594,29.248920440673828,174.46200561523438,269.6564025878906,209.91517639160156,119.74616241455078,99.70634460449219
2021-06-18,127.28329467773438,249.51333618164062,18.596149444580078,50.944419860839844,84.6500015258789,141.53814697265625,30.5323486328125,358.70245361328125,66.01712036132812,93.7790298461914,130.3623504638672,34.48933029174805,310.3945617675781,37.22524642944336,57.134700775146484,50.597984313964844,84.68862915039062,48.49256134033203,61.97541427612305,28.18597984313965,174.34500122070312,269.2027282714844,206.09164428710938,119.2724609375,98.19359588623047
2021-06-21,129.0784912109375,252.5911407470703,18.385133743286133,51.12744140625,82.58999633789062,143.16343688964844,31.012243270874023,366.71728515625,66.13776397705078,95.11376190185547,132.5743865966797,35.35200881958008,318.14483642578125,38.58942794799805,57.844547271728516,52.43258285522461,87.17101287841797,50.953857421875,66.41398620605469,29.834436416625977,172.697998046875,273.641845703125,209.0355987548828,120.8236312866211,99.33041381835938
2021-06-22,130.7175750732422,255.3609161376953,18.843584060668945,51.12744140625,83.58000183105469,142.97117614746094,31.16172218322754,367.28839111328125,65.65520477294922,95.0888900756836,132.38055419921875,35.54766845703125,318.135986328125,38.82125473022461,58.275535583496094,53.43783950805664,87.45872497558594,51.240455627441406,66.3827133178711,29.74435806274414,175.27200317382812,278.1876220703125,209.91517639160156,123.0528335571289,100.11811065673828
2021-06-23,130.44439697265625,255.13011169433594,19.013694763183594,50.56922149658203,83.81999969482422,142.1061553955078,30.72115135192871,364.4049987792969,65.12954711914062,94.50857543945312,133.1824951171875,35.752227783203125,321.2680969238281,39.19573211669922,58.85862731933594,53.83156967163086,87.35186004638672,51.21516036987305,66.96878051757812,29.618247985839844,175.1909942626953,277.2625732421875,209.3407745361328,123.62870788574219,99.85851287841797
2021-06-24,130.16143798828125,256.49591064453125,19.161605834960938,51.31047058105469,86.0999984741211,142.75271606445312,30.831302642822266,367.4542236328125,65.80168151855469,95.12205505371094,134.40750122070312,36.312522888183594,328.1196594238281,40.28351974487305,60.26987838745117,54.04936218261719,88.06698608398438,51.74618148803711,67.27354431152344,29.960554122924805,172.45399475097656,277.41375732421875,209.42156982421875,124.09317779541016,100.24341583251953
2021-06-25,129.8687744140625,254.8896484375,18.987504959106445,51.16404724121094,85.62000274658203,143.4867706298828,30.66609764099121,373.0553894042969,66.52552795410156,93.66297912597656,135.76470947265625,37.0151252746582,328.1374816894531,41.35346221923828,60.4642333984375,54.166656494140625,88.19850158691406,51.67875671386719,68.49256896972656,30.0416202545166,170.072998046875,279.0061340332031,208.6047821044922,143.36656188964844,101.18328094482422
2021-06-28,131.49810791015625,258.4482727050781,19.9393253326416,52.60078048706055,87.08000183105469,143.32073974609375,30.776235580444336,369.8402404785156,66.2325439453125,93.67955780029297,136.01150512695312,36.961753845214844,328.08404541015625,40.8274040222168,60.43043518066406,52.784420013427734,85.4777603149414,50.22895431518555,64.83545684814453,28.84356117248535,172.1945037841797,279.58441162109375,207.41107177734375,141.5181884765625,100.4671859741211
2021-06-29,133.0103302001953,261.0258483886719,19.98097801208496,51.932743072509766,89.5199966430664,143.32945251464844,30.760499954223633,366.7449951171875,66.53417205810547,93.09922790527344,135.8440399169922,36.365882873535156,331.5632629394531,39.93577575683594,58.88397979736328,52.45770263671875,85.28868103027344,49.77377700805664,64.31974029541016,28.717449188232422,172.40699768066406,283.10723876953125,206.7648468017578,144.85272216796875,100.4940414428711
2021-06-30,133.62498474121094,260.5449523925781,19.95677947998047,51.3745231628418,93.93000030517578,143.94985961914062,30.807693481445312,368.9006652832031,67.0167236328125,93.38109588623047,137.077880859375,36.66826629638672,337.7119445800781,40.381595611572266,59.788185119628906,52.84305953979492,86.09422302246094,51.333168029785156,65.2027359008789,28.83455467224121,172.00799560546875,283.6854248046875,207.32127380371094,143.4966278076172,100.08229064941406
2021-07-01,133.92745971679688,261.2182312011719,20.16580581665039,51.25555419921875,93.30999755859375,145.01585388183594,31.12238311767578,373.0001525878906,67.2063217163086,94.72410583496094,138.43505859375,36.943965911865234,333.672119140625,40.48857498168945,60.00790786743164,52.99385070800781,87.30253601074219,53.00212478637695,67.19539642333984,29.789390563964844,171.64849853515625,286.04296875,208.4701385498047,146.75682067871094,101.51448059082031
2021-07-02,136.55198669433594,267.036865234375,20.440183639526367,51.941898345947266,94.69999694824219,147.6547393798828,31.256132125854492,377.1180725097656,67.7319564819336,95.47853088378906,138.30209350585938,36.59711837768555,332.93365478515625,40.1854362487793,59.50086975097656,52.918453216552734,87.18746185302734,52.89255142211914,67.02347564697266,29.53717803955078,175.5489959716797,287.07489013671875,209.69078063964844,148.37301635742188,102.91084289550781
2021-07-06,138.56179809570312,267.0465393066406,20.65119171142578,51.32876205444336,94.47000122070312,146.77223205566406,30.909969329833984,377.9471740722656,67.30972290039062,95.94278717041016,135.97982788085938,35.63660430908203,329.1073303222656,38.77667999267578,57.641727447509766,51.41056823730469,85.4777603149414,50.81056213378906,65.42156219482422,28.077882766723633,183.78700256347656,284.0146179199219,208.90098571777344,148.71670532226562,103.59111785888672
2021-07-07,141.04971313476562,269.229736328125,20.325191497802734,51.209800720214844,90.54000091552734,148.030517578125,30.957170486450195,379.2369079589844,67.69749450683594,96.78839111328125,136.1393280029297,35.35200881958008,327.1587829589844,38.69643020629883,57.40511703491211,50.606353759765625,84.60645294189453,49.74006271362305,63.366371154785156,27.636491775512695,184.82899475097656,287.7687072753906,210.58831787109375,148.7631378173828,104.8532485961914
2021-07-08,139.75210571289062,266.8157043457031,19.85726547241211,50.68819046020508,89.73999786376953,147.74217224121094,30.878503799438477,377.66156005859375,67.31831359863281,96.45677185058594,133.79043579101562,34.48933029174805,319.3905944824219,37.73347473144531,56.391048431396484,50.38017654418945,84.33518981933594,49.90864562988281,62.42866134643555,27.501373291015625,186.57049560546875,283.3741760253906,208.98170471191406,149.19969177246094,103.82384490966797
2021-07-09,141.57656860351562,267.31585693359375,20.004419326782227,51.23725509643555,90.9000015258789,148.3275909423828,31.16172218322754,379.65142822265625,67.2063217163086,96.6474380493164,138.0716094970703,35.609928131103516,330.7980651855469,39.151153564453125,57.844547271728516,51.29328918457031,85.54349517822266,50.68412780761719,64.53852081298828,28.09589958190918,185.9669952392578,286.5322265625,211.53073120117188,149.54336547851562,105.14862823486328
2021-07-12,140.98143005371094,266.719482421875,20.465621948242188,51.91444396972656,90.80999755859375,148.09164428710938,31.27972412109375,383.2719421386719,66.8271484375,97.5179214477539,140.04827880859375,36.1346435546875,338.5749816894531,39.374053955078125,58.6811408996582,51.24302291870117,85.71611785888672,50.405967712402344,65.09333801269531,28.122922897338867,185.92750549316406,286.2208251953125,211.4678955078125,150.30503845214844,106.0347900390625
2021-07-13,142.0936737060547,270.23968505859375,20.203718185424805,52.04255294799805,90.26000213623047,147.90818786621094,31.193185806274414,385.5749816894531,66.87885284423828,97.75004577636719,137.96530151367188,35.44983673095703,334.5531311035156,38.54484939575195,57.776947021484375,51.00008773803711,85.42842864990234,50.119384765625,64.64791870117188,27.573436737060547,183.8679962158203,282.04864501953125,211.9705352783203,150.09140014648438,107.01045227050781
2021-07-14,145.51817321777344,271.7110900878906,19.79615020751953,51.72227096557617,89.05000305175781,148.91302490234375,31.429201126098633,382.07427978515625,66.88744354248047,98.37875366210938,137.49549865722656,34.56047821044922,333.14715576171875,40.07843780517578,57.607933044433594,49.86917495727539,83.81732940673828,48.61056900024414,62.24891662597656,26.61858367919922,184.08399963378906,283.9790954589844,212.83221435546875,150.04495239257812,107.23423767089844
2021-07-15,144.86451721191406,270.2877197265625,18.922901153564453,51.07254409790039,86.93000030517578,147.1217498779297,31.539342880249023,386.96600341796875,67.1287612915039,98.22785186767578,137.79689025878906,34.533809661865234,332.21282958984375,40.12302017211914,57.844547271728516,49.38329315185547,83.26660919189453,48.113258361816406,60.61248779296875,25.879932403564453,181.55999755859375,287.0837097167969,212.6077880859375,150.1842803955078,106.49127960205078
2021-07-16,142.82540893554688,270.0184020996094,18.119491577148438,50.30384063720703,85.88999938964844,146.8858184814453,31.743885040283203,386.6437072753906,67.2321548461914,98.49610900878906,134.65025329589844,33.724483489990234,324.6049499511719,39.481048583984375,56.53470230102539,48.017826080322266,81.06372833251953,46.78145980834961,58.79865264892578,25.10525131225586,178.68150329589844,286.04296875,210.69601440429688,148.47520446777344,106.27648162841797
2021-07-19,138.9813232421875,266.42144775390625,18.736831665039062,50.0018424987793,86.58000183105469,145.81979370117188,31.5865535736084,376.8416748046875,66.39627075195312,96.75250244140625,130.27145385742188,32.84402084350586,315.63555908203125,38.384361267089844,54.996681213378906,46.36751937866211,78.87724304199219,45.264225006103516,55.958560943603516,24.006275177001953,177.47950744628906,283.6676940917969,205.7685546875,146.6361083984375,103.22415161132812
2021-07-20,142.5912322998047,268.6430969238281,18.56946563720703,50.55093002319336,87.11000061035156,147.191650390625,32.294586181640625,380.4436950683594,65.6379623413086,97.28062438964844,132.70021057128906,33.519927978515625,324.5693054199219,39.9803581237793,56.01920700073242,46.8785285949707,79.34577941894531,45.91326141357422,56.88139724731445,24.53774642944336,178.6595001220703,289.4323425292969,210.26522827148438,148.37301635742188,105.1038589477539
2021-07-21,141.8594970703125,270.64361572265625,19.365636825561523,51.456886291503906,89.41000366210938,148.10043334960938,32.2709846496582,381.98223876953125,65.8275375366211,98.06859588623047,135.49227905273438,34.20473861694336,332.3463439941406,40.83631896972656,57.371315002441406,48.38642120361328,82.05009460449219,48.06267166137695,59.02140426635742,25.609695434570312,179.25999450683594,290.3307800292969,211.7550811767578,149.61766052246094,106.75980377197266
2021-07-22,143.22544860839844,275.2024230957031,19.549219131469727,51.209800720214844,91.20999908447266,148.52854919433594,32.62501525878906,383.0232238769531,65.94819641113281,98.52964782714844,133.7815399169922,33.76005172729492,331.6433410644531,40.1497688293457,56.56005859375,47.8419075012207,81.22808837890625,47.76765441894531,58.63158416748047,25.204330444335938,181.90150451660156,290.5977478027344,214.21435546875,152.0326690673828,109.76740264892578
2021-07-23,144.9425506591797,278.5974426269531,19.513303756713867,48.50106430053711,92.1500015258789,150.110107421875,32.79022216796875,384.80120849609375,66.81852722167969,99.07450866699219,133.52452087402344,33.52883529663086,332.8357238769531,39.75745391845703,56.37412643432617,47.783267974853516,81.2609634399414,47.00323486328125,57.68489074707031,25.5916805267334,182.83200073242188,296.09539794921875,218.0647430419922,154.52195739746094,112.75706481933594
2021-07-26,145.36209106445312,278.0011901855469,19.249908447265625,49.699859619140625,91.81999969482422,150.1800537109375,32.892494201660156,380.96893310546875,66.56002044677734,98.73920440673828,134.4197540283203,33.9112548828125,334.48193359375,40.13193130493164,57.26991271972656,48.989566802978516,82.97891998291016,48.302757263183594,59.0054817199707,26.537517547607422,184.99099731445312,294.61871337890625,218.98028564453125,153.3423309326172,112.83761596679688
2021-07-27,143.19613647460938,275.5871276855469,19.164100646972656,48.66578674316406,91.02999877929688,150.87037658691406,33.12063217163086,382.40594482421875,67.0856704711914,98.88169860839844,134.2424774169922,33.77785110473633,333.5386657714844,40.24784469604492,57.44736099243164,48.44505310058594,82.69945526123047,47.84410095214844,57.859920501708984,26.285293579101562,181.3195037841797,291.1314392089844,221.107421875,152.8593292236328,112.81075286865234
2021-07-28,141.44972229003906,275.2792663574219,19.45842742919922,48.56512451171875,97.93000030517578,150.45094299316406,34.18270492553711,376.9430847167969,67.49929809570312,99.37628936767578,134.46408081054688,33.9112548828125,332.9958801269531,40.5777473449707,57.548770904541016,48.771766662597656,83.16796875,48.17535400390625,58.313377380371094,26.411409378051758,181.51600646972656,289.5835266113281,217.0056610107422,153.68600463867188,109.57046508789062
2021-07-29,142.0936737060547,275.54864501953125,19.6170654296875,49.14164352416992,102.94999694824219,150.45094299316406,33.96836471557617,379.6238098144531,66.2928695678711,99.64454650878906,135.61634826660156,34.40039825439453,335.9500732421875,41.46045684814453,58.14876937866211,49.366546630859375,84.31053161621094,48.48112106323242,58.63954162597656,26.69965934753418,179.99600219726562,291.2826843261719,219.01612854003906,155.1071319580078,109.54360961914062
2021-07-30,142.30828857421875,274.01934814453125,19.454435348510742,49.159950256347656,106.19000244140625,150.46841430664062,33.9842414855957,379.7528381347656,66.24117279052734,97.49019622802734,134.5349884033203,34.115806579589844,333.57421875,40.96113967895508,57.56983184814453,48.22725296020508,83.68582916259766,47.614768981933594,57.96334457397461,25.970012664794922,166.37950134277344,291.95880126953125,217.84039306640625,155.5901336669922,108.6932601928711
2021-08-02,141.97659301757812,273.93292236328125,19.704856872558594,49.12333679199219,108.62999725341797,150.52957153320312,34.897151947021484,382.8390197753906,65.64657592773438,96.77767181396484,133.99427795410156,33.76005172729492,336.51953125,40.8274040222168,57.663490295410156,48.23563003540039,83.53787231445312,47.0372200012207,56.97685623168945,25.67275047302246,166.57400512695312,291.09588623046875,215.49781799316406,156.7418975830078,107.74443817138672
2021-08-03,143.77178955078125,276.1449279785156,19.769718170166016,49.47108459472656,112.55999755859375,152.3820343017578,36.26255416870117,388.67041015625,65.84477233886719,97.44827270507812,135.5188751220703,34.284786224365234,338.450439453125,41.75469207763672,58.64255905151367,48.75501251220703,84.33518981933594,48.10740280151367,58.61567687988281,26.033069610595703,168.31199645996094,295.2948303222656,212.6706085205078,159.0454559326172,106.6344985961914
2021-08-04,143.3717498779297,275.55828857421875,20.227663040161133,49.324668884277344,118.7699966430664,151.48199462890625,35.87357711791992,388.3386535644531,65.04336547851562,96.46751403808594,134.05636596679688,34.0357551574707,336.2259521484375,41.148399353027344,58.336063385009766,47.615718841552734,82.44465637207031,46.65500259399414,56.27679443359375,24.889055252075195,167.73599243164062,293.84478759765625,210.76783752441406,159.67701721191406,105.84679412841797
2021-08-05,143.47909545898438,278.4532470703125,20.5898380279541,49.635986328125,112.3499984741211,151.77037048339844,35.7703742980957,378.8039245605469,65.13815307617188,96.50104522705078,135.74932861328125,34.702781677246094,341.9563293457031,42.079708099365234,59.33217239379883,47.91728973388672,83.20907592773438,47.52135467529297,56.27679443359375,25.15028953552246,168.79949951171875,296.3356628417969,212.19493103027344,161.47894287109375,106.54499053955078
2021-08-06,142.7950897216797,278.3954772949219,20.3194522857666,49.66361618041992,110.11000061035156,151.26353454589844,35.77831268310547,382.4243469238281,65.00889587402344,95.93939971923828,139.60507202148438,35.70775604248047,354.0489196777344,43.673702239990234,60.507080078125,48.47018814086914,83.8009033203125,47.98849105834961,56.42792892456055,25.600690841674805,167.2469940185547,293.42657470703125,212.05128479003906,160.50369262695312,106.56289672851562
2021-08-09,142.74624633789062,277.30859375,20.248613357543945,49.783355712890625,107.58000183105469,151.78785705566406,36.500709533691406,378.5091857910156,64.90548706054688,95.61247253417969,139.4544219970703,36.17022705078125,355.8197021484375,43.566253662109375,60.89017868041992,47.91728973388672,82.4035415649414,47.0966682434082,55.19483184814453,25.213348388671875,167.093505859375,292.4659118652344,210.63319396972656,159.54698181152344,105.56932067871094
2021-08-10,142.2674560546875,275.4909362792969,19.890438079833984,49.682037353515625,106.4800033569336,151.84027099609375,38.255088806152344,379.34747314453125,64.79347229003906,96.24956512451172,141.1651153564453,36.84613037109375,363.0182800292969,44.44384002685547,62.13319396972656,48.73825454711914,83.90776824951172,47.97148895263672,54.67774200439453,25.600690841674805,166.03399658203125,294.8855895996094,209.5292205810547,160.0113983154297,104.18190002441406
2021-08-11,142.52154541015625,275.9814758300781,19.653982162475586,49.866249084472656,107.68000030517578,151.86647033691406,36.76268005371094,375.6256103515625,64.8106918334961,95.32746124267578,142.84927368164062,37.3086051940918,368.2860412597656,45.36620330810547,63.257015228271484,48.88066101074219,84.5406723022461,48.574554443359375,55.258480072021484,26.105133056640625,164.60549926757812,299.7962646484375,211.4140625,159.08258056640625,104.68511199951172
2021-08-12,145.482177734375,278.7320861816406,19.859512329101562,49.313621520996094,106.5,153.08981323242188,37.50094985961914,373.98583984375,65.52593231201172,96.93692779541016,143.40765380859375,37.486480712890625,369.27374267578125,45.80500411987305,63.112281799316406,48.770111083984375,84.3680648803711,48.447147369384766,55.5210075378418,25.717792510986328,165.1750030517578,297.1451721191406,212.4193115234375,158.4974365234375,104.01118469238281
2021-08-13,145.6873779296875,281.6558837890625,20.14185905456543,49.26756286621094,110.55000305175781,154.00729370117188,38.485313415527344,377.40362548828125,66.1119155883789,97.64107513427734,141.80331420898438,37.02400588989258,365.5187072753906,45.106502532958984,62.24387741088867,48.276893615722656,83.80911254882812,47.538333892822266,54.09699630737305,25.537635803222656,164.69850158691406,294.7432556152344,214.34902954101562,159.4727020263672,104.9187240600586
2021-08-16,147.66110229492188,283.3390197753906,19.904409408569336,49.249141693115234,107.4800033569336,155.39662170410156,38.82665252685547,384.3497619628906,67.15460205078125,99.25892639160156,140.87261962890625,36.72162628173828,363.3564147949219,44.246822357177734,61.38399124145508,47.57106399536133,82.95426940917969,46.5530891418457,52.44225311279297,25.024173736572266,164.94949340820312,298.06146240234375,216.27870178222656,160.0950164794922,105.61962127685547
2021-08-17,146.75241088867188,281.8770751953125,19.413532257080078,48.53071212768555,107.55999755859375,156.82095336914062,40.02535629272461,388.55987548828125,67.93016052246094,100.3067626953125,139.17076110839844,36.54375457763672,360.34881591796875,43.61997985839844,60.9753303527832,47.2479133605957,82.79808807373047,46.30677032470703,52.482032775878906,24.492704391479492,162.09800720214844,285.3401184082031,215.65936279296875,158.51597595214844,104.74803161621094
2021-08-18,143.01004028320312,280.1522521972656,18.99648666381836,48.07018280029297,103.44000244140625,154.8286895751953,39.144203186035156,384.4510803222656,67.0339584350586,98.32007598876953,137.90325927734375,36.276939392089844,354.8586120605469,42.95730972290039,60.54963684082031,46.252960205078125,80.55715942382812,45.46591567993164,51.99675750732422,24.150405883789062,160.06100463867188,286.05181884765625,213.68482971191406,156.79762268066406,103.94828033447266
2021-08-19,143.34228515625,285.9725036621094,19.752748489379883,48.30044937133789,103.69999694824219,156.03453063964844,38.73933410644531,394.1886291503906,67.61133575439453,98.8565673828125,136.75096130371094,35.74333190917969,350.20489501953125,42.31254577636719,59.459869384765625,44.8412971496582,78.54947662353516,44.54011917114258,51.12165451049805,23.81710433959961,159.3874969482422,287.2527770996094,212.92193603515625,153.8067169189453,102.72618865966797
2021-08-20,144.79820251464844,293.286376953125,20.7684268951416,47.90439224243164,104.6500015258789,156.79469299316406,38.67583465576172,395.8653259277344,67.80089569091797,99.60261535644531,137.14097595214844,35.903411865234375,352.25152587890625,42.46477508544922,59.808937072753906,44.84980010986328,78.55779266357422,44.820404052734375,51.288734436035156,23.835121154785156,159.99749755859375,292.8928527832031,214.0528106689453,155.85015869140625,103.00475311279297
2021-08-23,146.2834014892578,293.5657653808594,21.90781593322754,49.02808380126953,108.7699966430664,156.11788940429688,39.63637924194336,391.8578186035156,67.54238891601562,100.0552749633789,138.89601135253906,36.383663177490234,357.2166748046875,42.634918212890625,60.353824615478516,46.69514846801758,80.58214569091797,46.536102294921875,53.81060028076172,24.7629451751709,163.2935028076172,291.55841064453125,215.10289001464844,157.6428680419922,103.47203063964844
2021-08-24,146.1954803466797,291.609619140625,21.743192672729492,49.56230545043945,107.6500015258789,154.16651916503906,38.40592575073242,390.0614929199219,66.97364044189453,100.32351684570312,139.75579833984375,36.89060592651367,363.543212890625,43.30655288696289,61.332908630371094,47.07783889770508,81.50682830810547,47.06269454956055,54.45499801635742,25.420530319213867,165.28900146484375,289.0319519042969,213.99893188476562,157.8843536376953,103.40911865234375
2021-08-25,144.9643096923828,291.02178955078125,22.1622314453125,49.56230545043945,108.30000305175781,153.14688110351562,37.71527862548828,386.68048095703125,66.41349029541016,100.92707824707031,142.63650512695312,37.486480712890625,367.600830078125,44.13936233520508,62.303466796875,47.162872314453125,82.06498718261719,47.58080291748047,54.67774200439453,25.627714157104492,164.95899963378906,288.1245422363281,214.35794067382812,157.7543182373047,103.84941864013672
2021-08-26,144.16305541992188,288.2080993652344,22.017566680908203,48.935977935791016,107.2699966430664,152.32945251464844,37.61207962036133,384.0181579589844,65.98265075683594,100.92707824707031,143.37222290039062,37.38864517211914,366.9691162109375,43.9244499206543,61.673465728759766,46.525081634521484,80.99034881591797,46.82487869262695,53.64353561401367,25.339454650878906,165.8000030517578,285.9895324707031,212.6706085205078,155.04209899902344,102.72618865966797
2021-08-27,145.19882202148438,288.8152160644531,22.584259033203125,49.635986328125,111.4000015258789,152.00421142578125,36.992889404296875,385.77777099609375,65.7499771118164,100.23970794677734,144.52450561523438,37.788856506347656,373.44696044921875,44.60502243041992,62.141693115234375,47.42649841308594,82.17327880859375,48.19234848022461,55.39371871948242,26.195213317871094,167.48150634765625,287.6797790527344,213.14627075195312,155.9119873046875,103.44508361816406
2021-08-30,149.61538696289062,292.5443115234375,22.636146545410156,49.682037353515625,111.31999969482422,152.6458740234375,37.11990737915039,385.3539733886719,65.92232513427734,101.069580078125,142.21107482910156,37.050682067871094,368.02789306640625,43.35132598876953,61.01789855957031,46.907752990722656,81.96501922607422,47.73369216918945,53.61170196533203,25.474573135375977,171.07850646972656,290.9891357421875,212.3474884033203,156.3306884765625,103.88538360595703
2021-08-31,148.3549041748047,290.89654541015625,22.337779998779297,49.79256820678711,110.72000122070312,152.17999267578125,36.57215118408203,383.4838562011719,65.74137878417969,101.24560546875,141.77674865722656,37.13072967529297,369.7357482910156,40.92451095581055,61.222232818603516,46.36350631713867,80.61546325683594,47.16461181640625,53.715126037597656,25.370525360107422,173.5395050048828,290.170654296875,214.2967987060547,153.269775390625,105.57469940185547
2021-09-01,149.01934814453125,290.8483581542969,22.393659591674805,49.433349609375,109.98999786376953,152.71620178222656,36.548336029052734,384.4787292480469,65.64657592773438,94.11196899414062,141.5728759765625,36.632686614990234,369.8699035644531,38.90962600708008,60.71140670776367,45.7257080078125,79.73242950439453,46.41719055175781,52.79228973388672,25.31623077392578,173.9499969482422,289.3749084472656,214.91949462890625,153.10227966308594,105.53875732421875
2021-09-02,150.1331787109375,290.1930847167969,22.348751068115234,49.488616943359375,109.19999694824219,153.76219177246094,37.18342590332031,390.3377990722656,66.45659637451172,93.90241241455078,142.22877502441406,36.66844940185547,370.6209411621094,39.91259002685547,60.87314987182617,46.839725494384766,81.39852142333984,48.073429107666016,54.383392333984375,25.88625717163086,173.156005859375,293.040771484375,216.47171020507812,152.2742462158203,105.46688842773438
2021-09-03,150.76832580566406,290.18353271484375,22.794809341430664,49.285980224609375,109.91999816894531,153.85887145996094,37.18342590332031,389.55474853515625,66.5772476196289,93.56710815429688,141.36903381347656,36.69526672363281,367.76861572265625,39.55438995361328,60.592201232910156,46.661136627197266,81.21527099609375,47.767662048339844,54.08902359008789,25.415761947631836,173.90249633789062,295.3656005859375,215.5241241455078,151.9207000732422,105.30512237548828
2021-09-07,153.10365295410156,289.2584228515625,22.614194869995117,49.414939880371094,109.1500015258789,151.46803283691406,37.111961364746094,388.06231689453125,65.47422790527344,91.39599609375,141.12081909179688,36.93663024902344,366.8834533691406,39.67976379394531,60.29423141479492,46.389007568359375,80.85704803466797,47.54682922363281,53.83446502685547,25.180517196655273,175.46449279785156,294.1227111816406,213.15066528320312,151.3159637451172,104.04711151123047
2021-09-08,151.55978393554688,289.28729248046875,22.291879653930664,49.341243743896484,106.16999816894531,151.09881591796875,36.921443939208984,382.6732177734375,64.9399642944336,92.5108871459961,140.49148559570312,36.45390319824219,362.1265869140625,39.240966796875,59.63016891479492,45.96381378173828,80.29889678955078,46.95228576660156,53.444644927978516,24.121906280517578,176.27499389648438,296.4742431640625,215.34361267089844,149.52035522460938,106.06893920898438
2021-09-09,150.5436248779297,286.4349670410156,22.130220413208008,49.18466567993164,106.1500015258789,147.7322998046875,36.540401458740234,381.8992614746094,63.61289596557617,89.920654296875,141.10308837890625,36.58799743652344,361.75103759765625,39.72453689575195,59.987735748291016,45.997825622558594,79.9739990234375,47.207088470458984,53.579891204833984,24.085704803466797,174.20799255371094,296.6441650390625,215.3345947265625,151.9672088623047,106.74285888671875
2021-09-10,145.560302734375,284.9510803222656,22.430580139160156,49.589935302734375,105.19999694824219,146.7654266357422,36.19110870361328,373.40338134765625,63.29405975341797,89.42608642578125,139.48101806640625,35.998008728027344,360.7675476074219,39.697669982910156,59.22999954223633,45.904296875,80.03231811523438,47.33448028564453,53.412811279296875,24.230478286743164,173.45750427246094,296.8050842285156,215.8489990234375,152.1997833251953,107.23709869384766
2021-09-13,146.1270751953125,286.1844482421875,22.105266571044922,50.64915466308594,104.80000305175781,145.7369384765625,35.38933563232422,383.2120361328125,63.06139373779297,90.09671020507812,141.69692993164062,36.59693145751953,365.9356689453125,40.978233337402344,60.038814544677734,47.086341857910156,81.61514282226562,48.91428756713867,55.75967025756836,25.433860778808594,172.85850524902344,299.93450927734375,217.68099975585938,148.41319274902344,107.09330749511719
2021-09-14,144.72979736328125,288.8825988769531,22.195083618164062,50.21625518798828,105.7300033569336,144.85797119140625,35.49253463745117,381.3816223144531,62.696205139160156,89.25843048095703,139.22393798828125,35.61362838745117,360.9552917480469,41.237937927246094,58.557430267333984,46.41453170776367,80.14059448242188,48.36221694946289,55.30621337890625,25.035751342773438,172.5,297.8512268066406,217.60877990722656,147.70611572265625,106.80577850341797
2021-09-15,145.6189422607422,293.7296142578125,22.293872833251953,50.768882751464844,105.5999984741211,145.40298461914062,35.540164947509766,385.9853820800781,63.30482864379883,90.33979797363281,140.19009399414062,35.881797790527344,359.39947509765625,41.76627731323242,59.979217529296875,47.979244232177734,81.8400650024414,50.38367462158203,59.912410736083984,26.456283569335938,173.7895050048828,298.0747375488281,217.47344970703125,146.91529846191406,103.01374053955078
2021-09-16,145.38446044921875,294.1150207519531,22.195083618164062,50.50178146362305,106.22000122070312,145.2271728515625,35.30200958251953,385.3567810058594,62.57449722290039,90.59965515136719,140.1280517578125,36.15890884399414,354.6874084472656,41.443904876708984,59.596099853515625,47.46901321411133,81.07365417480469,50.307220458984375,58.84639358520508,26.11246109008789,174.41200256347656,300.7749938964844,219.48590087890625,146.62689208984375,103.04070281982422
2021-09-17,142.7169647216797,288.9596862792969,21.853801727294922,49.97677993774414,103.87999725341797,144.8140106201172,34.841583251953125,388.4259948730469,62.322364807128906,90.30626678466797,139.7646484375,36.203609466552734,350.0199279785156,41.614044189453125,59.562049865722656,46.907752990722656,80.60714721679688,50.04392623901367,59.06911849975586,25.61482048034668,173.12600708007812,300.1312561035156,218.836181640625,145.52902221679688,101.90849304199219
2021-09-20,139.66836547851562,283.59228515625,21.068464279174805,48.79781723022461,101.55000305175781,143.98779296875,35.08768081665039,381.529541015625,62.53970718383789,89.19135284423828,135.5809326171875,34.96106719970703,338.1010437011719,41.023014068603516,57.29741287231445,45.65767288208008,78.95767211914062,48.472625732421875,56.9052619934082,24.655733108520508,167.7864990234375,296.1434326171875,215.7677764892578,143.51016235351562,100.47972869873047
2021-09-21,140.1471405029297,284.07415771484375,21.201183319091797,48.69649887084961,102.81999969482422,144.62063598632812,34.86539840698242,381.19671630859375,62.57449722290039,89.82008361816406,135.5986328125,34.97895050048828,336.05352783203125,41.058834075927734,56.990901947021484,45.61515808105469,79.01597595214844,50.39216613769531,57.446231842041016,24.366195678710938,167.18150329589844,298.834716796875,217.04025268554688,144.2265167236328,100.83917999267578
2021-09-22,142.51174926757812,287.716552734375,21.894718170166016,49.276771545410156,104.37999725341797,144.09327697753906,34.88922119140625,377.83160400390625,62.635353088378906,89.19974517822266,138.1957550048828,35.881797790527344,344.6640625,42.160308837890625,58.09767532348633,46.95027160644531,81.34022521972656,52.880767822265625,59.34757995605469,24.56525421142578,169.00250244140625,300.3636779785156,219.4136962890625,146.47804260253906,101.60297393798828
2021-09-23,143.46932983398438,288.66094970703125,22.434572219848633,49.76493453979492,106.1500015258789,144.91073608398438,35.079734802246094,377.2122802734375,63.513511657714844,89.99610137939453,142.86695861816406,37.26736831665039,350.3776550292969,42.8050651550293,60.345306396484375,48.54051208496094,83.35623931884766,54.112327575683594,61.153472900390625,26.130552291870117,170.8000030517578,300.3458557128906,220.90277099609375,148.46902465820312,102.56446838378906
2021-09-24,143.55723571777344,288.45855712890625,22.034414291381836,49.939937591552734,105.80000305175781,144.47125244140625,34.88127517700195,376.333984375,64.00041961669922,89.75300598144531,144.51568603515625,37.66963577270508,349.47454833984375,42.91252899169922,60.60072326660156,48.97420883178711,83.80609130859375,55.2249870300293,62.1319694519043,26.248178482055664,171.2760009765625,301.7585144042969,222.3827667236328,139.17457580566406,102.5374984741211
2021-09-27,142.04273986816406,283.4671325683594,21.61430549621582,50.3452033996582,108.16000366210938,143.4252166748047,34.58756637573242,374.6606750488281,63.78303909301758,90.29788208007812,148.0079803466797,38.67082214355469,357.4860534667969,42.59015655517578,61.520206451416016,50.42839050292969,85.78044891357422,56.6603889465332,65.08345031738281,27.315845489501953,170.2899932861328,305.2635192871094,223.9079132080078,137.73248291015625,102.1511001586914
2021-09-28,138.66192626953125,273.20458984375,20.655332565307617,49.7373046875,101.5199966430664,143.1088104248047,34.16682434082031,368.512939453125,63.748260498046875,89.97933959960938,147.21023559570312,38.581424713134766,348.2674560546875,41.121524810791016,60.762481689453125,50.95562744140625,86.10535430908203,57.58618927001953,65.01982116699219,27.96729278564453,165.79800415039062,298.459228515625,219.99124145507812,135.18328857421875,100.38088989257812
2021-09-29,139.56085205078125,273.6671447753906,20.473716735839844,49.26756286621094,100.3499984741211,144.1724090576172,34.5557975769043,370.16766357421875,65.28717041015625,91.23672485351562,147.09506225585938,38.50096893310547,344.1455078125,42.11552429199219,60.898704528808594,50.9216194152832,86.08035278320312,57.7900276184082,65.68806457519531,27.442506790161133,165.05599975585938,301.2578430175781,220.4515380859375,135.85316467285156,100.79424285888672
2021-09-30,138.2612762451172,271.66278076171875,20.672298431396484,49.07413864135742,102.9000015258789,141.95733642578125,34.14300537109375,361.22802734375,65.30457305908203,90.42361450195312,145.091796875,37.946746826171875,338.0117492675781,41.560325622558594,59.749351501464844,50.020198822021484,84.51420593261719,57.56071472167969,63.85831069946289,26.81819725036621,164.2519989013672,293.50579833984375,217.59075927734375,135.11813354492188,99.12287902832031
2021-10-01,139.3849639892578,278.5815734863281,20.6982421875,49.60835647583008,102.44999694824219,141.05194091796875,34.079490661621094,362.7904052734375,70.7734375,91.4462890625,148.1409454345703,38.50991439819336,339.7731628417969,42.1065788269043,60.60072326660156,51.81452560424805,86.9134292602539,59.53970718383789,66.75410461425781,27.469655990600586,164.16299438476562,294.9363708496094,219.2332000732422,136.8207550048828,101.46817779541016
2021-10-04,135.95530700683594,272.8094177246094,19.69037628173828,49.249141693115234,100.33999633789062,139.95318603515625,33.67464065551758,357.77978515625,72.25149536132812,91.14453125,147.98141479492188,38.74233627319336,334.5423583984375,42.1065788269043,60.694366455078125,52.4863395690918,87.23831176757812,60.720298767089844,68.73500061035156,27.940147399902344,159.48899841308594,291.9052429199219,219.36859130859375,136.89517211914062,100.15624237060547
2021-10-05,137.8802490234375,278.25390625,20.40786361694336,49.691253662109375,101.80999755859375,140.26966857910156,33.59526062011719,363.7148742675781,70.94732666015625,91.79838562011719,150.39793395996094,39.52897262573242,344.96807861328125,42.9483528137207,61.75007247924805,52.40130615234375,88.18800354003906,60.92414855957031,69.2918701171875,27.677757263183594,161.0500030517578,294.5965881347656,221.29981994628906,139.05361938476562,99.60810089111328
2021-10-06,138.74986267089844,282.4456481933594,20.656333923339844,49.7188835144043,103.63999938964844,140.5597381591797,33.35710525512695,364.4729309082031,70.1300277709961,91.63909912109375,150.71896362304688,39.54685592651367,346.9709777832031,42.86774826049805,61.65641403198242,51.44036102294922,87.41326904296875,60.99211120605469,68.87025451660156,27.089643478393555,163.10049438476562,295.3833923339844,222.99644470214844,138.43959045410156,100.31797790527344
2021-10-07,140.01034545898438,284.1223449707031,21.030542373657227,49.9030876159668,106.44999694824219,141.81668090820312,33.928672790527344,374.13372802734375,71.24293518066406,92.93840789794922,151.6731719970703,39.43959045410156,349.2689514160156,42.769256591796875,61.460609436035156,51.58492660522461,88.03804779052734,60.7372932434082,68.24971008300781,28.066822052001953,165.1215057373047,301.7495422363281,224.09742736816406,141.27725219726562,100.83016967773438
2021-10-08,139.62925720214844,284.1223449707031,20.78705596923828,49.56230545043945,105.05999755859375,141.45626831054688,33.698463439941406,377.60968017578125,70.10394287109375,93.1982650756836,151.7890625,39.636253356933594,351.2270202636719,42.98417282104492,61.59683609008789,52.87752151489258,90.01241302490234,63.63357925415039,72.02059936523438,28.64589500427246,164.43099975585938,298.94207763671875,223.5379180908203,141.86334228515625,99.94058990478516
2021-10-11,139.54135131835938,283.52484130859375,20.651344299316406,49.22151184082031,104.68000030517578,140.8585662841797,33.388858795166016,374.4018249511719,69.49533081054688,92.49412536621094,148.5966796875,39.13565444946289,344.45843505859375,42.33940887451172,61.02639389038086,52.350276947021484,89.24598693847656,62.826725006103516,71.72624969482422,29.369728088378906,162.31500244140625,301.2936706542969,222.52711486816406,139.8165283203125,99.68897247314453
2021-10-12,138.27110290527344,282.2239990234375,20.62739372253418,48.051761627197266,105.04000091552734,138.60833740234375,33.2221565246582,372.7839660644531,69.19973754882812,91.01039123535156,147.4552764892578,38.92110824584961,345.61187744140625,41.77524185180664,60.140987396240234,52.078155517578125,89.26266479492188,62.35107421875,71.69441223144531,29.74974250793457,162.3665008544922,302.03570556640625,220.6681365966797,142.6728057861328,99.74290466308594
2021-10-13,137.68479919433594,285.5292663574219,20.894826889038086,48.13465118408203,109.16000366210938,139.93563842773438,32.880802154541016,373.0705871582031,68.64328002929688,90.97688293457031,143.56736755371094,38.563541412353516,345.4151306152344,41.237937927246094,59.81745529174805,51.933589935302734,89.79580688476562,62.198177337646484,71.92513275146484,29.64116668701172,164.21400451660156,302.46490478515625,218.98052978515625,145.41737365722656,99.52722930908203
2021-10-14,140.4695587158203,291.7348937988281,21.70012092590332,49.64519500732422,111.98999786376953,140.7355194091797,33.079254150390625,388.6109313964844,68.10421752929688,92.40222930908203,145.76991271972656,40.28881072998047,349.7874755859375,40.575260162353516,60.277198791503906,52.724449157714844,90.64553833007812,62.72478485107422,72.38306427001953,30.328813552856445,164.9929962158203,307.6240234375,220.69520568847656,146.1988983154297,100.52466583251953
2021-10-15,141.5248565673828,293.1417236328125,21.815881729125977,50.160987854003906,112.12000274658203,141.781494140625,32.93637466430664,395.7386474609375,68.10421752929688,92.75856018066406,148.5699462890625,41.450897216796875,363.08331298828125,43.32445526123047,61.54573440551758,53.22618865966797,91.31198120117188,62.971092224121094,71.62385559082031,30.763126373291016,170.4510040283203,313.3106689453125,218.6195526123047,147.00833129882812,100.14726257324219
2021-10-18,143.1957244873047,296.1097412109375,22.175121307373047,50.17020034790039,116.43000030517578,140.74427795410156,32.80141830444336,392.5491943359375,67.0782470703125,91.14655303955078,148.51644897460938,41.37044906616211,369.896728515625,44.264732360839844,60.96681594848633,53.2006721496582,91.27031707763672,63.276851654052734,71.3760757446289,30.907886505126953,172.33700561523438,317.4236145019531,218.6285400390625,148.32945251464844,101.8725357055664
2021-10-19,145.3551483154297,297.0155944824219,22.242977142333984,50.851783752441406,116.33000183105469,144.04054260253906,33.41267013549805,392.3273010253906,69.11278533935547,91.16352844238281,150.3177490234375,41.549224853515625,368.5286560058594,45.079647064208984,61.09451675415039,54.00004196166992,93.05309295654297,63.97333526611328,72.055419921875,31.251705169677734,172.20750427246094,320.0881652832031,219.0888214111328,146.83155822753906,101.98036193847656
2021-10-20,145.8436737060547,296.2253112792969,22.05637550354004,50.9991569519043,116.38999938964844,143.96142578125,33.97629928588867,402.2283935546875,70.48650360107422,91.97801208496094,152.34193420410156,42.09451675415039,364.710693359375,44.918460845947266,61.145599365234375,54.29767608642578,94.26936340332031,64.56786346435547,74.40502166748047,31.43267250061035,170.7530059814453,320.3027648925781,216.3363494873047,147.417724609375,102.3128433227539
2021-10-21,146.0586700439453,299.4535217285156,22.644128799438477,51.579429626464844,119.33000183105469,143.6273956298828,34.02394104003906,408.8753967285156,70.5734634399414,92.27498626708984,151.14700317382812,41.86210250854492,364.4424743652344,45.0706901550293,60.03030776977539,53.31122589111328,93.08639526367188,63.35331344604492,72.64680480957031,31.034557342529297,171.75050354003906,326.01611328125,217.8524627685547,150.88796997070312,102.83401489257812
2021-10-22,145.28675842285156,297.91168212890625,22.678056716918945,45.555686950683594,119.81999969482422,143.90867614746094,34.262081146240234,415.23577880859375,70.55606842041016,92.59735870361328,153.18011474609375,42.523597717285156,370.4600524902344,45.36620330810547,60.762481689453125,53.6768913269043,93.9694595336914,64.31307983398438,73.52590942382812,30.681684494018555,166.77749633789062,327.2410888671875,215.18121337890625,152.0974884033203,102.93287658691406
2021-10-25,145.23789978027344,296.9191589355469,23.11713218688965,45.5096321105957,122.36000061035156,144.22511291503906,34.254150390625,415.540771484375,70.99949645996094,92.05437469482422,152.43109130859375,42.46995162963867,370.8445129394531,45.33038330078125,60.30275344848633,54.722877502441406,94.84416961669922,64.99256134033203,75.15625762939453,31.088844299316406,166.01849365234375,331.9530944824219,214.18849182128906,152.78594970703125,103.07664489746094
2021-10-26,145.90232849121094,298.8271179199219,24.664857864379883,44.46883773803711,122.93000030517578,145.69300842285156,34.579620361328125,420.30181884765625,71.51245880126953,92.89430236816406,152.84129333496094,42.872222900390625,373.4017333984375,45.33934020996094,60.14948654174805,55.989959716796875,95.05244445800781,65.42574310302734,75.92350006103516,30.99836540222168,168.80349731445312,330.111328125,213.35826110839844,152.38587951660156,103.2653579711914
2021-10-27,145.4430694580078,311.4119567871094,24.399417877197266,44.109619140625,122.27999877929688,143.92626953125,34.11125564575195,419.2294921875,70.89515686035156,91.96954345703125,149.6578369140625,42.04981994628906,367.48248291015625,44.819950103759766,59.86002731323242,54.535797119140625,93.36131286621094,63.59718704223633,74.3570785522461,29.442115783691406,169.62449645996094,332.90093994140625,219.05270385742188,151.046142578125,101.99834442138672
2021-10-28,149.07794189453125,312.5489501953125,24.888381958007812,44.28462219238281,121.16000366210938,143.14398193359375,34.27796173095703,421.0413818359375,75.25114440917969,93.04702758789062,151.91392517089844,42.71132278442383,370.9071044921875,45.9930534362793,60.345306396484375,54.688865661621094,94.23603820800781,64.21240234375,74.97247314453125,30.1297550201416,172.32850646972656,332.2303466796875,221.55252075195312,153.00924682617188,101.71977996826172
2021-10-29,146.37132263183594,319.5545349121094,25.5130615234375,45.13199996948242,120.2300033569336,143.1703338623047,34.72251510620117,425.6915588378906,76.5552978515625,97.28916931152344,151.49478149414062,42.71132278442383,369.5927429199219,45.813961029052734,59.307674407958984,54.82492446899414,95.37733459472656,63.64845657348633,73.8935546875,29.18876838684082,168.6215057373047,332.38232421875,221.59762573242188,155.6422119140625,95.31287384033203
2021-11-01,145.55055236816406,317.3863830566406,25.772512435913086,45.638580322265625,125.2300033569336,143.2934112548828,34.64311981201172,419.8118591308594,76.37271118164062,97.40794372558594,151.41452026367188,42.773902893066406,372.5881042480469,46.306488037109375,59.69356918334961,55.81138610839844,95.41065216064453,63.733909606933594,74.6927261352539,30.1297550201416,165.90550231933594,327.6792297363281,226.1370086669922,154.74903869628906,98.66460418701172
2021-11-02,146.58631896972656,321.0096130371094,26.345304489135742,45.924110412597656,127.62999725341797,145.5524139404297,36.07997512817383,417.8982238769531,77.39866638183594,98.86724090576172,152.01199340820312,42.800716400146484,378.981201171875,45.93932342529297,58.827449798583984,55.122562408447266,94.8275146484375,62.40094757080078,74.18125915527344,30.03927993774414,165.6374969482422,328.403564453125,224.9276885986328,156.14462280273438,100.14726257324219
2021-11-03,148.0226593017578,321.8479309082031,26.54189109802246,46.412269592285156,130.52999877929688,145.0865478515625,35.57986068725586,422.78857421875,77.1030502319336,99.7496109008789,152.0655059814453,43.23873519897461,373.6611022949219,46.56617736816406,59.170467376708984,54.36571502685547,94.14439392089844,62.15315628051758,72.68675994873047,29.840225219726562,169.1999969482422,329.9056396484375,225.9745635986328,160.489501953125,101.18961334228516
2021-11-04,147.5048065185547,324.1991882324219,29.738128662109375,46.66083526611328,137.5,144.6822052001953,35.11538314819336,422.26165771484375,78.72022247314453,99.31689453125,150.06800842285156,42.3090705871582,364.8717041015625,45.50540542602539,57.45539093017578,54.77390670776367,94.5609130859375,62.64018249511719,72.64680480957031,29.99403953552246,173.85000610351562,332.7757263183594,228.7360382080078,163.22474670410156,100.7852554321289
2021-11-05,148.033203125,323.83294677734375,29.689239501953125,47.22658920288086,136.33999633789062,143.65377807617188,38.927223205566406,421.3835144042969,70.95600891113281,99.41871643066406,149.85400390625,41.98725128173828,363.98651123046875,45.343597412109375,57.44681167602539,55.292633056640625,95.58558654785156,64.46875,76.01940155029297,30.319761276245117,175.94949340820312,329.3959655761719,229.86415100097656,165.150634765625,105.05353546142578
2021-11-08,147.21124267578125,324.7291259765625,30.739017486572266,47.81088638305664,150.16000366210938,143.16151428222656,38.7030029296875,427.6790771484375,71.88632202148438,98.46849060058594,150.75466918945312,42.317996978759766,365.1130065917969,45.73015213012695,58.69881820678711,55.8879280090332,95.9271469116211,64.87886810302734,77.51388549804688,31.034557342529297,174.44900512695312,329.56585693359375,228.4111785888672,159.8846893310547,103.48101806640625
2021-11-09,147.5733184814453,323.7270202636719,30.592327117919922,47.48627853393555,148.9199981689453,142.8450927734375,37.878173828125,429.2784423828125,71.92110443115234,98.0866928100586,149.61326599121094,41.90679168701172,362.4395751953125,44.84916687011719,58.30434799194336,56.43217468261719,96.63525390625,64.72505950927734,77.60978698730469,30.889785766601562,178.81149291992188,331.40771484375,228.0050506591797,161.717529296875,102.55546569824219
2021-11-10,144.7452850341797,318.76434326171875,29.3968505859375,47.07819366455078,139.8699951171875,144.39212036132812,39.25556945800781,425.16455078125,73.04271697998047,99.05391693115234,149.47056579589844,42.21966552734375,356.86907958984375,45.27168655395508,58.49301528930664,55.32041931152344,95.09408569335938,62.375301361083984,75.35608673095703,29.61402130126953,174.1024932861328,329.5569152832031,228.438232421875,156.54464721679688,102.20350646972656
2021-11-11,144.6964111328125,320.3349914550781,30.32588768005371,46.86487579345703,146.00999450683594,143.32855224609375,40.18450164794922,422.8441467285156,73.0513916015625,98.95207214355469,149.46163940429688,42.45209503173828,359.74822998046875,45.47844314575195,59.058998107910156,55.42383575439453,95.1024169921875,61.64048385620117,75.85955810546875,29.659265518188477,173.625,328.70745849609375,225.75796508789062,155.344482421875,100.5700454711914
2021-11-12,146.77085876464844,324.468994140625,30.32588768005371,46.66083526611328,147.88999938964844,145.04257202148438,39.82413101196289,424.3232727050781,73.03399658203125,99.24055480957031,148.79287719726562,41.93361282348633,362.0461730957031,45.81105422973633,59.307674407958984,55.00155258178711,95.16073608398438,61.82846450805664,75.7956314086914,29.64116668701172,176.25750732421875,333.1781311035156,226.21823120117188,157.31687927246094,100.82274627685547
2021-11-15,146.78070068359375,323.8426208496094,29.961660385131836,46.670108795166016,146.49000549316406,143.73289489746094,39.76007080078125,416.7518005371094,72.76448822021484,99.13026428222656,148.5253448486328,42.05876541137695,361.95672607421875,45.91892623901367,58.947513580322266,55.475547790527344,97.31836700439453,62.13608169555664,74.48493957519531,29.6049747467041,177.28399658203125,331.7922058105469,228.2667694091797,157.09359741210938,100.95809936523438
2021-11-16,147.75921630859375,327.1573791503906,30.139280319213867,46.93907165527344,152.4499969482422,142.9857177734375,39.720027923583984,415.66094970703125,73.12964630126953,98.77391815185547,147.4552764892578,42.08557891845703,360.4187927246094,45.280662536621094,58.089962005615234,56.03573226928711,97.70158386230469,62.067710876464844,73.44598388671875,29.758787155151367,177.03500366210938,350.7923889160156,227.83363342285156,159.86610412597656,101.28300476074219
2021-11-17,150.19580078125,327.3795166015625,29.19927215576172,46.58663558959961,151.33999633789062,143.52191162109375,40.73705291748047,415.0415954589844,71.81678771972656,99.56295776367188,146.66163635253906,41.576045989990234,350.10040283203125,44.80423355102539,57.32676315307617,55.42383575439453,97.26338195800781,61.49523162841797,71.99146270751953,29.0078067779541,177.4499969482422,353.04559326171875,228.04110717773438,159.78236389160156,101.5447006225586
2021-11-18,154.48175048828125,329.455078125,31.608179092407227,46.07653045654297,155.02000427246094,142.74839782714844,41.16948318481445,415.5223388671875,72.20804595947266,99.32538604736328,145.3954315185547,41.40620040893555,349.93951416015625,44.85816192626953,57.549713134765625,54.8205680847168,96.44596099853516,62.13608169555664,71.62385559082031,28.826852798461914,184.80299377441406,362.8809509277344,228.75408935546875,159.41954040527344,101.88764953613281
2021-11-19,157.10426330566406,331.2313232421875,32.91542053222656,45.92813491821289,155.41000366210938,143.17909240722656,40.68098831176758,406.7676086425781,70.164794921875,98.62118530273438,143.49603271484375,40.58380126953125,346.3808288574219,43.88727569580078,56.88941192626953,52.286800384521484,94.30554962158203,59.478729248046875,68.47499084472656,27.189165115356445,183.82850646972656,365.4203186035156,227.3733673095703,162.70376586914062,99.97441864013672
2021-11-22,157.56417846679688,328.06488037109375,31.888587951660156,46.21565246582031,152.52000427246094,141.2946014404297,41.00131607055664,404.493408203125,70.98210144042969,98.12063598632812,146.5546417236328,41.37044906616211,354.2224426269531,45.253700256347656,57.48969268798828,53.01073455810547,95.99092102050781,61.426856994628906,69.29818725585938,27.45155906677246,178.6284942626953,365.50970458984375,228.75408935546875,162.10829162597656,100.5790786743164
2021-11-23,157.94578552246094,325.9892883300781,31.67903709411621,45.538597106933594,149.9199981689453,142.17047119140625,40.90522003173828,413.3591003417969,71.99067687988281,100.8610610961914,150.05909729003906,42.46102523803711,363.3247375488281,46.206607818603516,58.37295913696289,54.40689468383789,98.00494384765625,63.04179382324219,73.33412170410156,28.211589813232422,179.0019989013672,365.1341247558594,230.71241760253906,160.16383361816406,102.50131225585938
2021-11-24,158.46441650390625,326.2113952636719,32.60507583618164,46.15072250366211,157.8000030517578,141.77235412597656,40.75307083129883,416.1601257324219,71.53854370117188,100.67439270019531,148.88201904296875,42.57722854614258,356.9316711425781,46.12569046020508,57.69550704956055,54.708526611328125,98.75492858886719,63.93897247314453,74.36508178710938,28.419692993164062,179.02049255371094,368.47821044921875,232.03001403808594,160.05213928222656,102.85325622558594
2021-11-26,153.4445343017578,318.26629638671875,31.436540603637695,45.2418098449707,154.80999755859375,140.85223388671875,43.24357604980469,406.68438720703125,68.82585906982422,98.85028076171875,144.3966827392578,40.905601501464844,348.1690979003906,43.53668212890625,56.1690673828125,52.78665542602539,96.49651336669922,61.0765495300293,69.8656234741211,26.872493743896484,175.22799682617188,360.06451416015625,225.6226043701172,156.32138061523438,99.86613464355469
2021-11-29,156.80088806152344,324.9757080078125,33.305599212646484,46.373321533203125,161.91000366210938,141.3388671875,41.9622917175293,417.8612365722656,65.11328887939453,99.17268371582031,143.7724609375,40.753639221191406,345.62078857421875,44.192928314208984,55.77460479736328,53.07967758178711,96.78302764892578,61.649017333984375,70.64083862304688,26.827251434326172,178.07850646972656,363.74835205078125,225.88427734375,158.0425567626953,99.9293212890625
2021-11-30,161.75228881835938,319.144775390625,32.60706329345703,45.63134765625,158.3699951171875,137.9590606689453,43.027366638183594,410.66888427734375,65.13069915771484,97.80670166015625,141.63233947753906,39.7524528503418,340.6583251953125,42.952354431152344,54.62549591064453,51.57148742675781,95.11450958251953,59.923030853271484,69.52995300292969,26.0594539642334,175.35350036621094,358.19573974609375,221.96408081054688,157.45645141601562,98.94562530517578
2021-12-01,161.2336883544922,318.6524353027344,31.372528076171875,45.074867248535156,149.11000061035156,139.86129760742188,43.788124084472656,410.7798156738281,64.7220230102539,98.34122467041016,140.79412841796875,39.18928146362305,338.4021911621094,42.439945220947266,53.61359786987305,51.528404235839844,94.46562194824219,59.12837600708008,68.21126556396484,25.786867141723633,172.18600463867188,359.5066223144531,221.58294677734375,155.09332275390625,98.06120300292969
2021-12-02,160.2453155517578,318.0828857421875,32.06214904785156,45.909584045410156,150.67999267578125,138.98541259765625,42.47480392456055,412.3329162597656,64.24384307861328,99.15569305419922,143.75465393066406,40.32105255126953,348.34356689453125,43.96818923950195,54.71982955932617,52.81251525878906,97.02742004394531,60.88856887817383,69.17829895019531,26.640979766845703,171.8679962158203,366.1055603027344,225.775390625,158.1635284423828,100.552001953125
2021-12-03,158.3665771484375,311.8272399902344,30.631999969482422,45.6777229309082,144.00999450683594,141.01145935058594,43.45979690551758,416.7384033203125,63.7656364440918,100.83560180664062,141.1508026123047,39.40485763549805,344.02008056640625,42.92538833618164,53.81940460205078,52.476402282714844,96.41226959228516,60.760398864746094,68.72277069091797,26.568288803100586,169.489501953125,366.1414489746094,226.25636291503906,158.67147827148438,100.38956451416016
2021-12-06,161.7718963623047,314.8971252441406,29.977304458618164,47.291507720947266,139.05999755859375,144.16119384765625,41.22554397583008,426.74603271484375,63.8351936340332,102.95667266845703,142.81834411621094,39.6563606262207,349.9255676269531,43.87828826904297,53.61359786987305,53.07106399536133,97.92066955566406,62.21296310424805,69.9854736328125,27.267934799194336,171.36849975585938,373.225341796875,232.11849975585938,157.43185424804688,102.30277252197266
2021-12-07,167.50607299804688,323.32489013671875,32.36255645751953,48.75690841674805,144.85000610351562,144.5327911376953,41.41774368286133,431.0310363769531,62.84402847290039,103.09241485595703,144.96737670898438,40.15936279296875,359.6422119140625,45.17279815673828,53.9394645690918,53.66572189331055,99.3701171875,63.716796875,72.37509155273438,27.949405670166016,176.1645050048828,373.65631103515625,235.85726928710938,159.65011596679688,104.9198989868164
2021-12-08,171.32237243652344,323.3731384277344,31.76274871826172,47.99638366699219,145.24000549316406,145.39984130859375,41.16147994995117,434.8615417480469,63.652626037597656,103.39785766601562,143.30877685546875,39.665340423583984,357.1343994140625,44.41766357421875,53.5621452331543,53.82085418701172,99.81672668457031,63.32376480102539,71.99146270751953,28.221994400024414,176.1580047607422,369.2301025390625,235.55780029296875,158.68077087402344,104.9108657836914
2021-12-09,170.81353759765625,321.5680236816406,30.429401397705078,46.81850814819336,138.10000610351562,146.78004455566406,41.70603561401367,438.9981384277344,63.348304748535156,105.33226013183594,143.0858154296875,39.961761474609375,356.3883056640625,44.669376373291016,53.287723541259766,53.958740234375,99.55551147460938,61.99079895019531,71.03243255615234,27.82219886779785,174.17100524902344,369.31085205078125,238.0623779296875,156.67691040039062,104.09867095947266
2021-12-10,175.5985870361328,330.6811218261719,30.137983322143555,46.92052459716797,138.5500030517578,146.41732788085938,42.26659393310547,443.5521545410156,63.139652252197266,106.45218658447266,142.5151824951172,39.98870849609375,351.50750732421875,45.127845764160156,52.06145095825195,54.303462982177734,99.72403717041016,62.79399108886719,71.67176818847656,28.158390045166016,172.21200561523438,372.95599365234375,240.448974609375,157.57164001464844,105.34407043457031
2021-12-13,171.9682159423828,327.6498107910156,28.10503387451172,46.373321533203125,133.8000030517578,149.03614807128906,44.20454788208008,443.4685974121094,63.8351936340332,107.33456420898438,140.82089233398438,39.144386291503906,345.7369079589844,43.65354919433594,51.6069450378418,53.114158630371094,97.65099334716797,60.68351745605469,70.35311889648438,27.10438346862793,169.5675048828125,363.8341064453125,238.7429656982422,155.5025177001953,104.2881851196289
2021-12-14,170.58853149414062,316.9726867675781,28.280681610107422,46.0950813293457,135.60000610351562,150.66409301757812,44.47682189941406,444.6929016113281,64.70413208007812,107.99632263183594,141.8998260498047,39.638404846191406,349.494140625,43.9502067565918,52.00141525268555,53.03658676147461,97.93753051757812,60.39297866821289,69.75614166259766,26.958999633789062,169.0915069580078,361.104736328125,238.22567749023438,154.1603546142578,103.52110290527344
2021-12-15,175.45181274414062,323.0642395019531,30.398466110229492,46.994720458984375,146.5,151.41612243652344,47.08744812011719,458.5309753417969,66.08211517333984,110.4906997680664,140.83871459960938,39.467735290527344,350.4738464355469,43.995147705078125,51.65839385986328,52.803897857666016,97.38134765625,60.418601989746094,69.35543060302734,26.63189125061035,173.31500244140625,366.1414489746094,240.04058837890625,152.76226806640625,103.49401092529297
2021-12-16,168.56295776367188,313.6518249511719,28.330585479736328,47.14311218261719,138.63999938964844,153.07058715820312,49.04943084716797,457.1212463378906,66.62628936767578,111.8057632446289,143.04124450683594,40.41984558105469,357.17938232421875,45.217742919921875,52.37015151977539,52.89006805419922,98.29145812988281,61.26451110839844,70.48395538330078,26.98625373840332,168.87100219726562,358.7074890136719,240.97528076171875,151.66250610351562,102.51033782958984
2021-12-17,167.46693420410156,312.58984375,27.745750427246094,46.9483528137207,137.75,148.84149169921875,47.631996154785156,451.7973937988281,66.43318939208984,109.89680480957031,139.7864532470703,39.413848876953125,343.1841125488281,43.10518264770508,51.05812072753906,51.7352409362793,95.72966003417969,58.62425994873047,68.69302368164062,26.322959899902344,170.0175018310547,348.33770751953125,237.48159790039062,150.39488220214844,98.03414154052734
2021-12-20,166.10678100585938,308.83453369140625,27.663917541503906,46.0023307800293,135.8000030517578,148.4168243408203,48.865238189697266,448.65325927734375,67.06513977050781,111.02521514892578,137.2717742919922,38.767127990722656,334.02471923828125,42.11632537841797,49.97760772705078,50.985450744628906,95.77182006835938,58.61570739746094,68.34957122802734,25.8686466217041,167.07899475097656,349.6125793457031,237.50885009765625,146.3125457763672,97.54680633544922
2021-12-21,169.27728271484375,315.9591369628906,29.017215728759766,47.08747100830078,144.25,147.93907165527344,47.207576751708984,451.880859375,66.3015365600586,110.25313568115234,139.18898010253906,39.69230270385742,341.8538513183594,42.97932434082031,50.9209098815918,52.14029312133789,97.30552673339844,60.39297866821289,70.61480712890625,26.75910186767578,170.41700744628906,350.57330322265625,239.92266845703125,155.30677795410156,99.60442352294922
2021-12-22,171.87037658691406,321.66448974609375,29.341567993164062,47.2729606628418,143.8800048828125,148.57608032226562,47.688053131103516,458.2991027832031,66.84571838378906,112.03482818603516,139.7329559326172,39.77312469482422,343.6604919433594,43.177101135253906,51.109561920166016,52.56258773803711,97.86168670654297,60.7347526550293,71.3262710571289,26.804534912109375,171.03700256347656,355.2150573730469,240.42173767089844,154.19769287109375,100.84078216552734
2021-12-23,172.4966278076172,323.1028747558594,29.581092834472656,47.58830642700195,146.13999938964844,148.8592071533203,47.015377044677734,459.45855712890625,66.46829986572266,112.91720581054688,140.23231506347656,39.89888381958008,346.0964050292969,43.473758697509766,51.632667541503906,52.58843994140625,98.09765625,60.8287467956543,71.2935562133789,26.868135452270508,171.06849670410156,356.4989013671875,241.33831787109375,154.41201782226562,101.40933227539062
2021-12-27,176.45970153808594,330.59423828125,30.883495330810547,48.172603607177734,154.36000061035156,150.1155548095703,47.407779693603516,463.27972412109375,67.20555877685547,114.0371322631836,141.0348663330078,40.096492767333984,348.7930603027344,43.84232711791992,52.00999069213867,53.33823013305664,100.10324096679688,62.554771423339844,74.23755645751953,27.113466262817383,169.66949462890625,362.8016662597656,243.41635131835938,156.19219970703125,103.07889556884766
2021-12-28,175.4420166015625,329.435791015625,30.261737823486328,48.00566101074219,153.14999389648438,150.7172088623047,46.45480728149414,466.4703063964844,67.41622924804688,114.02015686035156,141.462890625,40.150386810302734,348.406494140625,43.52769088745117,51.984256744384766,53.165863037109375,99.909423828125,62.47785568237305,73.7795639038086,27.35879898071289,170.66099548339844,364.7139892578125,243.08966064453125,155.11105346679688,104.29718780517578
2021-12-29,175.5301055908203,330.1115417480469,29.941375732421875,48.07057571411133,148.25999450683594,151.7788848876953,46.11046600341797,468.91888427734375,67.53910827636719,114.8431396484375,141.39157104492188,40.08750534057617,347.13916015625,43.55467224121094,51.91566467285156,52.70048522949219,99.39537811279297,62.30695343017578,73.47701263427734,26.940828323364258,169.2010040283203,368.8619384765625,243.6432342529297,157.31065368652344,105.02820587158203
2021-12-30,174.3754119873047,327.57257080078125,29.527206420898438,47.98710632324219,145.14999389648438,152.45130920410156,46.76712417602539,467.852294921875,67.70585632324219,115.32673645019531,141.32020568847656,39.99768829345703,346.52789306640625,43.24002456665039,51.82133483886719,52.390220642089844,98.9571762084961,61.76009750366211,72.92911529541016,27.095294952392578,168.64450073242188,368.0538635253906,242.481689453125,156.1083526611328,104.90184783935547
2021-12-31,173.75897216796875,324.6764831542969,29.352550506591797,47.7645149230957,143.89999389648438,151.35421752929688,47.28765869140625,465.72833251953125,67.26701354980469,114.87706756591797,141.20431518554688,39.961761474609375,343.8583068847656,43.13215255737305,51.787025451660156,52.73495101928711,98.88976287841797,61.84579849243164,72.64286804199219,27.21341896057129,166.7169952392578,372.6058654785156,243.26206970214844,155.3440704345703,105.5606689453125
2022-01-03,178.10366821289062,323.1607666015625,30.061141967773438,49.350486755371094,150.24000549316406,151.77003479003906,45.36571502685547,465.85809326171875,67.46888732910156,114.89405059814453,144.19155883789062,41.47975158691406,355.3456726074219,45.60428237915039,54.1109733581543,54.76023864746094,100.49932098388672,63.2081298828125,74.54830169677734,28.821687698364258,170.4044952392578,366.88677978515625,243.724853515625,153.47999572753906,105.2989273071289
2022-01-04,175.8432159423828,317.6194763183594,29.23179054260254,49.285560607910156,144.4199981689453,151.3630828857422,43.66800308227539,455.3033752441406,67.5917739868164,114.67344665527344,149.6578369140625,43.10552215576172,366.2668151855469,47.420188903808594,54.53116226196289,56.81999588012695,102.32794952392578,65.94998931884766,77.97477722167969,30.22096824645996,167.52200317382812,370.6575927734375,243.66139221191406,155.08309936523438,103.09693145751953
2022-01-05,171.16578674316406,305.4267578125,27.54913902282715,49.96260452270508,136.14999389648438,152.37167358398438,44.54889678955078,454.1811218261719,69.23306274414062,115.27583312988281,146.9217529296875,42.377960205078125,358.3119812011719,47.006675720214844,53.89659118652344,57.526695251464844,102.99365234375,64.81897735595703,76.54366302490234,30.22096824645996,164.35699462890625,365.6297302246094,242.4635467529297,151.22447204589844,99.66761016845703
2022-01-06,168.30848693847656,303.0133056640625,28.12200164794922,50.09246063232422,136.22999572753906,151.84967041015625,43.916255950927734,435.5942077636719,69.18917083740234,114.73284149169922,148.48272705078125,43.23127365112305,356.7838439941406,48.21127700805664,55.663124084472656,58.87974548339844,103.87007904052734,67.25237274169922,78.11377716064453,30.938783645629883,163.25399780273438,364.3009948730469,244.732177734375,150.09666442871094,100.29932403564453
2022-01-07,168.474853515625,303.1677551269531,27.192853927612305,49.563804626464844,132.0,153.90228271484375,44.62096405029297,425.3454895019531,70.4793930053711,114.4358901977539,149.95388793945312,44.174407958984375,357.30517578125,49.23609924316406,56.40919494628906,59.36236572265625,105.36164093017578,69.09455108642578,80.27272033691406,31.829240798950195,162.5540008544922,353.39239501953125,242.34556579589844,146.30325317382812,97.0775375366211
2022-01-10,168.4944610595703,303.3897705078125,27.345544815063477,51.205413818359375,132.0,153.1414031982422,45.037391662597656,431.2814025878906,72.29624938964844,115.71702575683594,150.097412109375,43.94984817504883,358.79730224609375,49.75748825073242,56.62356948852539,59.00902557373047,105.4290542602539,69.42870330810547,80.1909408569336,31.9110164642334,161.48599243164062,347.8707580566406,239.9408416748047,140.2169647216797,95.687744140625
2022-01-11,171.32237243652344,304.07525634765625,27.761716842651367,51.85464859008789,137.30999755859375,151.51348876953125,45.39773941040039,434.991455078125,71.6818618774414,116.20911407470703,150.24990844726562,44.20134735107422,362.2848815917969,50.39575958251953,57.549713134765625,61.4910774230957,107.83912658691406,71.62218475341797,83.57650756835938,33.14675521850586,165.36199951171875,347.1615295410156,237.86276245117188,140.0865020751953,93.891845703125
2022-01-12,171.76271057128906,307.2513427734375,27.943357467651367,51.69697189331055,137.47000122070312,150.22171020507812,45.36571502685547,439.36907958984375,71.26932525634766,116.4805679321289,151.10214233398438,43.886962890625,350.8333740234375,50.70140838623047,57.69550704956055,61.310089111328125,107.29981994628906,72.31622314453125,84.04264068603516,33.11949920654297,165.20700073242188,349.6125793457031,236.77383422851562,141.86669921875,93.7384262084961
2022-01-13,168.4944610595703,294.2475891113281,26.522192001342773,50.95500183105469,132.74000549316406,149.31044006347656,44.47682189941406,433.53521728515625,71.37464904785156,114.45753479003906,150.9137420654297,43.79714584350586,351.27386474609375,50.34181594848633,58.12428283691406,60.870567321777344,106.85320281982422,71.64789581298828,84.02619934082031,32.865081787109375,161.21400451660156,347.4398498535156,237.21847534179688,139.42474365234375,92.41181945800781
2022-01-14,169.35556030273438,299.4606628417969,26.88846206665039,51.659881591796875,136.8800048828125,148.49644470214844,44.00434112548828,434.7038269042969,71.42732238769531,116.47203063964844,141.6380615234375,43.03366470336914,342.4111633300781,52.19367980957031,57.395362854003906,61.9392204284668,108.67340850830078,74.32121276855469,87.0165023803711,34.3552360534668,162.13800048828125,333.9903869628906,233.86083984375,138.1105194091797,90.35420989990234
2022-01-18,166.1557159423828,292.1720275878906,25.851520538330078,50.788063049316406,131.92999267578125,147.84176635742188,43.3316650390625,427.56219482421875,71.56774139404297,117.25211334228516,135.69944763183594,41.551612854003906,318.55535888671875,50.962100982666016,55.9975700378418,62.98202896118164,109.02735137939453,74.98094940185547,87.04947662353516,34.10990524291992,158.91749572753906,329.24993896484375,232.74468994140625,136.9641571044922,88.19734954833984
2022-01-19,162.662353515625,292.8285217285156,25.017181396484375,49.730743408203125,128.27000427246094,147.3816680908203,42.875205993652344,428.98126220703125,71.34832000732422,115.90628051757812,133.6002960205078,41.71329116821289,312.19146728515625,49.955265045166016,55.08857345581055,63.00788116455078,108.63128662109375,74.78388977050781,86.6046371459961,33.710105895996094,156.2989959716797,322.938232421875,231.6012725830078,135.24916076660156,87.42122650146484
2022-01-20,160.97927856445312,291.1585388183594,24.102001190185547,48.265357971191406,121.88999938964844,146.20492553710938,43.28362274169922,429.4264831542969,70.87435913085938,114.03749084472656,132.4610137939453,41.09351348876953,312.89263916015625,49.44285583496094,55.277225494384766,63.14576721191406,108.24362182617188,73.3701171875,85.26185607910156,33.664676666259766,151.66749572753906,313.8612060546875,229.7047119140625,133.03085327148438,86.38337707519531
2022-01-21,158.9243621826172,285.7812805175781,23.327547073364258,48.265357971191406,118.80999755859375,145.86874389648438,42.274600982666016,427.7291564941406,70.19853973388672,113.13740539550781,130.14662170410156,40.347991943359375,309.12640380859375,48.24723434448242,54.25674819946289,62.1977653503418,106.94590759277344,70.87674713134766,82.89759826660156,33.0377197265625,142.64300537109375,313.43023681640625,231.02960205078125,133.23593139648438,86.91584014892578
2022-01-24,158.15126037597656,286.1095275878906,23.32554817199707,48.172603607177734,116.52999877929688,144.18771362304688,41.27359390258789,428.7494201660156,69.18917083740234,113.29169464111328,130.0299835205078,40.01565170288086,308.65899658203125,47.9326057434082,53.76795196533203,62.73211669921875,107.17340850830078,71.13380432128906,84.28156280517578,33.255794525146484,144.54400634765625,326.6372375488281,230.14027404785156,136.07867431640625,88.53125
2022-01-25,156.35076904296875,278.5023498535156,22.27962875366211,47.300785064697266,111.12999725341797,148.31068420410156,42.07440185546875,423.7131042480469,69.74214172363281,114.08892822265625,131.44737243652344,40.806087493896484,307.0050964355469,48.175323486328125,54.97708511352539,64.57640075683594,111.73239135742188,74.63823699951172,88.09568786621094,35.24568176269531,139.98599243164062,322.30072021484375,227.48141479492188,135.5940399169922,87.54757690429688
2022-01-26,156.26268005371094,286.4377746582031,22.726743698120117,47.94073486328125,110.70999908447266,148.97422790527344,42.45077896118164,425.1878662109375,69.46126556396484,115.0661849975586,132.69424438476562,41.228248596191406,308.020751953125,48.66975021362305,55.525917053222656,63.92141342163086,111.81664276123047,74.59536743164062,88.58171844482422,36.16340637207031,138.87249755859375,320.77447509765625,226.72825622558594,134.20526123046875,86.25704956054688
2022-01-27,155.80279541015625,289.45941162109375,21.900388717651367,44.564762115478516,102.5999984741211,150.9294891357422,43.064022064208984,428.12799072265625,70.72516632080078,116.55774688720703,130.3529510498047,40.84202194213867,306.5376281738281,48.32814407348633,55.01140213012695,64.74014282226562,114.0750503540039,76.82315063476562,90.41053009033203,35.30929183959961,139.6374969482422,320.0112609863281,225.72096252441406,134.81112670898438,86.02239990234375
2022-01-28,166.67433166503906,297.58795166015625,22.794605255126953,44.267974853515625,105.23999786376953,151.99119567871094,43.83864212036133,432.2644958496094,71.00601959228516,118.22935485839844,131.5191192626953,41.201297760009766,311.9128723144531,48.7147102355957,55.47446823120117,64.8780288696289,110.06385040283203,76.44612884521484,90.36932373046875,36.05437088012695,143.97799682617188,329.0882873535156,232.3907470703125,135.9947967529297,87.72804260253906
2022-01-31,171.02883911132812,300.2137756347656,24.43733787536621,45.27890396118164,114.25,152.43356323242188,42.51533126831055,438.3025207519531,71.51509094238281,117.34638214111328,133.3042755126953,41.443817138671875,318.80706787109375,48.364105224609375,55.84320068359375,65.4640884399414,110.67059326171875,75.9320297241211,91.8356704711914,35.5001106262207,149.57350158691406,329.4833984375,235.43984985351562,138.00802612304688,88.72978973388672
2022-02-01,170.86248779296875,298.07061767578125,24.589038848876953,45.39948272705078,116.77999877929688,151.1860809326172,42.821956634521484,434.4441833496094,71.90129089355469,117.440673828125,135.59181213378906,42.16239547729492,327.23834228515625,49.98222732543945,57.07806396484375,69.6611557006836,113.5862808227539,78.43396759033203,93.23609924316406,35.90898895263672,151.19349670410156,331.0276184082031,235.0223388671875,138.14781188964844,89.12688446044922
2022-02-02,172.0660858154297,302.60784912109375,25.19183349609375,45.91886520385742,122.76000213623047,152.8582763671875,43.45940017700195,444.9897766113281,71.98027038574219,118.82939910888672,134.50634765625,42.11748123168945,326.3394775390625,50.27888870239258,56.79508590698242,69.48017120361328,114.10877227783203,79.008056640625,93.02193450927734,35.663658142089844,150.6125030517578,335.5437316894531,238.0078887939453,138.6045684814453,88.19734954833984
2022-02-03,169.18917846679688,290.8205261230469,23.90040397644043,44.778072357177734,120.08000183105469,152.84942626953125,43.07209014892578,453.3277893066406,69.34716796875,120.63815307617188,133.3939971923828,41.70429611206055,322.582275390625,49.818359375,55.963253021240234,68.67007446289062,113.08912658691406,77.8598861694336,92.08281707763672,35.05487823486328,138.8455047607422,327.5350646972656,236.51968383789062,135.43556213378906,86.58194732666016
2022-02-04,168.90504455566406,295.34820556640625,24.270668029785156,44.866859436035156,123.5999984741211,151.84967041015625,42.765472412109375,448.1339416503906,68.95219421386719,120.56958770751953,136.85665893554688,43.366004943847656,330.4203796386719,50.8658447265625,57.1127815246582,70.16101837158203,114.50482177734375,78.71673583984375,93.66445922851562,34.991268157958984,157.63949584960938,322.9202880859375,235.99339294433594,135.51010131835938,85.73362731933594
2022-02-07,168.1898193359375,290.531005859375,24.678855895996094,45.02573013305664,123.66999816894531,151.34535217285156,42.93491744995117,448.6253967285156,68.09205627441406,122.18119049072266,137.31419372558594,43.572593688964844,330.9146728515625,51.76884078979492,57.35478210449219,71.00560760498047,116.75480651855469,79.63352966308594,94.48003387451172,36.590450286865234,157.9355010986328,320.8373718261719,235.8028106689453,135.27711486816406,85.90509033203125
2022-02-08,171.2957305908203,294.0159912109375,25.058103561401367,45.61448669433594,128.22999572753906,151.74351501464844,41.71650314331055,457.63134765625,67.50399780273438,123.02127075195312,139.897705078125,44.35404968261719,332.66754150390625,53.05108642578125,58.011653900146484,69.16991424560547,114.97675323486328,78.2540283203125,91.87686157226562,35.4556999206543,161.4134979248047,324.509521484375,236.011474609375,133.77655029296875,85.66142272949219
2022-02-09,172.7164306640625,300.4357604980469,26.651926040649414,46.64247131347656,132.85000610351562,151.725830078125,41.530921936035156,461.9812927246094,67.17047882080078,122.75553131103516,140.48081970214844,44.264225006103516,336.6494140625,53.33102798461914,58.633934020996094,68.83881378173828,116.1143569946289,79.64208221435547,93.34318542480469,35.91141891479492,161.1894989013672,327.1400451660156,235.8118896484375,136.32102966308594,87.65584564208984
2022-02-10,168.64051818847656,291.9114990234375,25.772674560546875,45.66121292114258,125.7699966430664,149.89437866210938,40.828914642333984,451.4264221191406,67.19677734375,122.33547973632812,139.897705078125,44.057640075683594,333.0899963378906,53.32199478149414,58.3400764465332,68.17656707763672,114.63966369628906,78.75098419189453,92.80774688720703,35.7017822265625,159.0034942626953,318.8082275390625,233.09857177734375,134.97886657714844,86.44949340820312
2022-02-11,165.23086547851562,284.82562255859375,23.901403427124023,44.511741638183594,113.18000030517578,148.38145446777344,40.97416687011719,443.45928955078125,67.26701354980469,121.73542785644531,138.07669067382812,43.04264450073242,326.3394775390625,52.653778076171875,58.0375862121582,69.89314270019531,116.97390747070312,80.53353881835938,96.1770248413086,37.023399353027344,153.2935028076172,314.49871826171875,231.54684448242188,130.65419006347656,85.01639556884766
2022-02-14,165.4660186767578,284.7868957519531,24.218774795532227,44.46501159667969,114.2699966430664,146.51461791992188,40.18341064453125,439.99981689453125,67.1178207397461,122.58409118652344,136.79388427734375,42.593536376953125,323.80474853515625,52.2383918762207,57.44121170043945,68.82136535644531,115.1705551147461,78.83709716796875,93.42557525634766,35.82027816772461,155.16700744628906,315.6389465332031,229.9406280517578,131.96835327148438,84.94383239746094
2022-02-15,169.29696655273438,290.067626953125,26.44234848022461,45.268699645996094,121.47000122070312,148.02755737304688,40.17533493041992,443.5521545410156,68.2939224243164,124.09276580810547,138.79434204101562,42.92588424682617,327.1305236816406,52.71697998046875,57.90793228149414,67.95870208740234,114.32752990722656,77.22677612304688,91.3578872680664,36.54033279418945,156.510498046875,317.165283203125,230.32174682617188,135.68722534179688,85.723876953125
2022-02-16,169.06187438964844,289.7289733886719,26.45830726623535,45.072452545166016,117.69000244140625,147.93907165527344,40.08657455444336,445.2401123046875,67.77607727050781,125.04430389404297,139.04550170898438,42.82707977294922,323.6340026855469,52.50027084350586,57.86471939086914,68.27239990234375,114.36160278320312,77.68318939208984,92.07457733154297,37.998653411865234,158.10049438476562,314.3191833496094,229.6683807373047,136.53538513183594,86.33158874511719
2022-02-17,165.4660186767578,281.2451477050781,24.458295822143555,44.455665588378906,112.37000274658203,147.03663635253906,39.45719909667969,436.2342529296875,67.02125549316406,124.27283477783203,135.84298706054688,41.38095474243164,313.7555236816406,50.703304290771484,55.92868423461914,68.1678466796875,113.77400970458984,78.50125122070312,92.7583236694336,37.47002029418945,154.65249633789062,312.3887939453125,227.70828247070312,133.09616088867188,84.39959716796875
2022-02-18,163.91795349121094,278.5364990234375,23.595016479492188,42.0912971496582,113.83000183105469,145.46060180664062,39.15864944458008,433.8876647949219,67.03003692626953,123.467041015625,136.4799041748047,41.28213119506836,311.0409851074219,50.23374557495117,55.436031341552734,67.40974426269531,113.61222076416016,77.18370819091797,91.95101165771484,36.64970397949219,152.60150146484375,311.4281005859375,227.40878295898438,133.23593139648438,84.66265106201172
2022-02-22,160.99818420410156,278.3333435058594,23.343515396118164,41.76420974731445,115.6500015258789,143.48379516601562,38.35175323486328,428.9720764160156,66.6613998413086,124.77859497070312,136.23770141601562,40.92284393310547,309.45001220703125,49.91769027709961,55.219970703125,66.6255111694336,112.74366760253906,75.63367462158203,90.22928619384766,36.04814147949219,150.19749450683594,283.8649597167969,229.31448364257812,128.7993927001953,84.45403289794922
2022-02-23,156.83409118652344,271.1263122558594,22.34250831604004,41.72683334350586,109.76000213623047,143.55508422851562,37.81920623779297,426.2915954589844,66.56485748291016,125.80725860595703,133.3850555419922,40.22224426269531,306.6815490722656,48.716705322265625,54.64088821411133,66.8956298828125,115.42601776123047,75.9781265258789,90.88832092285156,36.2213134765625,144.82699584960938,276.93377685546875,224.85887145996094,127.5318374633789,81.31568908691406
2022-02-24,159.45016479492188,284.9791564941406,23.7008056640625,43.66130828857422,116.61000061035156,140.8125457763672,37.084922790527344,422.83209228515625,64.51982116699219,124.5300064086914,129.67120361328125,39.1623420715332,305.7826232910156,47.596988677978516,52.43693161010742,66.0503921508789,114.82994079589844,75.54755401611328,90.69883728027344,34.92705154418945,151.35800170898438,281.2342224121094,222.3542938232422,127.84872436523438,82.54924774169922
2022-02-25,161.5175018310547,287.6104736328125,24.108991622924805,44.58649444580078,121.05999755859375,147.811279296875,38.50506591796875,441.2519226074219,66.98615264892578,128.19039916992188,132.73915100097656,40.43781661987305,314.70831298828125,48.861183166503906,53.56916427612305,67.82798767089844,119.5389633178711,78.59600067138672,88.37577056884766,35.95699691772461,153.7884979248047,284.2959289550781,226.365234375,129.3679656982422,83.97328186035156
2022-02-28,161.78201293945312,289.04217529296875,24.336536407470703,44.5771598815918,123.33999633789062,146.53799438476562,37.87568283081055,441.3632507324219,67.21436309814453,126.67308807373047,127.2042236328125,39.70126724243164,306.7713928222656,48.192962646484375,51.19233703613281,68.33341217041016,122.62151336669922,81.68745422363281,94.66949462890625,35.76557922363281,153.56300354003906,283.5596923828125,223.35400390625,127.27088165283203,83.25672149658203
2022-03-01,159.9008331298828,285.32745361328125,23.43034553527832,43.75476837158203,113.83000183105469,146.03045654296875,36.91547393798828,441.7156677246094,67.00370788574219,126.60449981689453,122.40489959716797,38.14735794067383,296.7442321777344,45.411739349365234,50.63918685913086,68.98693084716797,127.49229431152344,83.495849609375,95.89693450927734,34.334598541259766,151.14199829101562,287.52801513671875,218.66371154785156,123.23509216308594,81.7601318359375
2022-03-02,163.19293212890625,290.396484375,24.17598533630371,45.67054748535156,118.27999877929688,147.8468780517578,38.488922119140625,450.1837158203125,67.29335021972656,128.21609497070312,124.94361114501953,38.767127990722656,304.1402893066406,47.154518127441406,51.47756576538086,70.1720199584961,131.25608825683594,84.4258804321289,96.1688003540039,35.76557922363281,152.05250549316406,293.9205627441406,219.8590850830078,126.4599838256836,84.1456298828125
2022-03-03,162.86959838867188,286.2657775878906,23.670907974243164,44.79209518432617,111.9800033569336,150.0196075439453,38.59382247924805,451.305908203125,67.71463012695312,128.9361572265625,124.05552673339844,38.35192108154297,301.4639587402344,46.26959228515625,49.800819396972656,70.61639404296875,133.02735900878906,83.8833999633789,95.79808044433594,35.10934066772461,147.89849853515625,291.21807861328125,215.94442749023438,124.86614227294922,83.02091979980469
2022-03-04,159.87142944335938,280.40350341796875,22.894323348999023,44.922935485839844,108.41000366210938,150.91001892089844,39.25547790527344,462.4914245605469,68.31149291992188,129.0647430419922,120.56593322753906,36.96189880371094,298.0733947753906,44.05724334716797,48.91060256958008,73.27409362792969,135.09657287597656,86.34622955322266,97.8246078491211,35.49213790893555,145.64100646972656,291.1283264160156,215.1779022216797,122.54475402832031,81.66035461425781
2022-03-07,156.07968139648438,269.8107604980469,21.313196182250977,44.5584602355957,102.94999694824219,153.3408660888672,38.71485137939453,451.5655517578125,68.22369384765625,128.1132354736328,115.91014099121094,34.60609436035156,291.0390319824219,41.36630630493164,48.01172637939453,75.91438293457031,137.9832763671875,87.20733642578125,98.97789764404297,38.372352600097656,137.4530029296875,289.7905578613281,204.7023162841797,116.2484359741211,76.60816955566406
2022-03-08,154.25726318359375,266.8505554199219,21.474899291992188,44.3902473449707,105.52999877929688,150.23326110839844,38.27913284301758,439.12799072265625,67.53910827636719,126.1416244506836,115.09381866455078,34.83174514770508,290.5688781738281,41.9532585144043,47.424007415771484,76.4894790649414,145.21282958984375,85.08035278320312,97.05022430419922,41.088497161865234,136.01449584960938,284.376708984375,203.2970733642578,113.23104858398438,76.19093322753906
2022-03-09,159.6558837890625,279.087890625,22.9721736907959,44.511741638183594,111.05000305175781,150.80313110351562,39.336158752441406,450.35992431640625,68.27635192871094,127.59029388427734,119.70475769042969,37.04314422607422,301.6176452636719,44.3913459777832,48.357444763183594,72.14131164550781,141.58523559570312,82.85000610351562,93.72212982177734,38.791629791259766,139.2790069580078,286.5083312988281,203.00511169433594,118.59320068359375,79.45625305175781
2022-03-10,155.3154754638672,276.2728271484375,22.616825103759766,43.60523986816406,106.45999908447266,151.07028198242188,39.69926452636719,455.80419921875,68.36414337158203,127.87318420410156,118.2873764038086,36.70916748046875,298.2812805175781,44.25590515136719,47.43263626098633,74.38075256347656,145.4597930908203,85.87259674072266,98.75546264648438,39.5572509765625,146.8175048828125,287.1767578125,202.57623291015625,117.7337646484375,79.05716705322266
2022-03-11,151.60208129882812,270.9328918457031,22.05984115600586,42.82958221435547,104.29000091552734,150.79425048828125,40.56263732910156,449.1809387207031,68.68888092041016,127.77891540527344,115.62310791015625,36.40229415893555,295.65924072265625,43.76828384399414,46.81035232543945,73.99736022949219,145.52789306640625,84.74449920654297,96.11934661865234,39.10153579711914,145.52450561523438,286.13800048828125,207.0200958251953,114.55758666992188,75.03900909423828
2022-03-14,147.57513427734375,267.4212951660156,21.29123878479004,41.49319839477539,102.25,152.8778076171875,42.16029739379883,453.8786926269531,68.87483978271484,130.38490295410156,116.77131652832031,37.18756103515625,293.8328857421875,45.02344512939453,46.870853424072266,71.34835815429688,141.9684600830078,83.1427993774414,96.2522964477539,37.87105941772461,141.85299682617188,287.5561218261719,206.3905029296875,109.83067321777344,71.91878509521484
2022-03-15,151.9547882080078,277.7818603515625,22.931251525878906,41.87635803222656,109.33000183105469,156.84024047851562,42.128021240234375,463.171630859375,69.6363754272461,133.62521362304688,118.84355926513672,37.45833206176758,297.6122741699219,45.24919891357422,47.631431579589844,67.2877426147461,134.781494140625,81.85108184814453,94.57386016845703,35.783809661865234,147.3665008544922,296.7511291503906,212.221435546875,111.54021453857422,75.39274597167969
2022-03-16,156.36380004882812,284.7857666015625,24.451486587524414,43.577205657958984,115.37000274658203,155.3977508544922,42.70092010498047,463.4972229003906,69.1759033203125,133.7709503173828,124.1541976928711,38.631736755371094,308.1004638671875,46.59465789794922,49.09209442138672,67.03504943847656,134.2960968017578,81.65302276611328,93.89251708984375,34.526004791259766,153.10400390625,298.89178466796875,217.30409240722656,116.94906616210938,79.28392028808594
2022-03-17,157.3730010986328,285.5885925292969,24.720998764038086,44.053810119628906,111.69000244140625,157.4279327392578,43.766021728515625,471.6460266113281,69.90204620361328,135.9483184814453,125.72404479980469,38.839332580566406,310.36993408203125,46.48630905151367,49.515602111816406,68.82136535644531,136.6208038330078,85.10618591308594,97.93903350830078,36.01167678833008,157.23899841308594,303.81439208984375,216.69271850585938,119.02291870117188,79.51069641113281
2022-03-18,160.66505432128906,290.6286926269531,26.404924392700195,44.34352111816406,113.45999908447266,155.6826934814453,43.98388671875,470.8088684082031,70.05258178710938,136.47122192382812,125.67921447753906,38.72200012207031,312.2777099609375,46.43212127685547,49.56745529174805,68.5512466430664,137.7192840576172,85.76924896240234,96.21907043457031,36.212196350097656,161.25050354003906,307.77069091796875,218.01580810546875,122.60082244873047,81.27032470703125
2022-03-21,162.03677368164062,289.4000549316406,26.68541717529297,44.28744888305664,115.91999816894531,156.564208984375,43.725677490234375,472.2413635253906,70.00828552246094,137.19989013671875,125.27554321289062,38.66783905029297,306.50921630859375,46.17928695678711,49.24767303466797,71.62721252441406,140.197265625,88.49044799804688,101.75291442871094,37.54292678833008,161.4915008544922,297.50079345703125,214.7307586669922,121.61993408203125,78.78506469726562
2022-03-22,165.4072265625,294.1402282714844,26.475799560546875,45.22197723388672,114.77999877929688,155.82518005371094,42.797752380371094,470.06463623046875,70.2208251953125,137.16561889648438,127.93985748291016,39.87733840942383,310.1347961425781,48.21103286743164,49.697113037109375,71.31349182128906,139.7289276123047,87.6379165649414,100.39852905273438,37.55204391479492,164.88900756835938,297.82598876953125,217.28579711914062,124.32902526855469,79.71929931640625
2022-03-23,166.76913452148438,289.71929931640625,25.587421417236328,45.10983657836914,113.91999816894531,155.23748779296875,42.11188507080078,468.1205139160156,70.60159301757812,135.8025665283203,125.39212799072266,38.89349365234375,303.4440612792969,46.16122055053711,48.703163146972656,72.43758392333984,141.2361297607422,89.87686920166016,102.65859985351562,38.65492248535156,163.4080047607422,286.3728332519531,215.46080017089844,124.24493408203125,78.20455932617188
2022-03-24,170.55111694335938,294.1789245605469,28.098840713500977,48.240516662597656,120.52999877929688,156.0388641357422,42.43464279174805,477.6366882324219,71.2037353515625,137.39707946777344,126.2084732055664,38.87543869018555,304.0046081542969,46.350852966308594,48.7636604309082,72.65542602539062,141.61082458496094,90.02328491210938,100.548095703125,38.86454772949219,163.64950561523438,285.2257995605469,219.2385711669922,123.38551330566406,79.02088928222656
2022-03-25,171.18792724609375,293.77264404296875,27.64167594909668,48.436763763427734,119.66999816894531,157.5347900390625,42.58795166015625,477.23681640625,72.02725219726562,138.29713439941406,127.3118896484375,39.471160888671875,305.1438903808594,47.46154022216797,49.04024124145508,74.24134063720703,144.1739501953125,92.57221984863281,103.45626831054688,39.81245803833008,164.77349853515625,280.6192626953125,220.44309997558594,124.89887237548828,79.3202133178711
2022-03-28,172.05015563964844,300.5636291503906,28.16771697998047,48.13771438598633,120.23999786376953,158.34510803222656,42.991397857666016,477.3948669433594,71.91213989257812,138.8457794189453,126.36992645263672,39.30869674682617,303.1637878417969,46.7842903137207,48.33150863647461,72.15874481201172,141.65341186523438,89.1277084350586,100.42346954345703,38.03512191772461,168.99049377441406,283.8708801269531,221.68411254882812,125.93579864501953,80.16374969482422
2022-03-29,175.3422393798828,305.1199645996094,28.60392189025879,48.82927322387695,123.2300033569336,158.2649383544922,42.55567932128906,475.0971984863281,72.23094177246094,139.02577209472656,126.64803314208984,39.20940017700195,307.10595703125,46.59465789794922,48.80687713623047,71.77533721923828,139.92478942871094,86.7078857421875,100.23233795166016,38.85542678833008,169.31500244140625,286.9690246582031,226.4564971923828,129.98077392578125,82.7488021850586
2022-03-30,174.1763153076172,303.6205139160156,27.639677047729492,48.062950134277344,119.22000122070312,159.91226196289062,42.3136100769043,484.4832763671875,72.96588897705078,140.3716278076172,126.07392120361328,38.812259674072266,303.4259033203125,45.24919891357422,47.510433197021484,73.00397491455078,140.9125518798828,87.32112884521484,100.61457824707031,38.47261047363281,166.30099487304688,278.614013671875,227.24122619628906,129.42027282714844,82.56739807128906
2022-03-31,171.08018493652344,298.2516174316406,27.236413955688477,46.31537628173828,109.33999633789062,157.81085205078125,41.77298355102539,474.3902587890625,72.65596771240234,138.96578979492188,122.2883071899414,37.205604553222656,298.462158203125,43.75925064086914,46.15349197387695,71.96703338623047,138.656005859375,86.37106323242188,99.06908416748047,37.652313232421875,162.99749755859375,270.367431640625,225.6444091796875,125.70225524902344,82.51298522949219
2022-04-01,170.7862548828125,299.325439453125,26.663455963134766,44.96030807495117,108.19000244140625,158.66563415527344,41.61161422729492,476.82745361328125,73.9576644897461,139.4543914794922,121.38226318359375,36.91677474975586,298.5706787109375,43.9849967956543,45.228694915771484,72.42887115478516,139.83961486816406,86.87203216552734,99.98307037353516,37.998653411865234,163.55999755859375,272.6797180175781,227.44198608398438,124.73074340820312,82.98463439941406
2022-04-04,174.8327178955078,304.69427490234375,27.310277938842773,45.97895050048828,110.52999877929688,157.1340789794922,41.10326385498047,474.43670654296875,73.93110656738281,138.77719116210938,121.92049407958984,36.85359573364258,296.75335693359375,43.75925064086914,45.63490676879883,72.4637222290039,139.9673309326172,86.8460922241211,100.39852905273438,37.87105941772461,168.34649658203125,276.01275634765625,225.2337188720703,125.49673461914062,79.90069580078125
2022-04-05,171.52108764648438,300.7377014160156,25.883867263793945,44.979000091552734,106.81999969482422,158.14920043945312,41.34532928466797,481.6367492675781,74.13475799560547,140.09732055664062,120.50165557861328,36.23078918457031,292.9105529785156,43.45223617553711,44.580467224121094,72.08903503417969,139.10728454589844,84.68682098388672,97.90580749511719,36.877559661865234,164.05499267578125,275.3622741699219,226.7667694091797,123.59099578857422,76.2998046875
2022-04-06,168.35638427734375,289.7289733886719,24.362646102905273,44.42762756347656,103.66999816894531,162.2629852294922,42.66057205200195,494.650634765625,75.24164581298828,144.79495239257812,118.82979583740234,35.833641052246094,285.94866943359375,43.24455261230469,43.67295837402344,72.89070892333984,140.342041015625,84.24633026123047,98.42094421386719,37.169227600097656,158.75599670410156,269.6538391113281,229.45863342285156,119.91040802001953,75.61044311523438
2022-04-07,168.66014099121094,291.5379638671875,24.16400718688965,44.44632339477539,103.72000122070312,161.84446716308594,44.508365631103516,499.4878234863281,76.86213684082031,148.54104614257812,118.46829986572266,35.55382537841797,284.0408630371094,43.109092712402344,43.24080276489258,74.11063385009766,142.29205322265625,86.33649444580078,100.22403717041016,37.3424072265625,157.7845001220703,273.4564514160156,232.10491943359375,120.86324310302734,75.39274597167969
2022-04-08,166.65155029296875,287.2815856933594,23.076982498168945,43.941673278808594,101.0,162.16502380371094,44.51642990112305,507.8692626953125,77.64137268066406,149.98121643066406,120.6372299194336,35.80656051635742,290.5869445800781,44.00305938720703,43.975460052490234,75.6703872680664,144.701904296875,89.00538635253906,105.42552947998047,38.78252029418945,154.4604949951172,281.0075988769531,229.45863342285156,119.7142105102539,73.94147491455078
2022-04-11,162.39926147460938,275.9535827636719,21.87717056274414,43.5211296081543,97.37000274658203,160.1348419189453,43.51588821411133,499.94366455078125,76.71159362792969,145.58360290527344,120.19440460205078,35.73435592651367,290.017333984375,44.54486846923828,43.69024658203125,73.06495666503906,140.98068237304688,84.62635803222656,100.82227325439453,37.670536041259766,151.1219940185547,277.0423889160156,228.5369873046875,116.75287628173828,73.17958068847656
2022-04-12,164.27069091796875,272.8579406738281,21.464921951293945,43.45571517944336,95.0999984741211,160.1882781982422,42.85422134399414,496.473876953125,75.82608032226562,143.42337036132812,118.87498474121094,35.355262756347656,289.1312561035156,43.72312545776367,43.50873565673828,74.58987426757812,143.91847229003906,86.37106323242188,103.5061264038086,37.85282516479492,150.78750610351562,276.6539611816406,227.36900329589844,116.8089370727539,72.372314453125
2022-04-13,166.95529174804688,278.2365417480469,22.162649154663086,43.93232345581055,97.73999786376953,160.8650360107422,42.84615707397461,499.5343933105469,76.26882934570312,137.4149932861328,115.043212890625,35.03934860229492,291.1114196777344,43.83148956298828,43.34452438354492,75.64425659179688,146.18356323242188,86.56970977783203,103.28875732421875,38.80074691772461,155.54100036621094,280.3843688964844,229.34005737304688,119.09767150878906,73.39727020263672
2022-04-14,161.94859313964844,270.70074462890625,21.21936798095703,42.680049896240234,93.05999755859375,160.1882781982422,42.862300872802734,497.5064392089844,76.95954132080078,140.31976318359375,113.9768295288086,33.91108322143555,290.8130187988281,41.85392761230469,44.018672943115234,76.53304290771484,146.11546325683594,87.55432891845703,102.77047729492188,39.420528411865234,151.7064971923828,275.05523681640625,228.59176635742188,124.67466735839844,72.1092758178711
2022-04-18,161.73301696777344,271.3681335449219,21.743412017822266,43.586551666259766,93.88999938964844,158.1937255859375,41.8294677734375,496.818115234375,76.2157211303711,137.7694549560547,116.09152221679688,35.06642150878906,298.2632141113281,42.594383239746094,45.21140670776367,77.16045379638672,148.07400512695312,89.36811828613281,103.0881576538086,39.81245803833008,152.78500366210938,271.16217041015625,229.0936279296875,122.96514129638672,72.19998168945312
2022-04-19,164.0159149169922,275.9922790527344,22.15766143798828,44.79209518432617,96.93000030517578,163.01983642578125,40.490013122558594,500.18560791015625,75.96776580810547,135.16725158691406,118.49539184570312,35.716304779052734,303.75146484375,43.190364837646484,45.738624572753906,76.47206115722656,146.31982421875,87.71843719482422,101.78409576416016,39.5845947265625,158.11549377441406,278.01788330078125,233.05389404296875,128.02835083007812,73.66939544677734
2022-04-20,163.84933471679688,277.01763916015625,21.442960739135742,44.96030807495117,94.0199966430664,163.7410888671875,40.14305877685547,507.915771484375,76.56106567382812,135.4698028564453,118.9111328125,35.79753494262695,308.3717041015625,43.93082046508789,45.894195556640625,76.64632415771484,146.91590881347656,88.6771469116211,102.5615234375,38.9010009765625,153.9980010986328,284.64764404296875,233.4645538330078,126.92603302001953,72.71699523925781
2022-04-21,163.0557403564453,271.6487121582031,20.146320343017578,44.3902473449707,89.8499984741211,163.26914978027344,39.62664794921875,499.94366455078125,76.357421875,137.04327392578125,117.98934173583984,35.12057876586914,302.259521484375,43.145206451416016,45.487972259521484,75.83595275878906,140.14617919921875,85.22232055664062,99.88652038574219,37.050750732421875,148.29600524902344,280.3302001953125,232.9170379638672,126.54302978515625,71.6194839477539
2022-04-22,158.5193328857422,265.0898742675781,19.47953224182129,43.493099212646484,88.13999938964844,161.64857482910156,38.835899353027344,484.59490966796875,74.9051513671875,133.99148559570312,114.60040283203125,33.90205001831055,289.12225341796875,41.84489059448242,44.27796173095703,74.18033599853516,137.0550994873047,82.92485046386719,97.06939697265625,37.962196350097656,144.35000610351562,271.0718994140625,228.281494140625,120.57367706298828,70.6761474609375
2022-04-25,159.58731079101562,271.56170654296875,19.865835189819336,43.97905731201172,90.69000244140625,165.62879943847656,39.49753952026367,487.6925048828125,75.65784454345703,135.1240234375,114.56423950195312,33.65835189819336,290.6139831542969,41.38436508178711,44.191532135009766,71.67948913574219,134.1087646484375,79.167724609375,93.43302154541016,35.264278411865234,146.07400512695312,275.43463134765625,230.75439453125,119.5180435180664,70.73058319091797
2022-04-26,153.6302032470703,261.4042663574219,18.753854751586914,42.53987121582031,85.16000366210938,164.44451904296875,39.56209182739258,477.9344177246094,74.8077621459961,135.020263671875,111.17529296875,32.9001579284668,283.10955810546875,40.2556266784668,43.41366195678711,71.70563507080078,133.29129028320312,78.87406921386719,93.28258514404297,36.03902053833008,139.39100646972656,270.9364929199219,226.8306121826172,112.58647155761719,68.59906005859375
2022-04-27,153.40489196777344,273.98016357421875,18.38153839111328,42.259517669677734,84.91000366210938,162.14723205566406,40.13499069213867,477.9622497558594,74.74575805664062,136.26516723632812,109.7293472290039,32.719627380371094,283.2090759277344,40.2556266784668,42.86915588378906,73.75334930419922,133.04432678222656,80.37689971923828,94.30242156982422,36.412723541259766,138.16700744628906,272.4177551269531,225.5166015625,113.25907897949219,67.79180908203125
2022-04-28,160.33193969726562,280.18096923828125,19.746051788330078,43.77345275878906,89.63999938964844,163.35818481445312,40.75630187988281,487.83209228515625,78.43833923339844,135.13267517089844,111.46449279785156,33.225093841552734,287.8926086425781,40.788387298583984,43.23216247558594,75.98407745361328,137.77040100097656,84.25496673583984,98.44867706298828,36.558555603027344,144.59649658203125,281.5947265625,231.9497833251953,118.68663024902344,69.46074676513672
2022-04-29,154.46302795410156,268.4660339355469,18.513294219970703,40.736228942871094,85.5199966430664,160.6868896484375,39.5943717956543,473.06927490234375,78.53575134277344,126.98027801513672,107.86770629882812,32.20514678955078,276.21087646484375,39.397769927978516,42.09699249267578,74.2848892211914,133.41049194335938,82.50162506103516,97.60440063476562,35.55595016479492,124.28150177001953,271.3338623046875,227.35984802246094,116.49131774902344,67.70109558105469
2022-05-02,154.76673889160156,275.1893615722656,19.497509002685547,42.016536712646484,89.83999633789062,159.06634521484375,39.005332946777344,466.1855163574219,77.61483001708984,127.83615112304688,108.85275268554688,32.6203498840332,280.6683654785156,39.43389129638672,42.533599853515625,75.29569244384766,136.03323364257812,82.84709167480469,97.22822570800781,35.64710235595703,124.5,277.2682189941406,225.0603485107422,117.78048706054688,68.36321258544922
2022-05-03,156.25604248046875,272.5870666503906,19.566375732421875,42.1099853515625,91.12999725341797,158.75466918945312,39.771888732910156,464.7623291015625,77.1277847290039,129.3317413330078,111.18435668945312,33.513938903808594,284.5019226074219,39.876365661621094,43.747344970703125,76.84674835205078,138.366455078125,85.4468994140625,100.94813537597656,36.59501647949219,124.25350189208984,275.4527282714844,224.3577117919922,114.7724380493164,67.41989135742188
2022-05-04,162.663818359375,280.51959228515625,20.297048568725586,43.493099212646484,99.41999816894531,160.45541381835938,40.0704231262207,472.2041931152344,78.38520050048828,131.05213928222656,114.86248016357422,34.858821868896484,293.0462951660156,41.51982498168945,45.60725784301758,79.9052734375,142.7093048095703,89.7049789428711,104.3002700805664,38.828086853027344,125.92849731445312,284.80120849609375,232.06838989257812,117.76179504394531,74.05033874511719
2022-05-05,153.60086059570312,268.30169677734375,18.80975341796875,42.00957107543945,93.87000274658203,157.39230346679688,39.094093322753906,460.20416259765625,77.93359375,131.5621795654297,111.98866271972656,33.88400650024414,283.0643615722656,40.63912582397461,44.803916931152344,78.69406127929688,141.57675170898438,88.84126281738281,103.17173767089844,38.354129791259766,116.40699768066406,270.1687316894531,227.14085388183594,110.82089233398438,70.27706146240234
2022-05-06,154.32691955566406,265.76715087890625,18.641063690185547,41.72699737548828,95.33999633789062,157.04502868652344,39.570159912109375,464.7623291015625,78.27009582519531,132.1241455078125,111.80790710449219,33.802764892578125,282.9649353027344,40.44845199584961,45.07461929321289,79.89659118652344,145.34906005859375,93.01299285888672,110.52803802490234,39.22001266479492,114.77249908447266,265.83319091796875,228.838134765625,106.95341491699219,69.40631866455078
2022-05-09,149.2049102783203,255.9482421875,16.919200897216797,40.568443298339844,86.36000061035156,157.89984130859375,39.24740219116211,452.4833068847656,77.60597229003906,130.50747680664062,110.12699127197266,32.82794189453125,279.28497314453125,39.912776947021484,43.5639762878418,73.59651947021484,135.6074676513672,83.95266723632812,98.59080505371094,34.671836853027344,108.78900146484375,268.2899169921875,225.83599853515625,103.88932800292969,66.65798950195312
2022-05-10,151.6089324951172,260.7077331542969,17.56302261352539,41.45384216308594,88.7300033569336,157.6861572265625,39.933265686035156,453.96240234375,77.7564926147461,131.4844207763672,107.44294738769531,32.27735900878906,275.8220520019531,39.113792419433594,42.56852722167969,74.08448028564453,136.9103240966797,84.64363861083984,99.94502258300781,34.53512191772461,108.85900115966797,262.9880065917969,224.18434143066406,102.28256225585938,65.17953491210938
2022-05-11,143.7493133544922,252.04974365234375,16.599775314331055,40.342376708984375,87.91999816894531,156.83139038085938,39.90098571777344,452.2320861816406,78.97850036621094,131.37200927734375,106.76516723632812,32.10585403442383,272.6484375,38.65074157714844,41.61674118041992,75.62682342529297,138.93701171875,85.54190063476562,101.39120483398438,34.97262191772461,105.37200164794922,255.58135986328125,223.04376220703125,100.81590270996094,63.546871185302734
2022-05-12,139.88328552246094,247.01937866210938,16.145605087280273,40.351802825927734,87.05999755859375,158.38070678710938,40.99105453491211,445.3949279785156,80.43073272705078,133.3863525390625,106.67478942871094,31.65454864501953,270.713623046875,37.96072006225586,40.656219482421875,75.97014617919922,140.2568817138672,86.02556610107422,100.7391586303711,35.57418441772461,106.93049621582031,261.6601867675781,222.82473754882812,100.7972183227539,63.84831237792969
2022-05-13,144.34788513183594,252.60107421875,17.673824310302734,41.06765365600586,95.12000274658203,157.4724578857422,40.60871887207031,451.534423828125,80.05882263183594,132.70335388183594,107.62368774414062,31.744808197021484,277.5671081542969,38.71430206298828,41.59927749633789,78.22371673583984,142.9477081298828,88.88445281982422,103.89066314697266,37.13277816772461,113.05500030517578,267.3866882324219,223.600341796875,105.57083892822266,69.05480194091797
2022-05-16,142.80731201171875,252.9686737060547,17.232627868652344,40.57786178588867,94.23999786376953,158.56768798828125,41.21881866455078,455.08795166015625,81.75015258789062,134.40647888183594,106.87360382080078,31.419879913330078,274.357421875,38.323890686035156,41.44210433959961,80.06353759765625,147.32464599609375,91.53060150146484,105.62939453125,38.408817291259766,110.81050109863281,267.3505859375,222.68785095214844,105.18781280517578,66.15013122558594
2022-05-17,146.43788146972656,258.11517333984375,18.14396858215332,41.82119369506836,102.47000122070312,159.22662353515625,41.76384353637695,458.1669616699219,82.352294921875,133.80995178222656,110.41618347167969,32.484954833984375,282.9739685058594,39.685787200927734,44.57688522338867,81.084716796875,148.19320678710938,92.84932708740234,106.51551055908203,39.147090911865234,115.36849975585938,271.8306579589844,220.4887237548828,108.2706069946289,67.33756256103516
2022-05-18,138.17596435546875,246.36325073242188,16.907215118408203,39.8902587890625,96.27999877929688,156.27040100097656,40.99919128417969,438.49261474609375,81.5553207397461,131.77833557128906,108.52740478515625,31.48305320739746,277.3320007324219,38.23309326171875,43.06625747680664,79.79947662353516,144.28683471679688,90.64566802978516,102.46956634521484,37.488250732421875,107.11250305175781,257.58648681640625,210.8343963623047,102.17044830322266,65.10883331298828
2022-05-19,134.77114868164062,245.45179748535156,17.09288215637207,39.56999969482422,96.66999816894531,154.8813018798828,41.202552795410156,445.162353515625,81.54647064208984,131.16452026367188,106.91879272460938,31.094942092895508,278.66119384765625,38.133216857910156,43.467926025390625,80.2308120727539,143.25660705566406,90.7584457397461,101.73392486572266,37.2330322265625,107.31900024414062,259.91693115234375,208.96376037597656,99.43334197998047,65.70256042480469
2022-05-20,135.00662231445312,244.88941955566406,16.663658142089844,39.230918884277344,93.5,157.58819580078125,42.68307876586914,451.8414306640625,82.83932495117188,130.55072021484375,106.04219818115234,30.562395095825195,277.3953552246094,37.83360290527344,43.441734313964844,80.86463165283203,144.080810546875,91.1141586303711,102.0265121459961,37.479122161865234,107.59100341796875,259.4020690917969,213.44419860839844,100.890625,67.03614044189453
2022-05-23,140.4229736328125,252.733642578125,16.867292404174805,39.560585021972656,95.06999969482422,160.8053741455078,43.0166015625,457.7483825683594,83.0872573852539,127.97444152832031,112.60317993164062,32.37664031982422,286.26507568359375,39.78566360473633,46.078792572021484,82.65164184570312,147.42910766601562,94.5844955444336,107.0588607788086,39.93095779418945,107.55699920654297,258.3543395996094,217.17630004882812,101.47916412353516,67.06355285644531
2022-05-24,137.724609375,251.73504638671875,16.12464141845703,39.24974822998047,91.16000366210938,162.5618438720703,43.447750091552734,462.8460693359375,83.80451202392578,128.90814208984375,114.19371795654297,32.178077697753906,283.86004638671875,39.304466247558594,46.00020217895508,83.10059356689453,148.218994140625,94.98360443115234,108.04529571533203,40.01298141479492,104.0999984741211,260.06146240234375,223.1258544921875,100.22737884521484,66.42416381835938
2022-05-25,137.88160705566406,254.54701232910156,16.94415283203125,39.748966217041016,92.6500015258789,160.96670532226562,43.69179153442383,463.33905029296875,83.01641082763672,131.37200927734375,114.9889907836914,32.34956741333008,284.71893310546875,40.05804443359375,46.017669677734375,84.7731704711914,150.59713745117188,96.47586822509766,111.23857116699219,41.0611686706543,106.7750015258789,265.164794921875,222.66049194335938,101.07746124267578,66.20492553710938
2022-05-26,141.08042907714844,257.8242492675781,17.818557739257812,40.95462417602539,98.75,160.82333374023438,43.9195671081543,467.1903076171875,81.74127197265625,130.17031860351562,116.97718048095703,33.098731994628906,292.6123352050781,41.40178298950195,47.231414794921875,85.07247924804688,151.61019897460938,98.16764831542969,111.78193664550781,42.55593490600586,111.07749938964844,273.5107116699219,226.38348388671875,105.50546264648438,68.0409164428711
2022-05-27,146.8303680419922,264.9413757324219,18.776813507080078,41.96247863769531,102.26000213623047,162.28404235839844,43.85448455810547,471.7297668457031,82.42312622070312,129.67755126953125,118.6309814453125,33.41464614868164,297.0879211425781,41.66508483886719,46.82101821899414,85.90876770019531,153.0611572265625,99.42564392089844,114.39844512939453,43.94136047363281,115.14649963378906,278.614013671875,229.832763671875,108.35466766357422,70.06871032714844
2022-05-31,146.04541015625,263.6130065917969,18.638071060180664,41.840030670166016,101.86000061035156,160.88607788085938,43.14676284790039,462.12042236328125,81.49334716796875,127.40385437011719,119.49851989746094,33.577117919921875,297.33349609375,41.55613327026367,46.63764572143555,84.50907135009766,149.95323181152344,97.48226928710938,114.49037170410156,42.04320526123047,120.20950317382812,273.4564514160156,230.1430206298828,111.02640533447266,71.70374298095703
2022-06-01,145.91783142089844,264.1462707519531,18.286701202392578,41.54803466796875,101.22000122070312,159.2550506591797,42.60173416137695,458.18560791015625,80.70523834228516,126.2367935180664,117.40190887451172,33.098731994628906,292.7850646972656,41.00228500366211,45.746971130371094,86.12883758544922,151.37841796875,100.42338562011719,116.9731216430664,42.70183181762695,121.68399810791016,270.1297302246094,227.46937561035156,110.86761474609375,69.67594909667969
2022-06-02,148.3709259033203,266.2406311035156,19.556394577026367,42.235633850097656,108.58999633789062,158.7532196044922,42.85390853881836,457.91583251953125,79.69576263427734,126.86785125732422,119.29065704345703,33.31660842895508,294.9682312011719,41.15664291381836,45.781898498535156,85.97917938232422,151.10369873046875,99.73797607421875,116.56351470947266,42.354225158691406,125.51100158691406,278.01947021484375,228.47312927246094,115.28623962402344,72.54407501220703
2022-06-03,142.65037536621094,261.81915283203125,18.68598175048828,40.86985397338867,106.30000305175781,158.0989990234375,43.276912689208984,451.7297668457031,79.6160659790039,127.23097229003906,117.62786102294922,32.853614807128906,289.90130615234375,40.69359588623047,44.82139205932617,87.2292251586914,152.4773712158203,102.47956085205078,119.10477447509766,43.42451477050781,122.3499984741211,277.3013610839844,227.8859100341797,113.26811218261719,72.20613098144531
2022-06-06,143.3960723876953,260.5877685546875,18.75185775756836,40.822757720947266,105.6500015258789,158.08108520507812,43.325721740722656,455.98095703125,79.55408477783203,126.67765808105469,117.23925018310547,32.81731033325195,291.56597900390625,40.965980529785156,44.88250732421875,87.00914001464844,151.81625366210938,101.83756256103516,117.95954132080078,43.19581985473633,124.79000091552734,276.2196960449219,227.6197967529297,112.59383392333984,72.14217376708984
2022-06-07,145.91783142089844,264.22381591796875,18.8916072845459,41.0017204284668,105.27999877929688,159.81961059570312,43.89515686035156,462.41815185546875,80.12080383300781,128.93408203125,117.5465087890625,32.99887466430664,292.4756774902344,41.28375244140625,45.493751525878906,90.99690246582031,154.70956420898438,106.46179962158203,121.9887466430664,44.76008605957031,123.0,274.292724609375,228.41810607910156,113.9423599243164,72.58975219726562
2022-06-08,145.1819305419922,262.197265625,18.618045806884766,38.83530807495117,101.9000015258789,158.8696746826172,43.496551513671875,459.09716796875,79.23529815673828,129.02915954589844,115.67581176757812,32.58128356933594,286.26251220703125,40.521087646484375,44.891239166259766,92.07086944580078,155.5079803466797,105.7243423461914,121.82996368408203,45.34554672241211,121.18000030517578,270.43878173828125,225.36256408691406,114.62601470947266,71.67634582519531
2022-06-09,139.96182250976562,256.7479248046875,18.01900863647461,37.68616485595703,98.80000305175781,155.6704864501953,42.12178421020508,455.28326416015625,77.92475891113281,125.72669219970703,113.24481964111328,31.3284969329834,276.74713134765625,38.74154281616211,43.63383483886719,90.08139038085938,152.40869140625,102.8613052368164,119.1131362915039,44.03741455078125,116.1500015258789,272.556640625,222.19696044921875,111.0673599243164,72.0782470703125
2022-06-10,134.55528259277344,245.30638122558594,16.946735382080078,36.90437316894531,94.81999969482422,154.63088989257812,40.649383544921875,450.8182067871094,77.1986083984375,123.798828125,108.03939819335938,30.112031936645508,261.100341796875,36.38999557495117,41.660396575927734,88.43521881103516,150.58856201171875,101.3603744506836,120.37538146972656,43.186668395996094,109.6500015258789,262.90362548828125,217.81101989746094,107.44316101074219,69.1187515258789
2022-06-13,129.40383911132812,234.90225219726562,15.621867179870605,35.57627487182617,86.98999786376953,153.0716094970703,38.97362518310547,436.9297790527344,75.26821899414062,120.53096771240234,104.8221664428711,29.068056106567383,257.73443603515625,35.40034103393555,39.896522521972656,84.37703704833984,143.66009521484375,96.96170043945312,110.95433807373047,40.542964935302734,103.66999816894531,257.37725830078125,218.8112030029297,103.4256362915039,66.09532928466797
2022-06-14,130.26731872558594,237.0645751953125,15.810561180114746,35.72697067260742,86.98999786376953,150.7236785888672,38.98176574707031,429.5344543457031,75.43782043457031,118.9748306274414,103.07798767089844,28.559682846069336,257.0249328613281,33.98397445678711,40.132301330566406,84.59709930419922,143.8489990234375,96.72745513916016,111.23400115966797,39.536705017089844,102.30999755859375,253.29608154296875,219.0772705078125,103.68785095214844,66.04964447021484
2022-06-15,132.88717651367188,244.11375427246094,16.50045394897461,36.4051628112793,89.30000305175781,152.33677673339844,39.46171188354492,431.9344482421875,75.55390167236328,119.38115692138672,104.29801940917969,29.095291137695312,263.8749694824219,34.65583038330078,41.54688262939453,83.53193664550781,141.0243377685547,94.85346221923828,108.01376342773438,37.98158645629883,107.66999816894531,254.2595672607422,219.20574951171875,106.23509216308594,67.76689910888672
2022-06-16,127.61799621582031,237.52993774414062,15.57594108581543,35.171241760253906,82.05000305175781,152.41741943359375,38.62382888793945,425.7823791503906,75.7860107421875,120.29753875732422,102.5086669921875,28.913728713989258,259.2445983886719,34.1837158203125,40.944374084472656,80.45088195800781,133.48634338378906,88.85842895507812,101.31906127929688,35.20066452026367,103.66000366210938,248.56048583984375,215.8016357421875,100.31649780273438,64.80738067626953
2022-06-17,129.08982849121094,240.1285400390625,15.8544921875,34.82273864746094,81.56999969482422,151.86183166503906,37.85103225708008,422.0201721191406,75.54497528076172,119.54542541503906,102.14717102050781,28.977277755737305,254.5232696533203,34.937294006347656,40.62128829956055,75.81168365478516,127.39070129394531,81.32775115966797,94.63279724121094,33.51746368408203,106.22000122070312,246.07907104492188,215.05838012695312,100.52252960205078,65.64774322509766
2022-06-21,133.3189239501953,246.0335693359375,16.539392471313477,35.53859329223633,83.79000091552734,155.0431365966797,39.136322021484375,448.4022521972656,78.58926391601562,124.03228759765625,104.67758178710938,29.821537017822266,259.0899353027344,35.40034103393555,41.878692626953125,80.53011322021484,132.7222442626953,86.13419342041016,99.70045471191406,35.511680603027344,108.68000030517578,244.68838500976562,219.83889770507812,101.77741241455078,66.64338684082031
2022-06-22,132.80868530273438,245.44215393066406,16.333724975585938,35.208919525146484,83.75,157.48965454101562,39.917259216308594,457.1402893066406,79.59808349609375,127.568115234375,104.09014892578125,29.594587326049805,258.84429931640625,35.04624938964844,41.21506881713867,77.3434066772461,126.95284271240234,80.73779296875,93.87010192871094,34.32246398925781,108.94999694824219,244.4884033203125,223.02281188964844,98.25621032714844,66.95394134521484
2022-06-23,135.67384338378906,250.99807739257812,16.198938369750977,35.2371826171875,82.43000030517578,161.0025634765625,40.747005462646484,466.59710693359375,82.1335220336914,129.2020721435547,102.95146942138672,29.122528076171875,260.3271179199219,34.410701751708984,40.47285079956055,75.01060485839844,122.28236389160156,76.25234985351562,90.81935119628906,31.998937606811523,112.44000244140625,250.34205627441406,223.4999237060547,101.14059448242188,68.6894302368164
2022-06-24,139.00021362304688,259.569580078125,17.098491668701172,36.367488861083984,87.08000183105469,163.3594512939453,41.967220306396484,462.70416259765625,83.1423110961914,131.70053100585938,106.02410125732422,29.331321716308594,275.4098815917969,37.007389068603516,41.791385650634766,76.49830627441406,124.29133605957031,78.87247467041016,93.71757507324219,32.072120666503906,116.45999908447266,257.2318115234375,227.4637908935547,105.73876190185547,71.34749603271484
2022-06-27,139.00021362304688,256.8450012207031,16.841903686523438,36.386322021484375,86.16000366210938,163.20709228515625,42.203128814697266,472.058349609375,84.28504943847656,132.39215087890625,105.17462921142578,29.367633819580078,273.6177062988281,36.53526306152344,41.76518249511719,78.37335968017578,126.69529724121094,80.63861846923828,96.40393829345703,32.83137512207031,113.22000122070312,256.95001220703125,226.66554260253906,103.4818344116211,70.95471954345703
2022-06-28,134.8594512939453,248.6903839111328,15.956329345703125,35.5856819152832,80.77999877929688,158.56503295898438,41.21068572998047,474.6536865234375,82.03530883789062,131.83021545410156,104.66854095458984,29.285930633544922,272.44427490234375,36.48078155517578,41.22380447387695,80.54769897460938,128.7300262451172,83.25283813476562,100.2597427368164,33.81934356689453,107.4000015258789,245.55184936523438,222.81179809570312,96.25215148925781,69.73075866699219
2022-06-29,136.6158447265625,252.35556030273438,15.517035484313965,35.12415313720703,77.98999786376953,158.60986328125,41.43845748901367,481.4406433105469,82.58880615234375,133.2566680908203,104.1986083984375,28.922807693481445,275.8919677734375,36.054054260253906,41.12774658203125,77.57231140136719,126.18872833251953,79.96537780761719,95.94631958007812,33.0966682434082,108.91999816894531,248.93312072753906,227.3170166015625,96.69227600097656,69.81295013427734
2022-06-30,134.15296936035156,249.02972412109375,15.134650230407715,35.2371826171875,76.47000122070312,159.07582092285156,42.650535583496094,479.498779296875,81.39250946044922,132.40940856933594,101.76761627197266,28.26010513305664,270.19732666015625,35.56377029418945,40.15849685668945,75.38914489746094,124.29994201660156,78.52274322509766,93.59046173095703,32.71245574951172,106.20999908447266,249.2967071533203,226.5279083251953,95.70896911621094,69.77641296386719
2022-07-01,136.32147216796875,251.6962127685547,14.49967098236084,34.22932815551758,73.66999816894531,160.8770751953125,42.55292510986328,483.01824951171875,82.50846862792969,132.9627227783203,103.06897735595703,28.65046501159668,272.2077331542969,36.244720458984375,40.92690658569336,77.07052612304688,125.78524780273438,79.54572296142578,94.59042358398438,32.611846923828125,109.55999755859375,253.66873168945312,232.10670471191406,94.7537612915039,72.39794158935547
2022-07-05,138.90208435058594,254.86691284179688,14.939964294433594,34.558998107910156,75.19999694824219,159.64039611816406,42.007896423339844,471.6662902832031,82.70487976074219,133.0751190185547,102.67693328857422,28.35996437072754,270.36102294921875,36.40814208984375,40.69988250732422,74.65848541259766,122.47982788085938,74.00251007080078,88.82788848876953,30.489551544189453,113.5,257.8953552246094,231.49191284179688,97.69434356689453,72.63540649414062
2022-07-06,140.2365264892578,258.1248474121094,15.105697631835938,34.84157180786133,75.3499984741211,159.78379821777344,42.910858154296875,481.0484313964844,83.1423110961914,131.86480712890625,102.0113754272461,28.12393569946289,267.231689453125,35.86338424682617,40.2982063293457,73.31163024902344,120.86576080322266,72.86589050292969,85.51443481445312,29.94068145751953,114.33000183105469,257.759033203125,230.73033142089844,97.61003875732422,72.0325698852539
2022-07-07,143.60214233398438,260.2483825683594,15.832525253295898,35.924774169921875,79.30000305175781,159.96302795410156,43.455875396728516,480.1988830566406,83.03520202636719,131.40658569335938,104.59150695800781,28.922807693481445,271.6346435546875,36.42630386352539,40.97930908203125,75.65325164794922,123.21817779541016,75.49759674072266,89.03974914550781,31.450075149536133,116.33000183105469,260.58587646484375,232.08831787109375,101.26234436035156,72.37966918945312
2022-07-08,144.27920532226562,259.5308532714844,15.812560081481934,35.78348922729492,79.3499984741211,159.76585388183594,43.25251007080078,484.16650390625,82.8298568725586,132.14141845703125,104.26331329345703,28.859262466430664,269.6969909667969,36.48078155517578,40.88325119018555,75.7764663696289,122.57428741455078,75.5937728881836,89.42108917236328,31.39518165588379,115.54000091552734,260.38592529296875,232.3636016845703,101.07505798339844,72.41620635986328
2022-07-11,142.14991760253906,256.4764709472656,15.127660751342773,35.039371490478516,76.94999694824219,159.82858276367188,43.024742126464844,482.59814453125,84.18685150146484,132.46994018554688,102.89574432373047,28.559682846069336,266.7040710449219,36.12669372558594,40.3331413269043,75.38914489746094,121.49252319335938,74.79816436767578,87.87876892089844,30.526140213012695,111.75,260.3132019042969,232.40029907226562,98.43414306640625,71.15569305419922
2022-07-12,143.121337890625,245.96571350097656,15.057771682739258,35.048789978027344,76.36000061035156,157.58822631835938,42.33327865600586,480.23626708984375,83.5619125366211,131.80426025390625,102.99600982666016,28.468902587890625,266.1127624511719,35.95418167114258,40.28074645996094,74.38560485839844,119.26886749267578,72.9620590209961,84.31107330322266,29.94068145751953,109.22000122070312,259.1587829589844,230.74867248535156,97.1698989868164,71.02781677246094
2022-07-13,142.75830078125,245.04457092285156,15.139639854431152,35.048789978027344,77.5199966430664,157.2207794189453,42.12991714477539,467.9320983886719,83.71368408203125,131.53628540039062,102.02960968017578,27.996841430664062,263.94769287109375,35.47298049926758,39.730621337890625,74.68490600585938,118.47044372558594,72.66481018066406,84.22633361816406,29.53818130493164,110.4000015258789,261.0312194824219,231.840576171875,98.43414306640625,71.17395782470703
2022-07-14,145.68234252929688,246.36325073242188,15.347308158874512,35.51974868774414,78.5999984741211,157.43588256835938,41.804527282714844,469.0430603027344,83.8118896484375,131.2744903564453,98.4648208618164,27.352298736572266,256.1607360839844,35.17335891723633,38.54307556152344,73.18838500976562,116.7104263305664,71.35332489013672,81.2206802368164,28.659997940063477,110.62999725341797,263.121826171875,231.77638244628906,96.66419982910156,71.4297103881836
2022-07-15,147.3503875732422,248.92306518554688,15.73668098449707,36.37689208984375,81.11000061035156,159.72103881835938,42.09737777709961,494.547607421875,84.77607727050781,134.0493621826172,102.97779083251953,29.27685546875,267.3317565917969,37.34331512451172,43.64256286621094,74.42082214355469,118.17852020263672,72.47245025634766,83.06504821777344,29.547325134277344,113.55000305175781,265.7850036621094,233.98768615722656,98.05020141601562,72.72677612304688
2022-07-18,144.3086395263672,246.52809143066406,16.07513999938965,36.461673736572266,81.43000030517578,156.13645935058594,41.283905029296875,484.8572998046875,82.43704986572266,130.51531982421875,101.92019653320312,29.285930633544922,274.0544128417969,37.39779281616211,43.721153259277344,75.7940902709961,119.83551788330078,74.37846374511719,84.98627471923828,30.306596755981445,113.76000213623047,266.36669921875,231.61119079589844,97.33847045898438,73.28396606445312
2022-07-19,148.16482543945312,251.647705078125,16.964704513549805,37.88396453857422,85.87999725341797,153.8602294921875,41.78825759887695,498.0017395019531,82.45491790771484,130.6636962890625,104.44563293457031,30.27544403076172,289.328125,38.95036315917969,45.51994705200195,77.70433044433594,124.1540298461914,77.35990905761719,88.47864532470703,31.30370330810547,118.20999908447266,272.5293273925781,235.3548583984375,102.2550277709961,75.40311431884766
2022-07-20,150.16651916503906,254.30447387695312,17.77839469909668,38.204219818115234,89.43000030517578,152.98202514648438,41.340843200683594,484.9506530761719,80.03553771972656,128.8748321533203,104.42739868164062,30.284517288208008,292.421142578125,38.786930084228516,45.799373626708984,78.5582275390625,125.7938232421875,79.30962371826172,90.14369201660156,31.23051643371582,122.7699966430664,274.7745056152344,233.59315490722656,104.05307006835938,76.06076049804688
2022-07-21,152.43316650390625,256.7965393066406,18.021005630493164,38.25131607055664,91.08999633789062,153.51968383789062,41.58488464355469,487.7420349121094,80.47297668457031,128.9271697998047,105.13853454589844,30.54778480529785,297.05145263671875,39.295379638671875,45.9216194152832,77.24658203125,124.83226013183594,77.75334930419922,88.42739868164062,30.763988494873047,124.62999725341797,277.2286071777344,232.57467651367188,104.53070068359375,76.3073959350586
2022-07-22,151.1968231201172,252.4525146484375,17.291179656982422,36.923213958740234,88.0999984741211,154.24559020996094,41.67436599731445,486.76177978515625,80.44619750976562,129.55545043945312,104.62799072265625,30.348073959350586,294.6771545410156,39.19550704956055,45.32783889770508,76.65679168701172,123.79342651367188,77.05387115478516,86.2414779663086,32.081260681152344,122.41999816894531,278.67388916015625,233.0518035888672,102.18946838378906,76.35306549072266
2022-07-25,150.07821655273438,250.96896362304688,16.996652603149414,36.88554000854492,87.54000091552734,154.55027770996094,42.113643646240234,494.2861022949219,80.8211669921875,131.08251953125,105.04737854003906,30.62040901184082,294.8499755859375,39.495121002197266,45.546142578125,79.20967102050781,127.47655487060547,80.48120880126953,90.06684112548828,33.0875244140625,121.13999938964844,278.2739562988281,229.73936462402344,102.33930206298828,74.44402313232422
2022-07-26,148.7535858154297,244.24948120117188,16.50644302368164,36.69715118408203,85.25,155.6435546875,42.54478454589844,496.26531982421875,81.4996566772461,131.64968872070312,103.40629577636719,30.003101348876953,289.7829895019531,38.95036315917969,44.88250732421875,78.90155792236328,126.48066711425781,79.64188385009766,88.58963775634766,32.566097259521484,114.80999755859375,271.02960205078125,235.89622497558594,98.51844024658203,73.3570327758789
2022-07-27,153.8461151123047,260.5780334472656,17.761425018310547,37.846290588378906,89.81999969482422,155.21340942382812,42.26007080078125,499.084716796875,81.44610595703125,131.89402770996094,105.06561279296875,30.493322372436523,295.2320556640625,39.685787200927734,45.7120475769043,80.60934448242188,128.146240234375,81.54790496826172,92.38085174560547,33.233890533447266,120.97000122070312,271.69317626953125,237.54786682128906,101.00949096679688,75.77759552001953
2022-07-28,154.39561462402344,268.01507568359375,17.95511245727539,37.40359878540039,91.66999816894531,156.1095733642578,41.57965087890625,505.5074462890625,80.29443359375,130.67237854003906,104.6735610961914,30.248210906982422,299.38934326171875,39.33169937133789,45.60725784301758,81.55125427246094,129.11636352539062,82.23860931396484,91.69773864746094,32.666717529296875,122.27999877929688,272.3475341796875,241.7410888671875,105.1019515991211,77.33956146240234
2022-07-29,159.458740234375,272.2135314941406,18.13382339477539,34.20106887817383,94.47000122070312,156.39633178710938,41.40748977661133,506.3011169433594,79.75878143310547,125.22733306884766,105.17500305175781,30.69304084777832,303.2828674316406,39.8310661315918,45.765987396240234,85.32776641845703,140.61227416992188,85.18506622314453,94.96810150146484,33.87422180175781,134.9499969482422,273.5382995605469,241.6585235595703,107.62107849121094,77.44002532958984
2022-08-01,158.4774932861328,269.5665283203125,18.411380767822266,34.81331253051758,96.77999877929688,155.84970092773438,41.48947525024414,499.80352783203125,79.03563690185547,122.35648345947266,104.12653350830078,30.602256774902344,302.09112548828125,39.53144454956055,45.783626556396484,83.17102813720703,137.80484008789062,83.14788818359375,91.8599853515625,33.29792022705078,135.38999938964844,277.9739685058594,242.44760131835938,107.04045867919922,77.55878448486328
2022-08-02,157.00564575195312,266.473388671875,18.496238708496094,33.91849136352539,99.29000091552734,154.9624786376953,40.735260009765625,499.878173828125,78.21430969238281,122.50482940673828,102.50369262695312,29.99402618408203,298.2705078125,38.932212829589844,44.75190734863281,82.81009674072266,136.62867736816406,82.80691528320312,91.52696990966797,33.563201904296875,134.16000366210938,273.32928466796875,239.52972412109375,104.67115783691406,76.46269226074219
2022-08-03,163.01077270507812,273.8910827636719,18.86264991760254,34.398868560791016,98.08999633789062,156.45907592773438,40.8746337890625,504.7232666015625,78.22325134277344,123.21163177490234,103.57952880859375,30.538705825805664,303.0827941894531,39.84921646118164,45.5102653503418,80.12518310546875,133.38336181640625,79.84296417236328,88.4700927734375,32.51121139526367,139.52000427246094,278.47393798828125,240.48403930664062,107.021728515625,79.71446990966797
2022-08-04,162.69677734375,275.0351867675781,19.18413543701172,33.92791748046875,103.91000366210938,153.94979858398438,40.8746337890625,498.2816467285156,77.509033203125,121.22210693359375,102.43985748291016,30.32084083557129,301.9001159667969,39.09959030151367,45.20162582397461,76.75360870361328,129.76026916503906,78.5839614868164,85.2339096069336,31.056718826293945,142.57000732421875,279.2010498046875,239.15359497070312,107.20904541015625,79.35823822021484
2022-08-05,162.47076416015625,274.3176574707031,18.95849609375,33.67102813720703,102.30999755859375,153.34043884277344,40.39095687866211,499.5046691894531,78.03577423095703,120.4542007446289,105.53970336914062,30.829212188720703,304.4472351074219,40.00462341308594,45.554359436035156,77.86278533935547,131.90663146972656,81.18069458007812,91.37328338623047,31.706207275390625,140.8000030517578,281.4915466308594,237.85980224609375,106.63778686523438,78.30780029296875
2022-08-08,161.99911499023438,271.80633544921875,17.76441764831543,33.66151809692383,100.06999969482422,152.5249481201172,40.63688659667969,500.9422607421875,78.99993896484375,122.46119689941406,104.25418853759766,30.40254020690918,304.45635986328125,39.48353958129883,45.386817932128906,78.30294799804688,131.70919799804688,81.86265563964844,91.52696990966797,31.697057723999023,139.41000366210938,283.56402587890625,235.63009643554688,106.7595443725586,78.29863739013672
2022-08-09,162.04827880859375,273.7261962890625,17.05855369567871,32.843284606933594,95.54000091552734,152.50706481933594,40.80904769897461,501.5585021972656,79.91946411132812,122.38265991210938,105.19324493408203,30.792888641357422,306.22119140625,39.67552185058594,45.933536529541016,79.74663543701172,133.42628479003906,83.50637817382812,92.42352294921875,32.008079528808594,137.8300018310547,277.41949462890625,238.6213836669922,103.1166000366211,77.49483489990234
2022-08-10,166.29306030273438,280.3778076171875,18.06793212890625,33.65199661254883,99.05000305175781,152.9461669921875,40.94841003417969,501.9880065917969,79.62487030029297,122.98477172851562,107.93749237060547,31.836870193481445,316.4916687011719,40.525718688964844,46.903526306152344,80.50370025634766,133.77825927734375,83.91732025146484,93.0639419555664,31.94404411315918,142.69000244140625,283.2095642089844,239.81417846679688,105.95413970947266,79.00198364257812
2022-08-11,165.55609130859375,278.3028564453125,17.913177490234375,33.86130905151367,98.12000274658203,149.78271484375,39.58756637573242,497.4508972167969,79.39276123046875,123.97954559326172,109.53299713134766,32.59942626953125,319.92120361328125,41.366764068603516,47.61779022216797,82.8324966430664,137.0407257080078,87.74681854248047,96.9490737915039,33.74615478515625,140.63999938964844,282.40057373046875,237.9056854248047,106.85317993164062,80.16864776611328
2022-08-12,169.10325622558594,283.04425048828125,18.67894744873047,34.35605239868164,100.83000183105469,148.1337890625,41.0795783996582,507.570556640625,81.25861358642578,124.43328857421875,111.34729766845703,32.9534797668457,321.86798095703125,41.99754333496094,47.952884674072266,83.5524673461914,137.23818969726562,89.83646392822266,97.76026153564453,33.974853515625,143.5500030517578,286.2181091308594,240.56661987304688,108.69806671142578,81.12403106689453
2022-08-15,170.1742401123047,284.5570068359375,19.001426696777344,34.574886322021484,101.01000213623047,148.84176635742188,40.78445816040039,508.4481201171875,80.88363647460938,124.16275787353516,111.6481704711914,32.908084869384766,323.7146301269531,41.82386016845703,47.67951965332031,82.0592041015625,134.6282196044922,88.50152587890625,95.87320709228516,32.71245574951172,143.17999267578125,285.9636535644531,243.55784606933594,108.93218994140625,81.90486145019531
2022-08-16,170.01705932617188,283.820068359375,18.848674774169922,34.43217086791992,100.19999694824219,150.16807556152344,40.8746337890625,509.8298034667969,80.87472534179688,124.3896713256836,112.7148666381836,33.26213455200195,322.9140319824219,42.10725402832031,47.776527404785156,81.29479217529297,134.2848358154297,87.9130859375,95.98420715332031,32.54780197143555,144.77999877929688,297.5708923339844,244.33782958984375,110.5616683959961,82.12532806396484
2022-08-17,171.51058959960938,283.0718688964844,18.30554962158203,34.042083740234375,98.2699966430664,150.17706298828125,40.39095687866211,508.7841796875,81.2764663696289,123.42107391357422,111.76669311523438,33.05333709716797,321.79510498046875,42.18038558959961,47.406150817871094,81.9525375366211,135.392333984375,89.01969909667969,97.07716369628906,32.38314437866211,142.10000610351562,296.0983581542969,244.82408142089844,109.60643005371094,81.16075897216797
2022-08-18,171.11753845214844,281.9543762207031,18.74284553527832,34.441688537597656,100.44000244140625,149.451171875,39.82530212402344,508.98944091796875,81.59786987304688,123.2901611328125,110.90055847167969,32.935325622558594,322.5047607421875,42.18038558959961,47.220985412597656,83.8902359008789,137.76612854003906,92.11112213134766,101.60269927978516,33.9657096862793,142.3000030517578,295.5984802246094,244.60389709472656,108.641845703125,81.3445053100586
2022-08-19,168.53334045410156,278.0481872558594,17.820327758789062,33.66151809692383,95.94999694824219,151.72740173339844,40.29258346557617,511.88360595703125,82.2049331665039,123.77882385253906,108.15631103515625,32.20907974243164,317.7287902832031,41.45817565917969,46.3920783996582,83.62359619140625,136.61386108398438,92.33948516845703,101.39775085449219,33.95656204223633,138.22999572753906,292.06268310546875,244.5672149658203,105.97289276123047,79.84712219238281
2022-08-22,164.65213012695312,269.88604736328125,17.006637573242188,32.196311950683594,92.83999633789062,151.19509887695312,40.0876350402832,508.3828430175781,81.38359832763672,122.46119689941406,106.36934661865234,31.51914405822754,311.49737548828125,40.598846435546875,45.19281005859375,83.5613784790039,135.929443359375,92.42730712890625,101.52586364746094,33.77360534667969,133.22000122070312,283.7821350097656,241.273193359375,103.33197784423828,78.03744506835938
2022-08-23,164.31800842285156,268.6131286621094,17.153400421142578,32.30097579956055,92.48999786376953,149.8779296875,39.35801696777344,500.195556640625,80.52655029296875,121.3093490600586,105.32088470458984,31.23771858215332,309.4596252441406,40.56228256225586,44.92827224731445,87.10790252685547,140.33917236328125,95.24649047851562,103.98501586914062,36.00566864013672,133.6199951171875,278.95562744140625,239.06178283691406,103.650390625,77.79859924316406
2022-08-24,164.61277770996094,267.9815368652344,17.194334030151367,32.2153434753418,92.7300033569336,149.38174438476562,38.88254928588867,500.811767578125,80.35693359375,120.34077453613281,105.57615661621094,31.33757972717285,311.0607604980469,40.80910110473633,44.981178283691406,87.62345123291016,141.37875366210938,97.06448364257812,105.79522705078125,36.50880432128906,133.8000030517578,280.05548095703125,239.35545349121094,104.33402252197266,79.04792785644531
2022-08-25,167.06932067871094,270.95489501953125,17.88422393798828,33.1953125,97.18000030517578,150.78009033203125,39.26784896850586,505.5821838378906,80.58902740478516,121.57986450195312,108.08336639404297,31.900423049926758,315.1998596191406,41.494747161865234,45.90708541870117,88.07675170898438,142.61761474609375,98.43453979492188,106.92236328125,36.74662780761719,137.27999877929688,281.57342529296875,240.91531372070312,106.02906799316406,80.27889251708984
2022-08-26,160.7709197998047,260.4996032714844,16.2338809967041,31.739625930786133,91.18000030517578,148.19989013671875,38.382476806640625,494.08087158203125,79.68737030029297,118.97948455810547,104.54592895507812,30.89275550842285,306.0210266113281,40.19661331176758,43.89655685424805,86.99235534667969,141.56935119628906,98.46968841552734,106.36734008789062,36.060546875,130.75,270.9568786621094,235.76776123046875,101.40281677246094,77.2198486328125
2022-08-29,158.5699005126953,257.7205505371094,15.775619506835938,31.340030670166016,88.48999786376953,147.05413818359375,37.898799896240234,494.5662841796875,78.19647216796875,118.42103576660156,104.29066467285156,30.774744033813477,303.7650451660156,40.15089797973633,43.53500747680664,88.99227905273438,142.6262969970703,99.61141204833984,108.07508850097656,36.9387321472168,129.7899932861328,269.3390197753906,234.5841064453125,101.02821350097656,77.27497863769531
2022-08-30,156.14292907714844,255.5244598388672,15.443153381347656,30.693058013916016,86.94000244140625,146.53988647460938,37.587276458740234,488.09686279296875,77.56259155273438,118.2813949584961,104.30889892578125,30.947216033935547,303.5011901855469,40.352020263671875,43.2792854309082,85.6057357788086,139.15228271484375,97.04692077636719,104.0533218383789,35.383602142333984,128.72999572753906,266.4122314453125,232.59300231933594,101.00949096679688,76.62274932861328
2022-08-31,154.48236083984375,254.06689453125,15.069753646850586,30.36957359313965,84.87000274658203,145.5565643310547,37.07901382446289,484.8200378417969,76.20561981201172,117.3302993774414,103.68891143798828,30.511470794677734,304.9127197265625,39.958919525146484,43.04119873046875,84.96575164794922,136.93443298339844,96.12474822998047,103.57515716552734,34.898780822753906,126.7699966430664,263.8688049316406,232.7498321533203,99.68904113769531,77.22904968261719
2022-09-01,155.20944213867188,253.0272674560547,13.914612770080566,30.21734619140625,82.33000183105469,149.16522216796875,38.226715087890625,489.1796569824219,77.80365753173828,120.81195068359375,104.40005493164062,30.58457374572754,305.6734619140625,39.94977569580078,42.988285064697266,83.43693542480469,134.7512664794922,94.4384994506836,101.3636245727539,33.70956039428711,127.81999969482422,268.3974609375,236.615478515625,99.72650146484375,78.4508285522461
2022-09-02,153.0968780517578,248.81016540527344,13.625079154968262,29.70357322692871,80.23999786376953,146.81956481933594,37.46430969238281,482.0379943847656,76.9822998046875,118.91840362548828,103.67068481445312,30.54802894592285,303.822021484375,39.6572380065918,43.067649841308594,84.96575164794922,136.7524871826172,96.83614349365234,103.76302337646484,34.82559585571289,127.51000213623047,267.0526428222656,234.8071746826172,99.30854797363281,76.19098663330078
2022-09-06,151.83917236328125,246.07969665527344,13.44337272644043,28.88534927368164,78.72000122070312,147.2165069580078,37.51349639892578,483.2796630859375,77.15193176269531,120.06151580810547,103.69804382324219,30.209922790527344,299.24835205078125,39.20015335083008,42.52092361450195,84.39688873291016,136.1200714111328,95.40457916259766,102.72982025146484,34.33393096923828,126.11000061035156,264.8935241699219,234.6964874267578,98.75446319580078,77.64244079589844
2022-09-07,153.24429321289062,250.78271484375,13.696039199829102,29.1612606048584,79.61000061035156,148.0194854736328,37.816829681396484,487.0138244628906,77.55367279052734,121.03884887695312,105.6673355102539,30.67595100402832,302.9787292480469,40.0777702331543,42.882469177246094,83.67691040039062,134.3787078857422,93.76225280761719,100.05718231201172,34.058223724365234,129.47999572753906,272.1484680175781,238.41452026367188,101.88191986083984,81.12403106689453
2022-09-08,151.77040100097656,251.20046997070312,13.9716796875,29.25640296936035,82.77999877929688,149.21031188964844,38.595619201660156,492.4564208984375,78.0447006225586,122.6182861328125,108.12895965576172,31.662853240966797,307.3966064453125,41.34847640991211,44.00237274169922,84.3613510131836,135.1064453125,95.13232421875,101.02205657958984,35.07832336425781,129.82000732421875,274.3716735839844,239.9459686279297,102.11671447753906,82.18043518066406
2022-09-09,154.6297149658203,256.9723205566406,14.368157386779785,29.931917190551758,85.44999694824219,149.49900817871094,39.21866226196289,491.0330505371094,77.97327423095703,123.40361785888672,108.64863586425781,31.92784309387207,311.7228088378906,41.43989944458008,44.681358337402344,85.77462005615234,138.58914184570312,98.33795928955078,105.33414459228516,36.438446044921875,133.27000427246094,274.2526550292969,239.4293212890625,104.2204818725586,81.47311401367188
2022-09-12,160.58416748046875,259.10028076171875,14.486003875732422,30.027057647705078,84.63999938964844,149.43585205078125,39.153072357177734,497.5040283203125,78.70532989501953,124.11914825439453,109.93415069580078,32.229408264160156,313.99578857421875,41.622737884521484,44.857723236083984,86.76124572753906,140.7809600830078,100.46331787109375,107.9384765625,36.89794921875,136.4499969482422,272.2124938964844,240.2135467529297,105.5447006225586,81.82218933105469
2022-09-13,151.16122436523438,244.85537719726562,13.113801956176758,27.86731719970703,77.02999877929688,145.54750061035156,37.86601638793945,481.3123474121094,77.02694702148438,120.88179016113281,106.11407470703125,31.068885803222656,300.98980712890625,39.5109748840332,43.208736419677734,84.73465728759766,138.1039581298828,98.65412139892578,104.9499282836914,35.35402297973633,126.81999969482422,254.2718048095703,234.64114379882812,99.289794921875,80.69227600097656
2022-09-14,152.60560607910156,245.07887268066406,13.110806465148926,27.762662887573242,77.44999694824219,148.5517578125,37.833221435546875,477.3885192871094,78.25086975097656,121.77181243896484,105.867919921875,30.950098037719727,299.9540710449219,39.565826416015625,42.706111907958984,86.8145751953125,141.4481201171875,103.3791275024414,109.54864501953125,36.980655670166016,128.5500030517578,252.8170928955078,235.9235382080078,100.4919204711914,85.15680694580078
2022-09-15,149.71678161621094,238.43252563476562,12.912068367004395,27.439176559448242,76.66000366210938,148.9306640625,37.66106414794922,489.69378662109375,78.07089233398438,124.35474395751953,107.46340942382812,31.5349178314209,303.9503479003906,40.352020263671875,42.71492385864258,84.29024505615234,139.15228271484375,101.4908676147461,105.94398498535156,36.42007064819336,126.27999877929688,248.42572021484375,233.84771728515625,99.08316802978516,84.71587371826172
2022-09-16,148.07586669921875,237.81065368652344,13.180716514587402,27.819747924804688,76.51000213623047,151.2041473388672,37.73484420776367,487.9239196777344,78.94384002685547,125.707275390625,106.74317169189453,31.178537368774414,298.9916687011719,40.16918182373047,42.42393493652344,82.85028839111328,135.53958129882812,99.3567123413086,104.9844741821289,35.262123107910156,123.52999877929688,252.4785919189453,235.17620849609375,97.787109375,83.8799057006836
2022-09-19,151.79000854492188,237.59689331054688,13.36447525024414,28.010034561157227,76.7699966430664,150.0132598876953,37.25116729736328,490.29315185546875,77.97189331054688,124.48564147949219,107.7278060913086,31.69940185546875,301.2372741699219,40.516578674316406,42.53855895996094,82.84139251708984,135.929443359375,99.12838745117188,104.10275268554688,35.81352996826172,124.66000366210938,256.5498046875,237.11367797851562,100.68917083740234,84.64237976074219
2022-09-20,154.1679229736328,235.58551025390625,13.158744812011719,27.553346633911133,75.25,148.83139038085938,36.70191192626953,489.5908508300781,77.39592742919922,123.708984375,105.603515625,31.224233627319336,296.28790283203125,39.684669494628906,41.66556930541992,82.16585540771484,135.392333984375,98.42576599121094,103.41122436523438,35.381595611572266,122.19000244140625,250.8318328857422,235.62828063964844,96.19051361083984,83.40222930908203
2022-09-21,151.0432586669922,232.18458557128906,13.243632316589355,27.087146759033203,74.4800033569336,147.30674743652344,36.00509262084961,479.55181884765625,76.07301330566406,122.43502044677734,102.55839538574219,30.29216766357422,293.9506530761719,38.642494201660156,40.85429763793945,80.84146118164062,134.29205322265625,97.5650863647461,102.20966339111328,34.53611755371094,118.54000091552734,248.4531707763672,231.64271545410156,93.72047424316406,81.39044189453125
2022-09-22,150.08035278320312,234.15711975097656,12.544549942016602,26.706575393676758,69.5,149.9230499267578,36.53794860839844,484.5901184082031,78.75486755371094,124.791015625,101.39141845703125,29.698200225830078,286.8105773925781,37.95685958862305,40.19295120239258,80.50370025634766,134.18812561035156,96.66050720214844,102.30474853515625,35.13345718383789,117.30999755859375,246.22996520996094,228.74581909179688,92.55587768554688,77.8077621459961
2022-09-23,147.81053161621094,231.18373107910156,12.49960708618164,26.183292388916016,67.95999908447266,150.4102325439453,36.136253356933594,480.9845886230469,78.0978775024414,124.83467102050781,99.50416564941406,28.99458122253418,276.7742614746094,36.942115783691406,39.02895736694336,76.21941375732422,125.42070770263672,88.34342956542969,94.32612609863281,32.16509246826172,113.77999877929688,247.87680053710938,226.90988159179688,91.11894989013672,77.32089233398438
2022-09-26,148.14466857910156,230.72706604003906,12.211986541748047,25.660005569458008,66.30000305175781,149.489990234375,35.931304931640625,476.068115234375,77.55790710449219,123.2203369140625,97.36165618896484,28.35492515563965,270.0374755859375,36.57644271850586,37.909061431884766,74.64614868164062,122.11994171142578,87.1226577758789,90.92027282714844,31.117429733276367,115.1500015258789,243.88792419433594,224.8893585205078,90.21734619140625,77.90882873535156
2022-09-27,149.11741638183594,229.7164764404297,12.39674186706543,25.583890914916992,67.16999816894531,148.80435180664062,36.144447326660156,476.0774230957031,77.25193786621094,123.66537475585938,96.504638671875,27.934585571289062,267.0679016113281,36.5947265625,37.556331634521484,76.21052551269531,122.17191314697266,86.73621368408203,91.1536865234375,31.22769546508789,114.41000366210938,245.81829833984375,218.37594604492188,90.433349609375,77.42195892333984
2022-09-28,147.23085021972656,234.24453735351562,12.719320297241211,25.812232971191406,68.36000061035156,150.08543395996094,36.423179626464844,481.2936096191406,78.0978775024414,126.17847442626953,98.45570373535156,28.3914794921875,275.69268798828125,37.30778884887695,38.27060317993164,78.98375701904297,126.29569244384766,91.76078033447266,96.58226013183594,32.56943893432617,118.01000213623047,258.16912841796875,218.59738159179688,92.69677734375,80.02167510986328
2022-09-29,139.9989776611328,230.77565002441406,12.203997611999512,25.098665237426758,64.13999938964844,148.43446350097656,36.201839447021484,476.5081787109375,77.97189331054688,124.53797149658203,96.78726959228516,28.016822814941406,271.4031677246094,37.02439880371094,37.37997055053711,78.82376098632812,125.42070770263672,92.34880065917969,97.65415954589844,33.056514739990234,114.80000305175781,254.63766479492188,216.25399780273438,89.53173828125,79.52562713623047
2022-09-30,135.7935028076172,226.30587768554688,12.123102188110352,24.518295288085938,63.36000061035156,147.37892150878906,35.873924255371094,472.95892333984375,77.50391387939453,117.11212921142578,95.2738265991211,27.596481323242188,268.5985107421875,36.7684211730957,36.745059967041016,77.60603332519531,124.46773529052734,91.17281341552734,96.58226013183594,32.9921875,113.0,252.451171875,212.87734985351562,78.06438446044922,77.4035873413086
2022-10-03,139.9695281982422,233.9239044189453,12.495614051818848,25.660005569458008,66.11000061035156,147.23455810546875,36.18544006347656,482.7638854980469,78.79086303710938,120.69853973388672,98.21866607666016,28.409757614135742,274.18951416015625,38.01171112060547,37.529869079589844,81.70365142822266,131.45045471191406,97.97025299072266,103.6705551147461,35.19778823852539,115.87999725341797,259.55059814453125,217.12124633789062,80.20571899414062,78.65291595458984
2022-10-04,143.5559539794922,241.83343505859375,13.149755477905273,26.354549407958984,67.9000015258789,149.41781616210938,36.44776916503906,489.9373474121094,79.54680633544922,123.90100860595703,102.81368255615234,29.58854866027832,288.597900390625,39.80351257324219,39.161224365234375,84.68132019042969,136.56187438964844,103.00373840332031,108.20014190673828,35.95137405395508,121.08999633789062,264.91180419921875,220.03662109375,83.24864959716797,81.30775451660156
2022-10-05,143.85073852539062,242.1443634033203,13.191699028015137,26.29746437072754,67.94000244140625,148.9577178955078,36.16904830932617,493.58966064453125,79.54680633544922,125.07027435302734,101.54427337646484,29.168201446533203,283.2176818847656,39.5932502746582,38.658592224121094,88.1034164428711,137.34161376953125,103.2799072265625,108.98676300048828,38.20293045043945,120.94999694824219,265.17706298828125,220.58094787597656,85.55902099609375,82.7867431640625
2022-10-06,142.8976287841797,239.80262756347656,13.112804412841797,25.85980796813965,67.8499984741211,146.07078552246094,35.32466125488281,486.1539001464844,78.69185638427734,122.41754913330078,99.47455596923828,28.74785614013672,279.24896240234375,38.615074157714844,37.97077560424805,90.71665954589844,139.8452911376953,104.81221008300781,110.24016571044922,39.04841232299805,120.30000305175781,265.671142578125,216.57688903808594,84.68559265136719,82.07941436767578
2022-10-07,137.65061950683594,227.6079559326172,12.060185432434082,24.470722198486328,58.439998626708984,144.52801513671875,34.69343185424805,472.781005859375,78.83585357666016,121.08247375488281,97.48766326904297,28.09906578063965,275.95849609375,38.203697204589844,37.203609466552734,89.8011474609375,138.64112854003906,105.578369140625,110.1710205078125,39.14031219482422,114.55999755859375,260.11785888671875,215.13768005371094,81.8586654663086,79.94818115234375
2022-10-10,137.97483825683594,222.7592010498047,11.654716491699219,23.97597885131836,57.810001373291016,144.71751403808594,34.22615051269531,467.1715393066406,81.42772674560547,120.6897964477539,96.57698059082031,28.016822814941406,275.4636535644531,37.89286804199219,36.68333053588867,87.85453033447266,136.13739013671875,104.05496978759766,106.9294204711914,38.71757125854492,113.66999816894531,258.4161071777344,216.76141357421875,81.41724395751953,79.97572326660156
2022-10-11,136.5599365234375,219.02792358398438,11.57082748413086,23.82375144958496,57.630001068115234,146.810546875,34.365509033203125,468.0611877441406,81.94068145751953,123.4821548461914,93.78976440429688,27.203550338745117,269.6617431640625,36.777565002441406,35.66925811767578,87.10790252685547,136.16334533691406,102.96808624267578,106.06501007080078,38.377532958984375,112.20999908447266,258.80950927734375,218.6988525390625,82.63817596435547,79.19491577148438
2022-10-12,135.93109130859375,219.35830688476562,11.484939575195312,24.09966468811035,57.849998474121094,146.7744598388672,34.4556884765625,468.2016296386719,81.37373352050781,122.14706420898438,95.30754089355469,27.285795211791992,270.669921875,37.033538818359375,36.01316452026367,87.49009704589844,136.57052612304688,103.60952758789062,106.72195434570312,38.61648178100586,112.9000015258789,256.6412658691406,218.70806884765625,83.12654876708984,79.80121612548828
2022-10-13,140.50013732910156,227.6079559326172,11.944336891174316,25.136722564697266,58.939998626708984,148.99380493164062,35.23448944091797,477.51959228515625,83.23663330078125,125.98149871826172,100.60601043701172,28.95802879333496,281.44873046875,38.7430534362793,37.87378692626953,90.54777526855469,143.18943786621094,109.34680938720703,110.07593536376953,40.6107177734375,112.52999877929688,258.75457763671875,227.64791870117188,84.11268615722656,82.0977554321289
2022-10-14,135.97039794921875,222.08876037597656,11.212296485900879,24.6514949798584,55.939998626708984,148.37132263183594,35.13611602783203,480.5350341796875,82.9576416015625,125.99913787841797,102.2801742553711,28.967166900634766,274.95941162109375,39.46526336669922,38.12068557739258,88.16564178466797,138.7364044189453,105.08838653564453,104.8412857055664,38.74514389038086,106.9000015258789,252.89942932128906,224.3358154296875,82.22493743896484,79.34188842773438
2022-10-17,139.93020629882812,230.8047637939453,11.872431755065918,25.136722564697266,57.959999084472656,150.29290771484375,35.783748626708984,488.72930908203125,84.70354461669922,127.29490661621094,106.57594299316406,30.72164535522461,281.1187744140625,40.18746566772461,38.438140869140625,89.43669128417969,139.75001525878906,105.44474029541016,105.12821197509766,39.38844680786133,113.79000091552734,257.3182678222656,227.39883422851562,84.49776458740234,81.66602325439453
2022-10-18,141.2468719482422,231.74732971191406,11.951325416564941,24.61343765258789,57.91999816894531,149.76968383789062,36.144447326660156,489.0382995605469,85.14452362060547,127.46239471435547,109.31714630126953,31.87302017211914,287.6629943847656,40.83653259277344,38.93195724487305,89.59671020507812,140.97157287597656,105.02603149414062,107.81512451171875,39.84795379638672,116.36000061035156,260.79486083984375,229.8990478515625,84.22537231445312,81.72113037109375
2022-10-19,141.35496520996094,229.78453063964844,12.03521728515625,24.737119674682617,57.22999954223633,148.5788116455078,35.341060638427734,487.2683410644531,83.92959594726562,126.1666259765625,107.17384338378906,30.99578094482422,285.74737548828125,39.876644134521484,38.217689514160156,92.25437927246094,145.5458984375,107.89466094970703,113.10196685791016,41.78704833984375,115.06999969482422,252.03945922851562,231.3382568359375,83.18291473388672,80.39830017089844
2022-10-20,140.89312744140625,229.46385192871094,12.178030014038086,24.813234329223633,57.77000045776367,148.9577178955078,35.177101135253906,487.7927551269531,83.64159393310547,125.99028015136719,106.8243179321289,30.794748306274414,284.8766784667969,39.90406799316406,37.847328186035156,92.37882232666016,146.37754821777344,108.51827239990234,114.42366790771484,41.98922348022461,115.25,246.5227508544922,230.43414306640625,81.5487289428711,79.72772216796875
2022-10-21,144.70558166503906,235.2648162841797,12.449673652648926,25.660005569458008,58.81999969482422,152.2055206298828,36.84947204589844,499.8265075683594,86.09846496582031,129.63082885742188,112.43550109863281,31.936992645263672,297.9742736816406,40.98280715942383,39.02895736694336,94.09431457519531,150.04220581054688,110.90585327148438,117.38883972167969,46.32691192626953,119.31999969482422,252.0760498046875,234.84408569335938,83.1171646118164,81.39961242675781
2022-10-24,146.84762573242188,240.24961853027344,12.582499504089355,25.85980796813965,58.70000076293945,154.25350952148438,37.33314514160156,507.1966552734375,87.62840270996094,133.00689697265625,112.57347106933594,32.046634674072266,301.27398681640625,41.321048736572266,39.161224365234375,94.75208282470703,149.99024963378906,111.48493194580078,117.09319305419922,47.92597579956055,119.81999969482422,259.1480712890625,235.5544891357422,82.6569595336914,76.94425964355469
2022-10-25,149.68731689453125,243.56301879882812,13.243632316589355,26.07863426208496,61.470001220703125,154.00987243652344,37.37412643432617,505.9041442871094,87.93437194824219,132.06373596191406,112.86784362792969,32.339054107666016,304.66522216796875,41.476463317871094,39.96366882324219,94.11207580566406,151.5496063232422,110.4158706665039,114.78018188476562,48.22005844116211,120.5999984741211,265.5521545410156,235.93275451660156,86.14131164550781,78.27627563476562
2022-10-26,146.74937438964844,224.77061462402344,12.879112243652344,25.888347625732422,59.72999954223633,155.3631591796875,37.75943374633789,508.6668395996094,88.56436157226562,134.4349365234375,114.16485595703125,32.6223258972168,307.6806945800781,41.77814865112305,40.043033599853516,95.23204803466797,153.42095947265625,112.7588882446289,116.78016662597656,47.95354461669922,115.66000366210938,265.4515380859375,236.74461364746094,86.77056121826172,78.90094757080078
2022-10-27,142.27857971191406,220.32997131347656,13.158744812011719,24.994007110595703,58.599998474121094,155.45335388183594,37.497108459472656,507.3838806152344,89.76126861572266,135.30760192871094,114.6156005859375,32.777671813964844,309.04638671875,41.73242950439453,40.06948471069336,95.59648132324219,154.1226806640625,112.82123565673828,116.84100341796875,47.49404525756836,110.95999908447266,266.2840881347656,244.5866241455078,85.03308868408203,78.3405990600586
2022-10-28,153.02809143066406,229.19174194335938,13.81588363647461,27.658004760742188,62.0099983215332,157.76292419433594,38.88254928588867,516.2242431640625,90.688232421875,130.1156768798828,115.97698974609375,33.06095504760742,313.2992858886719,42.37236022949219,40.67794418334961,98.3963851928711,155.9246826171875,113.29340362548828,116.24974060058594,46.36366653442383,103.41000366210938,273.2279968261719,253.2681121826172,88.12297058105469,80.01248931884766
2022-10-31,150.66990661621094,225.5576629638672,13.479323387145996,27.04909324645996,60.060001373291016,156.95095825195312,38.16112518310547,519.8858642578125,91.0752182006836,129.04904174804688,115.79302978515625,32.93301773071289,315.7648010253906,42.04325866699219,40.43985366821289,98.494140625,156.7217254638672,112.33126068115234,118.7105484008789,47.815696716308594,102.44000244140625,270.9224853515625,251.5520782470703,87.04292297363281,79.54397583007812
2022-11-01,148.02671813964844,221.70977783203125,13.525262832641602,26.925405502319336,59.65999984741211,156.1570587158203,39.35801696777344,512.5439453125,89.7792739868164,129.49862670898438,117.88111877441406,33.07923126220703,319.4951477050781,42.92087173461914,40.75730895996094,99.47189331054688,157.86532592773438,113.83683776855469,118.52793884277344,47.37458038330078,96.79000091552734,270.85845947265625,251.81964111328125,88.06663513183594,80.01248931884766
2022-11-02,142.5045928955078,213.86830139160156,13.20168685913086,26.088146209716797,58.630001068115234,153.75726318359375,38.587425231933594,508.9104919433594,89.4552993774414,127.39188385009766,116.79566955566406,32.978702545166016,320.6042785644531,42.85688400268555,40.16649627685547,97.42752838134766,154.64248657226562,112.70543670654297,117.90187072753906,46.9977912902832,92.12000274658203,264.1524658203125,249.43936157226562,84.80770874023438,77.69754028320312
2022-11-03,136.46170043945312,208.18389892578125,13.403422355651855,26.059606552124023,60.11000061035156,154.01895141601562,38.50473403930664,509.0790100097656,88.87033081054688,127.3037109375,117.00724792480469,32.795955657958984,319.7610168457031,41.90000534057617,39.31113815307617,98.75192260742188,156.9210205078125,119.21778106689453,120.32789611816406,47.604331970214844,89.30000305175781,257.53790283203125,251.81964111328125,84.90159606933594,77.7894058227539
2022-11-04,136.19593811035156,215.1217498779297,14.137459754943848,27.1926326751709,62.189998626708984,154.70455932617188,39.04216384887695,503.98443603515625,89.27530670166016,128.06179809570312,120.20838928222656,33.61836242675781,328.0467224121094,43.004093170166016,40.25666809082031,99.82743072509766,158.90492248535156,117.88145446777344,123.67567443847656,48.79903030395508,90.9800033569336,259.8525390625,253.36041259765625,89.9637680053711,84.38514709472656
2022-11-07,136.7274627685547,221.4182891845703,14.282271385192871,27.39513397216797,63.08000183105469,156.0578155517578,38.9346809387207,510.3994445800781,90.05827331542969,130.54759216308594,120.84310150146484,33.819393157958984,332.3087158203125,43.307716369628906,40.7918815612793,101.0096206665039,160.8022003173828,120.215576171875,126.90166473388672,50.37051773071289,90.52999877929688,265.5612487792969,255.01185607910156,87.75669860839844,83.08988952636719
2022-11-08,137.29827880859375,222.38995361328125,14.582877159118652,27.462629318237305,63.849998474121094,156.8336944580078,39.14965057373047,517.9193115234375,91.34519958496094,130.92662048339844,120.91667938232422,33.9107780456543,333.6469421386719,43.40892791748047,41.139766693115234,101.32960510253906,160.56829833984375,119.77013397216797,128.9190216064453,50.2602424621582,89.9800033569336,266.3572998046875,256.84771728515625,88.04784393310547,85.2027359008789
2022-11-09,132.74136352539062,218.15345764160156,13.757957458496094,26.53692626953125,59.91999816894531,155.5796661376953,38.62876510620117,506.31622314453125,91.42620086669922,130.12448120117188,119.34371185302734,33.37164306640625,331.7955017089844,42.29563903808594,40.46183776855469,96.79642486572266,154.148681640625,111.59182739257812,121.40612030029297,48.77145767211914,86.13999938964844,262.3410339355469,256.2850646972656,86.49820709228516,84.65763092041016
2022-11-10,144.55194091796875,236.1004638671875,15.72937297821045,28.69690704345703,68.47000122070312,157.4020538330078,39.17446517944336,509.6033630371094,91.6961669921875,131.9755859375,124.25581359863281,34.84284210205078,346.7445373535156,44.11737823486328,43.191402435302734,98.2186050415039,157.06825256347656,115.33353424072266,123.74520874023438,48.79903030395508,96.62999725341797,285.16717529296875,254.5228729248047,93.43870544433594,88.935302734375
2022-11-11,147.33726501464844,240.11354064941406,16.30561637878418,29.34297752380371,72.37000274658203,152.6927032470703,39.356353759765625,488.91656494140625,88.15935516357422,132.36346435546875,124.45819854736328,35.09870529174805,353.0322570800781,43.74934768676758,44.7702751159668,101.28515625,161.53860473632812,119.3425064086914,127.91903686523438,50.37971115112305,100.79000091552734,288.1313781738281,250.38047790527344,99.63729095458984,89.9700927734375
2022-11-14,145.93968200683594,234.71096801757812,16.273656845092773,29.265830993652344,73.52999877929688,155.09249877929688,40.71233367919922,481.1156921386719,90.31024932861328,133.7561798095703,123.1795654296875,34.50474166870117,350.4566955566406,43.12369918823242,43.72661590576172,101.58085632324219,161.6165771484375,118.96688842773438,127.1103515625,49.69046401977539,98.48999786376953,280.7940979003906,251.19232177734375,98.04067993164062,90.00707244873047
2022-11-15,147.6719207763672,235.1190643310547,16.6441707611084,29.61296844482422,76.37000274658203,155.5255126953125,40.15837097167969,471.0579528808594,89.63528442382812,134.902099609375,122.28731536865234,34.44990921020508,350.9332580566406,42.97649002075195,43.735538482666016,102.26181030273438,162.91607666015625,119.91484069824219,128.08425903320312,50.24185562133789,98.94000244140625,285.3775939941406,247.10520935058594,100.21957397460938,90.38585662841797
2022-11-16,146.441650390625,235.54782104492188,15.88916301727295,28.475120544433594,72.69999694824219,156.4908905029297,39.728424072265625,479.02734375,89.93226623535156,133.8707733154297,122.45286560058594,34.139225006103516,350.42913818359375,42.51645278930664,43.14679718017578,101.1686782836914,160.2650604248047,115.57756805419922,124.73649597167969,48.697940826416016,97.12000274658203,288.10394287109375,251.4137420654297,98.82960510253906,89.68368530273438
2022-11-17,148.34120178222656,235.49908447265625,15.65647029876709,28.822263717651367,73.9000015258789,157.75389099121094,39.95993423461914,482.57659912109375,92.07415008544922,134.12643432617188,121.91936492919922,33.965599060058594,348.0918884277344,42.31404113769531,43.039764404296875,101.3030776977539,160.7190399169922,117.3214111328125,125.64086151123047,48.55091094970703,94.8499984741211,284.9292907714844,252.1979217529297,98.9516830444336,89.59130096435547
2022-11-18,148.9021759033203,235.05084228515625,15.388818740844727,28.802974700927734,73.56999969482422,158.96279907226562,39.87725830078125,496.3334655761719,93.80207061767578,136.61216735839844,123.11516571044922,33.98387145996094,347.56036376953125,42.78327178955078,43.40548324584961,100.42499542236328,159.7587127685547,114.9962387084961,122.6235122680664,49.111488342285156,94.13999938964844,286.5211486816406,252.20709228515625,99.00804138183594,90.49671173095703
2022-11-21,145.67396545410156,235.859619140625,15.296939849853516,27.906198501586914,72.45999908447266,159.78001403808594,39.83590316772461,484.3371276855469,95.04399108886719,138.48973083496094,122.38848114013672,34.09354019165039,348.4860534667969,43.09609603881836,43.60173416137695,99.43041229248047,158.23086547851562,112.2239761352539,121.61479187011719,48.0362548828125,92.45999908447266,289.81475830078125,253.2681121826172,97.51475524902344,90.83857727050781
2022-11-22,147.8096923828125,238.763427734375,16.016992568969727,28.754762649536133,75.25,160.5518035888672,40.580039978027344,489.8624572753906,96.20494842529297,140.8520965576172,124.21900939941406,34.25801086425781,351.8406677246094,43.344520568847656,44.003135681152344,102.30662536621094,162.2905731201172,116.23932647705078,125.4930191040039,49.2952880859375,93.19999694824219,297.2251892089844,253.48959350585938,99.52458953857422,90.94020080566406
2022-11-23,148.6856689453125,241.2482147216797,16.497365951538086,28.61012077331543,76.4000015258789,160.72430419921875,40.3898811340332,496.0619201660156,96.13294219970703,140.49952697753906,125.54363250732422,34.36766815185547,354.02203369140625,43.546939849853516,43.03084182739258,101.7958984375,160.85000610351562,113.34182739257812,124.04085540771484,47.25510025024414,94.12999725341797,294.1421813964844,252.11489868164062,100.16321563720703,91.94725036621094
2022-11-25,145.77239990234375,241.16049194335938,16.24869155883789,28.29191017150879,75.13999938964844,160.9331817626953,40.68752670288086,503.4693908691406,96.74491119384766,140.70225524902344,125.78282165527344,34.44990921020508,356.414306640625,43.64814376831055,43.075435638427734,101.43746948242188,160.37855529785156,113.40443420410156,124.03215789794922,46.712894439697266,93.41000366210938,298.59747314453125,253.71099853515625,99.51519012451172,91.9842300415039
2022-11-28,141.94378662109375,235.5770721435547,15.80627155303955,27.703702926635742,73.19000244140625,161.01486206054688,40.98517990112305,498.4591979980469,97.5998764038086,139.6532745361328,123.58432006835938,33.68233108520508,350.4566955566406,43.22490692138672,42.12990188598633,98.39103698730469,155.71649169921875,110.7484130859375,118.82357788085938,45.839839935302734,93.94999694824219,291.7725524902344,251.75509643554688,98.57601928710938,91.15270233154297
2022-11-29,138.94192504882812,234.18362426757812,15.61851692199707,27.867626190185547,73.38999938964844,159.88897705078125,40.91904067993164,494.4605712890625,97.95085906982422,139.45054626464844,125.61720275878906,33.81025695800781,351.6940612792969,43.76774978637695,42.43319320678711,99.04513549804688,158.04754638671875,111.11506652832031,122.85828399658203,46.915077209472656,92.41999816894531,289.06451416015625,250.39886474609375,99.78755950927734,91.15270233154297
2022-11-30,145.69366455078125,248.61488342285156,16.905160903930664,28.995830535888672,77.62999725341797,161.6232452392578,41.44819641113281,512.9652099609375,99.10279083251953,142.077392578125,127.10738372802734,34.586978912353516,356.2514953613281,44.11737823486328,43.1824836730957,99.7619400024414,160.0380401611328,110.45327758789062,123.414794921875,47.37458038330078,96.54000091552734,298.2042236328125,253.0894317626953,103.01831817626953,94.42334747314453
2022-12-01,145.96923828125,248.17637634277344,17.11693572998047,28.764408111572266,77.4800033569336,162.29515075683594,42.23366928100586,502.8045349121094,98.81481170654297,142.47406005859375,125.3228530883789,33.59431838989258,354.0927429199219,43.12369918823242,42.62051010131836,99.27809143066406,159.3221893310547,110.05085754394531,122.20610046386719,47.56755828857422,95.5,301.03912353515625,253.65541076660156,104.3519515991211,95.5042953491211
2022-12-02,145.4770965576172,248.49794006347656,16.85820770263672,28.35940933227539,74.9800033569336,162.4222869873047,42.093116760253906,503.6499328613281,99.03079223632812,144.26345825195312,124.32940673828125,33.16232681274414,351.11279296875,42.268028259277344,42.138824462890625,98.43584442138672,158.04754638671875,109.2638931274414,120.84092712402344,48.514137268066406,94.12999725341797,301.8858337402344,253.65541076660156,105.69910430908203,97.05646514892578
2022-12-05,144.3157196044922,243.80117797851562,16.592493057250977,28.12798309326172,73.62000274658203,162.3314971923828,41.94428634643555,502.59783935546875,99.00379180908203,144.51028442382812,120.84310150146484,31.682525634765625,342.77276611328125,40.17027282714844,40.71159744262695,95.73885345458984,154.14505004882812,106.75094604492188,116.64102172851562,47.218345642089844,91.01000213623047,294.6053771972656,251.9761199951172,103.26858520507812,95.67061614990234
2022-12-06,140.65447998046875,238.8511199951172,15.970148086547852,27.578344345092773,70.2699966430664,159.89805603027344,41.10093688964844,506.618408203125,98.0318374633789,144.3163299560547,121.04547119140625,30.33139419555664,334.8109436035156,39.93105697631836,40.12286376953125,93.07769012451172,150.17263793945312,103.38843536376953,111.11940002441406,46.91865158081055,88.25,292.1847229003906,252.14308166503906,101.67650604248047,94.31246948242188
2022-12-07,138.71554565429688,238.1203155517578,16.10300636291504,27.3179874420166,70.13999938964844,160.86959838867188,41.53915023803711,509.9905090332031,99.0757827758789,145.79721069335938,120.96268463134766,30.092418670654297,332.05242919921875,39.05698776245117,39.84634017944336,92.87162017822266,150.617919921875,102.73560333251953,109.70204162597656,45.92273712158203,88.45999908447266,294.66986083984375,250.81637573242188,102.05332946777344,94.11843872070312
2022-12-08,140.39854431152344,241.0727996826172,17.15089988708496,27.424060821533203,70.47000122070312,160.8968505859375,42.812435150146484,514.6968383789062,99.759765625,146.31732177734375,122.23212432861328,29.816675186157227,330.35491943359375,39.17660903930664,39.86418533325195,93.5615234375,151.50843811035156,100.6966323852539,108.31947326660156,46.033390045166016,90.3499984741211,298.2962646484375,253.64617919921875,104.90776062011719,95.84616088867188
2022-12-09,139.91629028320312,239.14344787597656,16.983078002929688,27.231203079223633,68.58999633789062,159.57115173339844,42.76283264160156,506.505615234375,97.8968505859375,143.7345733642578,121.56980895996094,29.761533737182617,331.33282470703125,39.10299301147461,40.01582717895508,92.77305603027344,146.6717529296875,98.38935089111328,105.79779052734375,43.313072204589844,89.08999633789062,294.9736022949219,252.3936309814453,103.0801773071289,94.0445327758789
2022-12-12,142.20953369140625,246.05210876464844,17.516517639160156,27.665132522583008,70.66999816894531,161.47793579101562,43.126625061035156,512.7618408203125,98.06783294677734,145.7267303466797,123.45553588867188,30.083223342895508,335.0600280761719,39.43421936035156,40.82756042480469,95.05787658691406,148.19960021972656,99.96331024169922,107.87599182128906,45.27722930908203,90.55000305175781,301.8766174316406,256.64288330078125,105.57664489746094,94.88528442382812
2022-12-13,143.17405700683594,250.349365234375,18.052949905395508,27.703702926635742,71.6500015258789,162.72195434570312,43.87903594970703,505.5849609375,99.81375885009766,145.259521484375,123.3359375,30.101613998413086,340.1434631347656,39.21340560913086,41.55901336669922,96.09724426269531,151.4996795654297,101.4209976196289,110.83244323730469,47.07541275024414,92.48999786376953,306.3958740234375,254.4718017578125,106.31144714355469,94.3401870727539
2022-12-14,140.94970703125,250.6416778564453,17.655370712280273,27.25048828125,68.93000030517578,163.22132873535156,45.044837951660156,505.716552734375,101.05484771728516,145.32119750976562,122.71961212158203,29.669618606567383,332.4768371582031,38.808570861816406,41.01488494873047,95.38939666748047,150.45199584960938,100.93809509277344,110.8060531616211,46.503684997558594,91.58000183105469,306.8928527832031,254.70376586914062,104.9925537109375,94.41409301757812
2022-12-15,134.34564208984375,242.64163208007812,16.93412971496582,26.180139541625977,66.52999877929688,161.16018676757812,44.32550811767578,495.6841735839844,99.31549072265625,143.7698516845703,119.67488861083984,29.20085906982422,322.74371337890625,38.06330490112305,39.80173873901367,94.47547149658203,149.3258056640625,100.65192413330078,111.42198944091797,46.20859909057617,88.44999694824219,301.5268859863281,252.10604858398438,102.222900390625,92.3814926147461
2022-12-16,132.38702392578125,238.43214416503906,16.553529739379883,25.95836067199707,65.41000366210938,159.5076141357422,42.49824905395508,491.9455261230469,98.92594909667969,141.4603271484375,118.92977142333984,29.13652229309082,319.53314208984375,37.89769744873047,39.56089782714844,93.81241607666016,147.30032348632812,98.76497650146484,110.66526794433594,45.53543472290039,87.86000061035156,297.6059875488281,246.90115356445312,99.81122589111328,91.30975341796875
2022-12-19,130.2808074951172,234.30056762695312,16.23686408996582,25.833005905151367,64.58999633789062,159.3350372314453,42.465171813964844,491.8515625,99.14337158203125,142.35064697265625,119.63806915283203,29.467411041259766,317.9278869628906,38.47734451293945,39.18625259399414,94.23356628417969,148.3130645751953,98.76497650146484,110.45408630371094,45.950401306152344,84.91999816894531,292.0743103027344,246.632080078125,97.07925415039062,90.8200912475586
2022-12-20,130.21189880371094,235.6160125732422,16.068044662475586,25.49550437927246,65.05000305175781,159.5076141357422,42.43210983276367,488.6670837402344,99.38796997070312,141.5485076904297,120.21759033203125,29.58689308166504,317.81719970703125,37.70448684692383,39.0792121887207,95.59549713134766,150.74887084960938,100.74134063720703,111.2988052368164,47.73012924194336,85.19000244140625,289.7824401855469,247.94956970214844,97.22997283935547,90.54291534423828
2022-12-21,133.3121795654297,238.1787567138672,16.483604431152344,25.87157440185547,67.68000030517578,161.3326873779297,42.71322250366211,495.5526123046875,100.65625,142.98532104492188,121.56980895996094,30.037269592285156,323.048095703125,37.83329772949219,39.97122573852539,96.82300567626953,152.52114868164062,103.98760986328125,114.39604949951172,49.15945816040039,86.7699966430664,293.9426574707031,248.79383850097656,109.07166290283203,91.16193389892578
2022-12-22,130.1430206298828,232.0983428955078,15.322830200195312,25.042293548583984,63.86000061035156,160.7424774169922,42.696685791015625,495.1299743652344,100.77401733398438,143.91969299316406,120.18998718261719,29.770723342895508,318.8227233886719,37.428466796875,39.23978042602539,94.86969757080078,150.23377990722656,100.96492004394531,111.13162994384766,47.388938903808594,83.79000091552734,290.9606018066406,246.57640075683594,109.9477767944336,90.32117462158203
2022-12-23,129.7788543701172,232.62454223632812,15.189971923828125,25.15800666809082,64.5199966430664,161.1510772705078,42.85378646850586,499.0940246582031,101.33570098876953,143.7698516845703,120.76033020019531,29.844257354736328,318.7581481933594,37.70448684692383,39.48061752319336,97.3785400390625,154.8783721923828,105.32928466796875,114.92398834228516,48.86437225341797,85.25,293.36285400390625,248.24642944335938,109.51445770263672,90.7923812866211
2022-12-27,127.97772979736328,230.89984130859375,14.106114387512207,25.01336669921875,63.27000045776367,161.1056671142578,42.27501678466797,499.73284912109375,101.57122802734375,143.6728973388672,121.18345642089844,29.899396896362305,315.4922180175781,37.75969314575195,39.5965690612793,98.73152160644531,156.82528686523438,106.6070785522461,116.21744537353516,49.33466339111328,83.04000091552734,294.11761474609375,247.56912231445312,110.74853515625,91.65160369873047
2022-12-28,124.05072784423828,228.53195190429688,14.021203994750977,24.627655029296875,62.56999969482422,160.40652465820312,42.00216293334961,496.40740966796875,100.62907409667969,143.00291442871094,121.84575653076172,30.1199951171875,314.4774169921875,37.83329772949219,39.80173873901367,97.1097412109375,154.51171875,103.76350402832031,112.0995101928711,48.50473403930664,81.81999969482422,290.60162353515625,245.964111328125,108.31803131103516,91.0972671508789
2022-12-29,127.56436920166016,234.84620666503906,14.587607383728027,25.273717880249023,64.81999969482422,161.2237091064453,42.44038009643555,497.750732421875,100.3935317993164,143.2938232421875,122.54485321044922,30.460071563720703,316.8392028808594,38.02650833129883,40.2834358215332,97.8444595336914,155.68157958984375,104.7353515625,113.18177032470703,48.79059982299805,84.18000030517578,294.9091491699219,246.72488403320312,110.55072021484375,92.17823028564453
2022-12-30,127.87931060791016,233.6866912841797,14.59859561920166,25.48586082458496,64.7699966430664,160.39744567871094,42.365966796875,498.0325622558594,100.51129913330078,142.4564208984375,123.35433197021484,30.44169044494629,316.7931823730469,37.989707946777344,40.34587097167969,98.83010864257812,156.7030487060547,106.18414306640625,113.96492004394531,49.29778289794922,84.0,290.72125244140625,244.4981689453125,110.23040008544922,91.65160369873047
2023-01-03,123.09602355957031,233.4528045654297,14.299910545349121,25.775144577026367,64.0199966430664,161.7957763671875,42.38249588012695,487.1922912597656,100.68342590332031,143.1351776123047,124.29259490966797,30.800151824951172,319.4132080078125,38.44975280761719,40.836483001708984,95.43418884277344,151.9012908935547,101.79280090332031,109.5038070678711,47.490379333496094,85.81999969482422,290.7673034667969,245.24041748046875,111.86959838867188,93.15756225585938
2023-01-04,124.36566162109375,223.24081420898438,14.733451843261719,26.69120979309082,64.66000366210938,163.55726623535156,41.44819641113281,473.90966796875,101.53498077392578,144.2898712158203,125.45167541503906,31.37920379638672,320.7786560058594,39.241004943847656,41.88905715942383,95.71195983886719,150.2861328125,101.99075317382812,109.42461395263672,47.6748046875,85.13999938964844,294.2832336425781,245.29611206054688,114.18704986572266,96.51136016845703
2023-01-05,123.04680633544922,216.62445068359375,14.24996280670166,26.575496673583984,62.33000183105469,162.34962463378906,41.05958938598633,460.2512512207031,102.94820404052734,144.11361694335938,125.423828125,31.314870834350586,317.1436462402344,39.02939224243164,41.70173645019531,97.85343933105469,152.99261474609375,105.07730865478516,109.44219970703125,48.56928253173828,83.12000274658203,290.36236572265625,243.22714233398438,113.6312484741211,96.483642578125
2023-01-06,127.5741958618164,219.17747497558594,14.84333610534668,27.703702926635742,63.959999084472656,163.66624450683594,42.101375579833984,460.2888488769531,104.03531646728516,146.81092834472656,127.82389831542969,31.627365112304688,321.12921142578125,39.3790168762207,42.20126724243164,99.03617095947266,154.14505004882812,106.39111328125,112.16110229492188,50.25680923461914,86.08000183105469,292.2583312988281,250.0092315673828,117.314697265625,98.5716781616211
2023-01-09,128.0958709716797,221.3114776611328,15.611526489257812,28.26297950744629,67.23999786376953,159.4258575439453,40.00954055786133,460.34521484375,99.99494171142578,142.50047302246094,127.29569244384766,31.149417877197266,325.668212890625,39.00178146362305,42.406429290771484,97.19039154052734,152.9402313232422,105.60823059082031,112.40747833251953,51.30805206298828,87.36000061035156,292.51605224609375,247.94956970214844,117.61615753173828,96.77005767822266
2023-01-10,128.6667022705078,222.99722290039062,15.892231941223145,28.388338088989258,68.05000305175781,159.04452514648438,39.372894287109375,456.53143310546875,100.38447570800781,140.7198944091797,128.43548583984375,31.360816955566406,329.6906433105469,38.97418212890625,42.98624038696289,98.64190673828125,153.69102478027344,106.2561264038086,112.28428649902344,51.6031379699707,89.87000274658203,295.1116943359375,249.4896697998047,118.5488052368164,97.9341812133789
2023-01-11,131.3831329345703,229.740234375,15.984129905700684,28.783693313598633,69.05999755859375,158.790283203125,39.23234176635742,463.4827575683594,100.62000274658203,138.54266357421875,129.38995361328125,31.599796295166016,336.2593994140625,39.32381057739258,43.4500846862793,99.788818359375,152.95767211914062,106.40009307861328,111.61557006835938,51.93510055541992,95.08999633789062,302.81549072265625,249.39688110351562,120.5271224975586,98.21135711669922
2023-01-12,131.30438232421875,232.41018676757812,16.493595123291016,29.20797348022461,70.80000305175781,157.99124145507812,39.447303771972656,465.61517333984375,101.25416564941406,135.45481872558594,129.26023864746094,31.682525634765625,341.29656982421875,39.40662384033203,43.7890510559082,101.44644927978516,154.59898376464844,108.12786102294922,114.78321075439453,53.48431396484375,95.2699966430664,303.6162109375,247.42994689941406,120.48002624511719,97.79559326171875
2023-01-13,132.63307189941406,233.11172485351562,16.881183624267578,29.034404754638672,71.0,157.4736785888672,39.56306076049805,459.8849792480469,101.6889877319336,136.68284606933594,132.5220947265625,32.38105392456055,345.0422668457031,40.685516357421875,44.529422760009766,101.38372039794922,155.01806640625,109.30668640136719,114.63711547851562,53.74250793457031,98.12000274658203,304.8495788574219,249.47113037109375,121.3843994140625,99.07059478759766
2023-01-17,133.79446411132812,234.203125,17.683340072631836,28.542621612548828,71.58999633789062,156.50213623046875,38.0995979309082,455.667236328125,100.05835723876953,135.9976348876953,130.47413635253906,31.72848129272461,322.8267517089844,40.593502044677734,44.87731170654297,101.18658447265625,157.57608032226562,108.19981384277344,115.16840362548828,53.90849304199219,96.05000305175781,301.4625244140625,254.31411743164062,120.71553039550781,98.62710571289062
2023-01-18,133.07598876953125,229.77923583984375,17.35868263244629,27.780841827392578,70.52999877929688,154.14134216308594,37.206634521484375,447.36322021484375,98.55452728271484,132.7674560546875,126.55437469482422,30.99317169189453,322.0609130859375,39.912654876708984,44.092342376708984,99.10785675048828,154.72996520996094,106.67906188964844,114.04381561279297,52.68204116821289,95.45999908447266,297.92803955078125,246.82687377929688,119.10462188720703,97.01028442382812
2023-01-19,133.13502502441406,225.99842834472656,16.747325897216797,27.404775619506836,67.70999908447266,153.9324951171875,37.17356491088867,454.9908447265625,99.56008911132812,132.3314208984375,124.86785125732422,30.542789459228516,323.5924072265625,39.517024993896484,44.038818359375,99.7440185546875,156.27525329589844,107.65991973876953,116.25758361816406,52.912574768066406,93.68000030517578,286.13763427734375,244.54458618164062,117.314697265625,96.32657623291016
2023-01-20,135.6940155029297,234.07644653320312,17.82019805908203,28.176197052001953,70.06999969482422,153.21519470214844,37.29758834838867,457.2077941894531,99.59632110595703,133.114501953125,125.17363739013672,31.112653732299805,315.3722839355469,40.40949249267578,45.57308578491211,101.56291961669922,157.93402099609375,109.6036376953125,117.55040740966797,52.88491439819336,97.25,289.9296569824219,249.1834716796875,119.28360748291016,97.04722595214844
2023-01-23,138.8828582763672,236.37606811523438,19.17276954650879,29.188690185546875,76.52999877929688,152.82476806640625,37.19010543823242,456.3529357910156,99.5419692993164,132.18902587890625,127.2030258178711,31.544647216796875,322.1071472167969,41.4307746887207,46.366981506347656,101.03428649902344,157.72450256347656,108.1008529663086,118.81666564941406,51.510921478271484,97.5199966430664,290.3714904785156,249.8422088623047,120.85682678222656,98.1281967163086
2023-01-24,140.2804718017578,235.84988403320312,19.244691848754883,28.8511905670166,74.69999694824219,152.82476806640625,36.96686935424805,461.7918701171875,98.30994415283203,131.42373657226562,128.29649353027344,31.774433135986328,321.3598327636719,40.89712905883789,45.86745071411133,101.97508239746094,157.87294006347656,106.91302490234375,117.55924987792969,51.15128707885742,96.31999969482422,292.4056091308594,250.0927276611328,119.48143768310547,98.5254898071289
2023-01-25,139.6210174560547,234.4564666748047,19.302637100219727,28.639049530029297,74.91000366210938,153.91432189941406,37.26451873779297,462.6372375488281,98.37334442138672,131.51272583007812,128.91732788085938,32.050174713134766,322.55914306640625,41.71598815917969,46.29561996459961,101.43746948242188,156.34510803222656,108.31682586669922,117.32903289794922,51.87056350708008,97.18000030517578,292.0098571777344,253.2843017578125,119.47201538085938,98.83960723876953
2023-01-26,141.6878662109375,241.657470703125,19.781124114990234,29.015119552612305,75.16000366210938,153.3513946533203,36.92241287231445,462.6185302734375,96.81517791748047,131.16566467285156,129.7143096923828,32.4821662902832,327.4857482910156,42.1484260559082,46.55430221557617,105.51433563232422,163.9493408203125,112.16825103759766,120.36627960205078,52.995574951171875,99.22000122070312,288.8343811035156,254.88006591796875,120.14087677001953,100.48417663574219
2023-01-27,143.6267852783203,241.8133544921875,20.343534469604492,27.154062271118164,75.4000015258789,152.7521209716797,36.53858947753906,456.5783386230469,95.46536254882812,130.1690216064453,130.0293731689453,32.583274841308594,326.3140563964844,42.43364334106445,46.25994110107422,103.58789825439453,156.66810607910156,111.23238372802734,119.24171447753906,52.53450393676758,102.23999786376953,291.4852294921875,252.7832794189453,120.14087677001953,100.724365234375
2023-01-30,140.7430419921875,236.50277709960938,19.14180564880371,26.95156478881836,72.44999694824219,147.09530639648438,36.338321685791016,456.3341979980469,96.10855102539062,129.60841369628906,128.9266357421875,32.44540023803711,329.7829284667969,42.59006118774414,46.16181564331055,101.75109100341797,152.08460998535156,108.46080780029297,116.97483825683594,51.953548431396484,100.55000305175781,289.2301940917969,251.32669067382812,119.04808807373047,100.15156555175781
2023-01-31,142.01266479492188,241.47230529785156,19.516407012939453,27.25048828125,75.1500015258789,148.38467407226562,36.84731674194336,468.921630859375,97.30436706542969,131.4770965576172,129.69577026367188,32.610843658447266,337.4864196777344,43.12369918823242,46.58106994628906,103.94630432128906,151.92750549316406,109.66661071777344,117.10765838623047,52.543724060058594,103.12999725341797,298.36993408203125,248.08868408203125,119.95245361328125,100.83525085449219
2023-02-01,143.13465881347656,246.2860107421875,20.92092514038086,28.03155517578125,84.63999938964844,149.7466278076172,36.68878173828125,466.86444091796875,96.91482543945312,130.4538116455078,129.3528594970703,33.015262603759766,337.3941345214844,43.546939849853516,46.518619537353516,102.80838775634766,149.6051788330078,105.9141845703125,112.71556854248047,51.363380432128906,105.1500015258789,301.9778747558594,247.040283203125,121.9967269897461,101.62056732177734
2023-02-02,148.43960571289062,257.8330078125,21.68611717224121,29.11154556274414,88.30999755859375,150.3096160888672,36.99751281738281,442.28118896484375,93.72599792480469,128.8876190185547,128.75054931640625,33.208282470703125,340.8630065917969,43.73212814331055,46.58106994628906,99.5916976928711,147.55348205566406,100.15504455566406,110.46640014648438,48.218868255615234,112.91000366210938,312.7467041015625,244.2012939453125,121.58221435546875,100.844482421875
2023-02-03,152.06155395507812,251.74276733398438,21.077756881713867,29.236902236938477,86.08999633789062,149.46514892578125,36.763877868652344,443.3990478515625,93.25492095947266,129.20797729492188,130.742919921875,33.48401641845703,341.3058776855469,44.05619812011719,45.89644241333008,100.28162384033203,147.93765258789062,97.28446960449219,110.35127258300781,48.5416145324707,103.38999938964844,305.1164855957031,245.14761352539062,120.21623992919922,96.36353302001953
2023-02-06,149.33523559570312,250.20314025878906,21.066770553588867,28.002227783203125,83.68000030517578,148.33016967773438,36.51355743408203,446.423828125,94.24236297607422,129.04782104492188,131.5120086669922,33.42886734008789,342.0899963378906,44.14879608154297,45.81536865234375,100.11138916015625,148.1035614013672,96.72654724121094,109.6517333984375,48.95657730102539,102.18000030517578,303.06396484375,248.57115173339844,118.4451675415039,97.02873229980469
2023-02-07,152.2091522216797,260.7171936035156,22.149629592895508,28.353593826293945,85.91000366210938,148.36648559570312,36.371707916259766,447.96435546875,95.73712158203125,129.1545867919922,133.1151580810547,33.7965202331543,345.4112548828125,44.56547164916992,46.058597564697266,102.96967315673828,151.9885711669922,100.80294036865234,113.14947509765625,49.92941665649414,102.11000061035156,299.31787109375,248.03306579589844,118.068359375,98.70101928710938
2023-02-08,149.52224731445312,259.908447265625,22.181594848632812,27.563013076782227,84.69000244140625,148.5572052001953,36.697120666503906,453.9200134277344,96.60681915283203,128.68296813964844,132.17921447753906,33.54836654663086,346.0570373535156,44.676578521728516,46.076602935791016,102.07364654541016,148.4178466796875,99.69611358642578,113.91099548339844,50.68915557861328,100.05000305175781,295.25885009765625,243.83944702148438,115.78855895996094,98.21135711669922
2023-02-09,148.4888153076172,256.87799072265625,22.313453674316406,27.06523895263672,83.20999908447266,146.5504913330078,36.16310119628906,456.27777099609375,96.67928314208984,132.322509765625,130.12203979492188,32.83143997192383,339.49755859375,44.046939849853516,45.02265548706055,102.45893859863281,147.05587768554688,98.9222183227539,112.60044860839844,49.88309097290039,98.23999786376953,290.4359436035156,241.83544921875,115.10086059570312,98.47132873535156
2023-02-10,148.85354614257812,256.37127685546875,21.242584228515625,27.133560180664062,81.4800033569336,147.23150634765625,36.61368179321289,464.28118896484375,98.35523223876953,135.3035125732422,130.69654846191406,32.702762603759766,342.5328674316406,43.99138641357422,45.13976287841797,106.77770233154297,150.1377410888672,103.53853607177734,118.78125,52.2178840637207,97.61000061035156,291.3471984863281,243.46839904785156,115.1479721069336,99.43701934814453
2023-02-13,151.65296936035156,264.381103515625,21.765031814575195,27.865583419799805,83.12999725341797,147.77630615234375,36.70547103881836,465.31451416015625,99.2430191040039,136.7985076904297,132.11431884765625,32.76710510253906,345.0606994628906,44.56547164916992,45.941490173339844,106.36238098144531,149.29959106445312,101.51386260986328,118.01970672607422,53.09806442260742,99.54000091552734,297.78082275390625,246.97537231445312,117.8987808227539,100.76483154296875
2023-02-14,151.01226806640625,265.2093200683594,22.946786880493164,27.95342445373535,85.94999694824219,147.1316375732422,36.48018264770508,462.9472961425781,98.50923919677734,135.78408813476562,132.69813537597656,32.73951721191406,342.9941711425781,44.90806579589844,46.49098587036133,105.1163558959961,150.44329833984375,102.63465881347656,117.88690948486328,52.644081115722656,99.69999694824219,293.0867004394531,247.35577392578125,118.887939453125,100.26341247558594
2023-02-15,153.11184692382812,263.08953857421875,22.740001678466797,28.158390045166016,85.18000030517578,144.707275390625,36.14641189575195,461.4630432128906,97.54896545410156,134.42257690429688,133.25413513183594,32.68437194824219,345.35595703125,44.417327880859375,46.680152893066406,104.80033874511719,148.85789489746094,100.91732025146484,113.81358337402344,51.875083923339844,101.16000366210938,295.1668701171875,247.3093719482422,120.0937728881836,101.21051025390625
2023-02-16,151.5149688720703,256.0854187011719,21.97880744934082,27.523975372314453,80.08000183105469,143.68125915527344,35.83768844604492,457.7995910644531,96.48904418945312,133.0610809326172,131.41934204101562,32.42700958251953,341.53656005859375,43.72286605834961,46.355857849121094,104.49334716796875,146.70887756347656,97.94355010986328,110.81172943115234,51.680519104003906,98.1500015258789,295.67303466796875,246.632080078125,117.17338562011719,99.8548583984375
2023-02-17,150.37155151367188,252.08998107910156,21.36545181274414,26.948118209838867,78.5,146.68089294433594,36.05463409423828,468.818359375,99.2158432006836,134.6450653076172,131.8085174560547,32.491355895996094,339.9681091308594,43.972862243652344,46.319828033447266,100.47542572021484,143.4324493408203,94.11116027832031,104.86116027832031,49.41984558105469,97.19999694824219,292.6449279785156,250.49163818359375,117.60672760009766,99.44630432128906
2023-02-21,146.35968017578125,246.82472229003906,20.633224487304688,25.435274124145508,76.7699966430664,144.49517822265625,35.62908172607422,461.5194396972656,98.80817413330078,135.259033203125,129.38995361328125,31.72848129272461,333.15948486328125,42.8154411315918,44.89654541015625,100.37609100341797,141.80300903320312,95.18675231933594,105.57842254638672,49.47542953491211,94.58000183105469,271.981689453125,249.15570068359375,114.08342742919922,97.29210662841797
2023-02-22,146.78353881835938,245.6915283203125,20.73212432861328,24.859416961669922,76.61000061035156,144.29396057128906,35.36207962036133,459.2462158203125,98.88970184326172,134.0755157470703,128.39840698242188,31.51707649230957,332.9473876953125,42.602474212646484,45.07670974731445,99.07591247558594,141.23049926757812,94.07499694824219,104.10848236083984,48.558189392089844,95.79000091552734,272.7179870605469,249.2391815185547,112.95295715332031,97.28280639648438
2023-02-23,147.26654052734375,248.87612915039062,23.639055252075195,24.996063232421875,79.75,144.2482452392578,35.29532241821289,461.87640380859375,100.18517303466797,135.32131958007812,129.42703247070312,31.489500045776367,335.3921203613281,42.82469940185547,45.38298034667969,99.98786163330078,142.62210083007812,95.29521942138672,105.84405517578125,49.40131378173828,95.81999969482422,275.48846435546875,247.51348876953125,113.00947570800781,96.11284637451172
2023-02-24,144.61492919921875,243.45452880859375,23.26145362854004,24.53733253479004,78.08999633789062,142.63868713378906,34.836402893066406,454.9626159667969,99.551025390625,135.890869140625,130.5946044921875,31.44354248046875,335.67816162109375,43.167301177978516,45.202816009521484,99.99689483642578,143.0448760986328,95.13253784179688,101.1774673461914,49.95721435546875,93.5,273.04937744140625,244.63734436035156,111.20072174072266,94.33935546875
2023-02-27,145.8076629638672,244.37281799316406,23.476224899291992,24.303083419799805,78.7699966430664,142.32774353027344,34.02702331542969,454.01385498046875,99.07088470458984,137.28793334960938,131.73440551757812,31.44354248046875,337.2280578613281,43.31544876098633,45.46405792236328,99.81629180908203,143.406005859375,95.68389129638672,101.61138153076172,50.40194320678711,93.76000213623047,272.4510498046875,245.6579132080078,111.66234588623047,95.11933135986328
2023-02-28,145.30496215820312,243.64987182617188,23.191526412963867,24.332365036010742,78.58000183105469,140.16029357910156,33.851806640625,447.08135986328125,96.24444580078125,136.9497833251953,132.83712768554688,31.526269912719727,324.4227600097656,43.30619430541992,45.662227630615234,99.23844146728516,141.6004638671875,93.41517639160156,100.0794448852539,49.29939651489258,94.2300033569336,272.93890380859375,246.26449584960938,111.90728759765625,94.79434204101562
2023-03-01,143.2349395751953,240.57276916503906,22.674072265625,24.722774505615234,78.29000091552734,139.52931213378906,33.52638244628906,446.4050598144531,96.61588287353516,138.16888427734375,132.09580993652344,31.37920379638672,321.7095642089844,43.22285079956055,46.39188766479492,100.12328338623047,142.72781372070312,96.03640747070312,104.49810028076172,50.85592269897461,92.16999816894531,267.6465759277344,245.1540069580078,111.70943450927734,94.18150329589844
2023-03-02,143.8263702392578,245.30079650878906,23.289424896240234,25.57192039489746,80.44000244140625,139.4195556640625,33.89352798461914,448.7347412109375,96.9419937133789,137.3769073486328,130.72434997558594,30.98141860961914,324.3763122558594,42.40803146362305,46.301815032958984,100.58377075195312,143.17703247070312,97.91645812988281,106.96865844726562,51.23578643798828,92.12999725341797,269.69903564453125,249.6797637939453,112.6515121459961,95.64859008789062
2023-03-03,148.8732452392578,249.3840789794922,23.86481285095215,25.767122268676758,81.5199966430664,140.85537719726562,34.33575439453125,449.5425109863281,96.82421875,138.87184143066406,133.1244354248047,31.601234436035156,331.8003845214844,43.3802604675293,47.1575813293457,101.85687255859375,145.2908172607422,98.1966552734375,107.82759094238281,51.875083923339844,94.9000015258789,274.6968994140625,251.07943725585938,114.257568359375,97.07855224609375
2023-03-06,151.63331604003906,250.92758178710938,23.5291748046875,25.36695098876953,81.16000366210938,142.2637176513672,34.30238723754883,451.6278991699219,100.64718627929688,138.17779541015625,132.34600830078125,31.536474227905273,331.76324462890625,43.17656326293945,47.00444793701172,102.75975799560547,146.35655212402344,99.02821350097656,107.06607055664062,51.282108306884766,93.75,274.4759521484375,252.54454040527344,113.53011322021484,97.4870834350586
2023-03-07,149.43511962890625,248.27044677734375,23.26740264892578,24.91798210144043,82.11000061035156,140.9193572998047,33.65989685058594,445.14630126953125,100.80120086669922,136.0865936279297,128.4540252685547,30.528120040893555,321.5701599121094,41.15800857543945,46.013553619384766,100.77337646484375,144.47169494628906,97.30182647705078,104.71949768066406,50.068389892578125,93.55000305175781,267.563720703125,249.26914978027344,112.98214721679688,95.95500946044922
2023-03-08,150.6869659423828,247.83084106445312,24.15961265563965,25.357192993164062,85.37000274658203,139.88595581054688,33.476318359375,442.065185546875,98.0925064086914,133.1233673095703,127.69416046142578,30.121078491210938,324.5529479980469,40.59318923950195,45.65323257446289,99.30165100097656,143.55572509765625,96.92219543457031,104.33871459960938,49.60513687133789,93.91999816894531,270.233642578125,247.58950805664062,113.23724365234375,95.17504119873047
2023-03-09,148.43951416015625,246.4827880859375,23.415271759033203,25.80616569519043,84.02999877929688,138.31295776367188,32.92560958862305,436.7201843261719,97.47648620605469,131.1211700439453,120.78124237060547,28.25238609313965,317.86273193359375,38.08388900756836,43.7795295715332,98.5341796875,141.37144470214844,95.6386947631836,101.8327407836914,48.35435104370117,92.25,266.9981384277344,244.1369171142578,111.3572006225586,93.13224792480469
2023-03-10,146.37940979003906,242.83909606933594,22.94468879699707,26.56746482849121,82.66999816894531,138.65135192871094,32.8671989440918,433.9580078125,97.55802154541016,133.2212677001953,123.84851837158203,28.002609252929688,304.4640197753906,38.29685592651367,43.545326232910156,97.31525421142578,140.63160705566406,94.2015380859375,99.33563995361328,47.25181579589844,90.7300033569336,265.4314270019531,244.51014709472656,110.99818420410156,92.27799987792969
2023-03-13,148.3212432861328,248.0457763671875,22.94568634033203,26.30394172668457,82.01000213623047,139.97740173339844,33.25938034057617,437.1161193847656,95.78242492675781,135.2145233154297,121.6245346069336,26.37444496154785,293.16522216796875,35.56533432006836,40.302398681640625,96.1956558227539,139.7860870361328,91.00182342529297,96.60828399658203,45.25055694580078,92.43000030517578,265.62615966796875,245.4899444580078,110.40299987792969,91.99945068359375
2023-03-14,150.41098022460938,254.75686645507812,24.041715621948242,27.338529586791992,87.44999694824219,140.76388549804688,33.292755126953125,437.964599609375,97.57948303222656,136.90530395507812,124.74736785888672,26.605716705322266,299.3349609375,37.19498825073242,42.69855880737305,96.55681610107422,141.5916290283203,91.616455078125,96.69682312011719,45.73234176635742,94.87999725341797,264.7453918457031,248.12142944335938,112.42476654052734,92.35226440429688
2023-03-15,150.8052978515625,259.2993469238281,24.20656967163086,27.728940963745117,89.68000030517578,141.15713500976562,33.609825134277344,438.7658996582031,98.18154907226562,137.09214782714844,118.8537826538086,26.35594367980957,290.0802917480469,35.972747802734375,40.374454498291016,91.75334930419922,135.46153259277344,86.08477783203125,90.69126892089844,41.98926544189453,96.19999694824219,266.97039794921875,248.53199768066406,111.64063262939453,92.24085998535156
2023-03-16,153.6244354248047,269.8103942871094,25.518409729003906,29.45650863647461,96.5999984741211,140.86448669433594,33.68492126464844,444.97833251953125,97.91699981689453,138.1956024169922,121.16118621826172,26.79998779296875,292.77490234375,36.38942337036133,41.09511947631836,91.22063446044922,135.89308166503906,87.13327026367188,93.37232971191406,42.78605651855469,100.04000091552734,265.82080078125,252.47909545898438,113.98359680175781,93.25296020507812
2023-03-17,152.78656005859375,272.9656677246094,25.702245712280273,29.09537696838379,97.83999633789062,139.3555450439453,33.459625244140625,442.6026916503906,94.96144104003906,137.23452758789062,116.5834732055664,25.736127853393555,282.04290771484375,34.963478088378906,39.861000061035156,90.14616394042969,134.1756134033203,85.31647491455078,91.82624053955078,41.39629364013672,98.94999694824219,267.3597717285156,249.3345184326172,113.73795318603516,91.6465835571289
2023-03-20,155.15228271484375,265.9322204589844,25.87708854675293,28.46095848083496,96.80999755859375,140.73646545410156,34.05205535888672,449.6352844238281,96.55779266357422,138.92527770996094,117.8159408569336,25.67137336730957,287.6086730957031,34.7042121887207,39.716861724853516,92.50274658203125,136.1485137939453,86.91633605957031,94.23919677734375,42.823116302490234,97.70999908447266,268.1662902832031,252.63775634765625,114.50318908691406,92.71440887451172
2023-03-21,157.00543212890625,267.4463806152344,26.17582893371582,27.777740478515625,95.93000030517578,140.73646545410156,33.92689895629883,452.5954284667969,96.27501678466797,139.5037078857422,120.97586059570312,26.44845199584961,294.8097839355469,35.630149841308594,40.599666595458984,96.6470947265625,140.31451416015625,90.12507629394531,97.07218933105469,44.731719970703125,100.61000061035156,268.32391357421875,252.1431884765625,118.6695327758789,93.3551025390625
2023-03-22,155.576171875,265.9908142089844,26.444589614868164,27.455652236938477,97.58000183105469,138.1392059326172,33.3845329284668,448.27783203125,95.23509979248047,136.74510192871094,117.8530044555664,25.569608688354492,291.4554748535156,34.444950103759766,39.37455368041992,94.43497467041016,137.46084594726562,88.91387176513672,94.48943328857422,43.9163932800293,98.69999694824219,262.0011901855469,249.95968627929688,112.89713287353516,92.03658294677734
2023-03-23,156.66041564941406,271.2366027832031,27.16695213317871,28.334075927734375,100.27999877929688,138.21237182617188,33.52638244628906,442.9892272949219,95.08003234863281,138.1956024169922,117.5379409790039,24.949798583984375,292.55194091796875,33.89863967895508,39.14034652709961,93.36954498291016,136.09567260742188,87.15132904052734,93.64043426513672,42.13749694824219,98.70999908447266,263.2064514160156,251.59268188476562,114.28591918945312,91.3865966796875
2023-03-24,157.9615936279297,274.07928466796875,26.755313873291016,28.656166076660156,97.94999694824219,139.6024627685547,33.70161056518555,448.7209167480469,95.59999084472656,140.6160430908203,115.74949645996094,25.107065200805664,290.4333801269531,33.54678726196289,38.834068298339844,93.47789764404297,137.45204162597656,86.25650024414062,94.27495574951172,41.29438018798828,98.12999725341797,262.3813171386719,253.18833923339844,114.04026794433594,91.31230926513672
2023-03-27,156.01974487304688,269.98614501953125,26.50753402709961,28.480480194091797,96.61000061035156,140.19688415527344,33.55976104736328,454.29229736328125,97.54300689697266,140.18887329101562,119.06694030761719,26.35594367980957,295.9713134765625,34.69495391845703,40.33842468261719,95.52748107910156,138.8524627685547,88.10942840576172,96.85770416259766,43.33268737792969,98.04000091552734,260.75897216796875,255.53048706054688,111.3005142211914,91.60946655273438
2023-03-28,155.3987274169922,268.86285400390625,26.386642456054688,28.58784294128418,94.55999755859375,138.84339904785156,33.367855072021484,445.50628662109375,96.26588439941406,140.8206787109375,119.42833709716797,26.013660430908203,295.8876953125,34.42642593383789,40.73478698730469,96.71932220458984,140.4730682373047,89.06438446044922,98.67189025878906,44.13875961303711,97.23999786376953,260.341796875,257.40618896484375,111.3572006225586,91.66517639160156
2023-03-29,158.4741668701172,274.0206298828125,26.960134506225586,30.76438331604004,96.08999633789062,140.2060546875,33.58479309082031,439.85943603515625,95.7094497680664,140.59823608398438,119.66926574707031,26.522459030151367,298.0061950683594,35.15791702270508,41.392372131347656,98.38068389892578,141.6797332763672,90.7196273803711,100.7005615234375,45.120853424072266,100.25,262.6965026855469,258.88983154296875,113.83242797851562,93.42938995361328
2023-03-30,160.04147338867188,277.47869873046875,27.35877799987793,31.320720672607422,97.87999725341797,140.31578063964844,33.69326400756836,443.1306457519531,96.62167358398438,140.52703857421875,119.307861328125,26.180173873901367,298.396484375,34.61162185668945,41.5004768371582,98.85921478271484,143.02728271484375,90.264892578125,101.46912384033203,45.15791320800781,102.0,264.5506896972656,259.21649169921875,113.46398162841797,94.07936096191406
2023-03-31,162.54518127441406,281.63043212890625,27.75243377685547,31.886810302734375,98.01000213623047,141.75160217285156,34.04371643066406,445.5157165527344,97.05039978027344,141.8173065185547,120.75345611572266,26.457700729370117,303.94366455078125,34.61162185668945,42.239139556884766,99.0127182006836,143.70545959472656,90.2284927368164,102.44324493408203,45.491455078125,103.29000091552734,273.59893798828125,260.9147644042969,115.8636245727539,96.68855285644531
2023-04-03,163.79702758789062,280.5851745605469,27.940263748168945,32.10154342651367,96.55999755859375,143.44349670410156,34.50263595581055,465.8782958984375,99.31269836425781,142.7516632080078,120.61447143554688,26.44845199584961,303.3954162597656,34.92643737792969,42.076995849609375,104.8545150756836,149.68585205078125,98.60472869873047,108.50243377685547,48.484073638916016,102.41000366210938,276.01861572265625,263.27557373046875,114.94723510742188,97.35710144042969
2023-04-04,163.26478576660156,280.53631591796875,27.4287166595459,32.3065071105957,95.87000274658203,144.94329833984375,34.12715530395508,464.9921875,99.27620697021484,142.1821746826172,119.00206756591797,25.884143829345703,299.7995300292969,34.083831787109375,41.518497467041016,103.85230255126953,148.88433837890625,96.67665100097656,106.90272521972656,46.75149917602539,103.94999694824219,273.4506530761719,263.40618896484375,116.8556137084961,96.56784057617188
2023-04-05,161.42147827148438,277.76202392578125,26.857227325439453,32.04298400878906,92.55999755859375,151.4547119140625,34.669525146484375,480.056640625,102.08582305908203,143.08982849121094,119.17949676513672,25.569608688354492,298.7588195800781,34.15791320800781,41.23023223876953,105.63101196289062,149.6241912841797,97.99539184570312,107.572998046875,46.97386169433594,101.0999984741211,267.61932373046875,263.16363525390625,114.21977233886719,97.40351104736328
2023-04-06,162.3086395263672,284.8540954589844,27.013086318969727,32.023460388183594,92.47000122070312,151.03402709960938,34.62779998779297,483.4315185546875,102.46894836425781,143.7572479248047,119.04877471923828,25.754629135131836,299.5672302246094,35.093109130859375,41.311309814453125,103.87937927246094,147.66009521484375,96.6402816772461,106.67930603027344,45.973236083984375,102.05999755859375,267.5636901855469,263.9754333496094,113.57733917236328,97.19923400878906
2023-04-10,159.71617126464844,282.6952209472656,27.554609298706055,31.74040985107422,95.4800033569336,150.2749786376953,34.81970977783203,485.6658020019531,102.72435760498047,143.51695251464844,119.4410171508789,25.847139358520508,301.9459228515625,35.76904296875,41.905845642089844,103.41890716552734,148.22378540039062,96.35833740234375,107.572998046875,46.362369537353516,102.16999816894531,269.93707275390625,264.805908203125,115.17398071289062,97.25495910644531
2023-04-11,158.50376892089844,276.2869873046875,27.144969940185547,31.574485778808594,94.02999877929688,150.229248046875,34.869773864746094,491.1239929199219,102.61489868164062,143.60597229003906,120.0293960571289,26.55946159362793,304.18524169921875,36.4542350769043,42.51839065551758,104.15023803710938,149.04290771484375,97.08592224121094,108.74372100830078,47.381526947021484,99.91999816894531,272.3473815917969,265.4591369628906,116.48717498779297,98.18348693847656
2023-04-12,157.81373596191406,276.9317321777344,26.471569061279297,31.252399444580078,92.33000183105469,149.90916442871094,34.519325256347656,491.3315124511719,103.76429748535156,144.47801208496094,120.01072692871094,26.34669303894043,306.8520202636719,36.28756332397461,42.26616668701172,104.04190063476562,149.57131958007812,97.79529571533203,109.3067398071289,48.159786224365234,97.83000183105469,269.26025390625,266.22430419921875,116.8272933959961,98.05349731445312
2023-04-13,163.1957550048828,283.13482666015625,26.439594268798828,31.35976219177246,92.08999633789062,151.91200256347656,34.60277557373047,496.0826416015625,105.43363952636719,146.10348510742188,120.46833801269531,26.420698165893555,308.6081848144531,36.72276306152344,42.60847854614258,104.52946472167969,151.5706787109375,99.1686019897461,109.13128662109375,48.07640075683594,102.4000015258789,270.84552001953125,269.74224853515625,119.44422912597656,99.34416198730469
2023-04-14,162.8507843017578,279.5204162597656,26.734331130981445,31.12551498413086,91.75,151.66505432128906,34.36913299560547,482.4699401855469,105.18733215332031,145.11561584472656,129.56488037109375,27.308786392211914,313.0589294433594,36.704246520996094,44.64432144165039,104.78227996826172,151.8789520263672,98.677490234375,109.4192123413086,48.623046875,102.51000213623047,270.88262939453125,269.658203125,118.99076080322266,99.78987884521484
2023-04-17,162.87046813964844,282.1188049316406,26.978118896484375,31.36952018737793,89.87000274658203,151.50958251953125,34.36079406738281,476.39886474609375,104.91368865966797,144.74740600585938,130.59219360351562,28.095121383666992,315.6234436035156,38.241302490234375,44.76141357421875,103.56336212158203,150.54019165039062,96.04911804199219,108.67241668701172,48.23391342163086,102.73999786376953,273.85858154296875,269.9661560058594,119.21749114990234,100.5698471069336
2023-04-18,164.0927734375,281.69879150390625,27.642528533935547,31.066953659057617,89.77999877929688,147.2478790283203,33.83510971069336,475.57879638671875,104.7494888305664,143.3195343017578,132.05848693847656,28.27088737487793,310.2620544433594,38.76908874511719,45.11274337768555,105.58588409423828,150.18789672851562,95.44886016845703,107.07085418701172,48.33582305908203,102.30000305175781,277.149658203125,271.459228515625,119.23638153076172,100.19841766357422
2023-04-19,165.2362060546875,281.7770080566406,27.906295776367188,30.40325355529785,89.94000244140625,148.63796997070312,33.57645034790039,458.34600830078125,104.1109390258789,144.77439880371094,131.89039611816406,27.808340072631836,313.031005859375,39.11168670654297,45.401004791259766,105.25180053710938,150.3288116455078,95.73080444335938,106.89090728759766,48.76201629638672,104.30000305175781,275.2584533691406,271.7950744628906,118.7262191772461,99.50203704833984
2023-04-20,164.2701873779297,279.4910888671875,27.080028533935547,30.12020492553711,90.11000061035156,149.59823608398438,33.251033782958984,459.5338134765625,104.14742279052734,145.25035095214844,131.5074462890625,27.66032600402832,314.7221374511719,38.583892822265625,44.500186920166016,104.4120864868164,149.59776306152344,94.3847885131836,106.40505981445312,48.1505241394043,103.80999755859375,276.79742431640625,271.54315185546875,117.57361602783203,99.39987182617188
2023-04-21,162.6634979248047,279.1492004394531,27.095012664794922,29.573631286621094,88.43000030517578,148.78431701660156,33.551414489746094,456.1023864746094,105.2420883178711,145.85202026367188,131.2552947998047,27.632577896118164,317.4632263183594,38.18574523925781,44.16688537597656,104.74617004394531,148.95480346679688,93.00238800048828,105.55026245117188,46.1400032043457,106.95999908447266,278.16015625,272.5323181152344,118.59395599365234,100.45840454101562
2023-04-24,162.9690399169922,275.25146484375,27.018083572387695,28.948970794677734,87.56999969482422,149.68966674804688,33.30109786987305,460.9290771484375,105.76203918457031,147.35177612304688,131.43276977539062,27.530813217163086,319.6003112792969,38.38019561767578,44.16688537597656,106.7235336303711,151.03338623046875,94.26656341552734,107.23281860351562,46.52914047241211,106.20999908447266,279.64349365234375,273.5960693359375,120.0677490234375,101.47979736328125
2023-04-25,161.4313201904297,269.04833984375,26.217790603637695,28.187667846679688,83.80000305175781,151.0614471435547,32.817138671875,463.73834228515625,106.30025482177734,148.0881805419922,128.57489013671875,26.679725646972656,315.4375915527344,37.546844482421875,43.14896011352539,105.20664978027344,148.84031677246094,92.84777069091797,104.97441864013672,45.36174392700195,102.56999969482422,274.720703125,272.0190734863281,117.77202606201172,101.52621459960938
2023-04-26,161.42147827148438,288.536865234375,26.932159423828125,28.353593826293945,85.94000244140625,148.7202911376953,32.23305892944336,455.28216552734375,103.47238159179688,145.30422973632812,126.29608154296875,26.30968475341797,312.72442626953125,36.537574768066406,42.212120056152344,104.24054718017578,146.18922424316406,91.37445068359375,104.06565856933594,44.26846694946289,104.9800033569336,267.0630798339844,270.3861083984375,116.99732208251953,103.50401306152344
2023-04-27,166.00506591796875,297.7780456542969,27.20191764831543,29.14417839050293,87.44000244140625,149.0677947998047,32.32484817504883,462.3713684082031,105.05050659179688,133.69244384765625,127.9958724975586,26.72597885131836,317.4074401855469,36.72276306152344,42.365257263183594,105.4865493774414,147.04354858398438,92.06564331054688,104.2276382446289,44.43523406982422,109.81999969482422,272.4957275390625,275.01446533203125,118.75454711914062,104.69254302978516
2023-04-28,167.2569122314453,300.1517639160156,27.724458694458008,30.315412521362305,89.37000274658203,149.70797729492188,32.45000076293945,463.8985900878906,105.33330535888672,135.71307373046875,129.10723876953125,27.086767196655273,319.1171569824219,36.80609893798828,42.86613464355469,106.84993743896484,148.47921752929688,93.57536315917969,107.49374389648438,45.72307586669922,105.44999694824219,278.62371826171875,275.97564697265625,119.71820831298828,106.12249755859375
2023-05-01,167.16824340820312,298.4911193847656,28.884431838989258,29.573631286621094,89.69000244140625,149.61654663085938,32.717010498046875,467.3017272949219,106.12692260742188,138.0390167236328,131.87168884277344,26.864748001098633,316.4504089355469,37.39870071411133,43.03006362915039,103.5362777709961,147.29896545410156,93.24796295166016,106.74694061279297,45.53778076171875,102.05000305175781,275.9908142089844,277.6831970214844,120.85188293457031,106.37317657470703
2023-05-02,166.13319396972656,298.3446044921875,28.185047149658203,29.056337356567383,89.91000366210938,150.92431640625,32.59185791015625,465.1241149902344,107.54085540771484,136.16209411621094,129.7423095703125,26.050661087036133,309.76031494140625,35.9634895324707,41.89170455932617,99.4100112915039,140.9574432373047,89.71011352539062,100.4216537475586,42.78605651855469,103.62999725341797,272.8202819824219,278.1405029296875,120.2283706665039,106.28032684326172
2023-05-03,165.0587921142578,297.3580017089844,27.77741050720215,29.915239334106445,81.62000274658203,148.9488983154297,32.082862854003906,461.400390625,107.8418960571289,134.03369140625,126.99654388427734,25.77313232421875,305.3746032714844,35.787559509277344,41.59117126464844,97.45068359375,138.13023376464844,87.39096069335938,99.89080810546875,41.942935943603516,103.6500015258789,271.7077331542969,275.4809875488281,119.7370834350586,96.53069305419922
2023-05-04,163.4224853515625,298.3446044921875,27.537622451782227,30.61595916748047,86.61000061035156,148.27218627929688,31.89929962158203,459.3641052246094,107.06649780273438,132.33639526367188,125.25942993164062,24.968299865722656,298.5079345703125,34.26647186279297,40.88994598388672,95.74418640136719,137.5929412841797,88.54598999023438,100.1517333984375,41.757633209228516,104.0,264.9122619628906,275.4250183105469,116.83672332763672,97.23638153076172
2023-05-05,171.09140014648438,303.4634094238281,28.654634475708008,30.37095069885254,89.83999633789062,148.775146484375,32.11624526977539,465.963134765625,107.34928894042969,132.93807983398438,127.70635223388672,25.634366989135742,303.86004638671875,35.40494918823242,42.183128356933594,98.12785339355469,141.10723876953125,91.28350830078125,102.72502899169922,42.38766098022461,105.66000366210938,268.5,276.76873779296875,119.59537506103516,99.54843139648438
2023-05-08,171.02236938476562,301.5096435546875,29.12521743774414,30.155345916748047,95.04000091552734,148.436767578125,32.26643371582031,464.3982238769531,107.98785400390625,132.41720581054688,128.01455688476562,25.615869522094727,303.38616943359375,35.8155517578125,42.21955108642578,98.51610565185547,140.55235290527344,91.76551055908203,102.89598083496094,43.184452056884766,105.83000183105469,266.9332580566406,276.85272216796875,119.86935424804688,99.51129913330078
2023-05-09,169.31707763671875,299.8977966308594,28.545726776123047,29.498729705810547,95.05999755859375,147.28448486328125,32.10789489746094,462.28656005859375,107.1212387084961,131.86045837402344,127.39816284179688,25.588111877441406,301.76934814453125,35.96487045288086,42.36526107788086,98.54319763183594,140.14715576171875,92.33848571777344,102.36512756347656,43.70328903198242,106.62000274658203,269.3900146484375,276.8247375488281,118.18771362304688,99.08417510986328
2023-05-10,171.08151245117188,305.08502197265625,28.859453201293945,29.371326446533203,97.0199966430664,147.83319091796875,31.95770835876465,461.9943542480469,107.54998016357422,131.4922332763672,127.46353149414062,25.273576736450195,299.7066650390625,35.72223663330078,42.22865676879883,97.27912139892578,138.3592071533203,91.37445068359375,100.91653442382812,42.48957443237305,110.19000244140625,267.95306396484375,276.7407531738281,116.6855697631836,99.32559204101562
2023-05-11,171.268798828125,302.9358825683594,28.55272102355957,28.283498764038086,97.0999984741211,147.22962951660156,31.696239471435547,460.75933837890625,107.23072052001953,131.64488220214844,127.06192779541016,25.338340759277344,298.0061950683594,35.76889419555664,41.91901779174805,95.51847839355469,137.5929412841797,90.84693145751953,99.44993591308594,40.89597702026367,112.18000030517578,266.7107849121094,275.07977294921875,115.46684265136719,98.5697250366211
2023-05-12,170.34097290039062,301.822265625,28.31493377685547,28.371702194213867,95.26000213623047,147.03756713867188,31.502241134643555,463.0878601074219,106.85670471191406,132.14781188964844,125.24075317382812,25.060810089111328,296.8725891113281,34.98502731323242,41.39082717895508,95.5094223022461,137.94525146484375,90.4285888671875,99.3509521484375,40.831119537353516,110.26000213623047,269.2880554199219,276.3395690917969,113.56790924072266,99.0269775390625
2023-05-15,169.84739685058594,302.3009033203125,28.927391052246094,29.204723358154297,97.4000015258789,145.9126739501953,31.341999053955078,458.9681396484375,106.154296875,131.64488220214844,126.29608154296875,25.578861236572266,299.2605895996094,36.17949676513672,41.937232971191406,95.69157409667969,138.4561004638672,91.68099975585938,100.17872619628906,41.322174072265625,111.19999694824219,267.498779296875,276.1156005859375,113.20889282226562,99.5122299194336
2023-05-16,169.84739685058594,304.5281677246094,29.18716049194336,28.636310577392578,101.4800033569336,145.7206268310547,31.215484619140625,452.2372741699219,105.88973999023438,128.68133544921875,125.44625091552734,25.310585021972656,298.08984375,35.82489013671875,41.23600769042969,93.36919403076172,135.20608520507812,89.65156555175781,96.84062957763672,40.0713996887207,113.4000015258789,261.7416687011719,274.4825439453125,110.04399108886719,98.24312591552734
2023-05-17,170.45938110351562,307.4064025878906,30.151309967041016,28.29330062866211,103.75,145.40054321289062,30.996185302734375,457.0356140136719,104.68563079833984,128.73521423339844,129.30337524414062,26.42994499206543,306.7962341308594,37.75657272338867,42.875247955322266,95.46389770507812,137.143798828125,92.06492614746094,99.69286346435547,41.229522705078125,115.5,271.068115234375,273.8387145996094,110.51636505126953,98.62574005126953
2023-05-18,172.78887939453125,311.83148193359375,31.64998435974121,29.087120056152344,107.93000030517578,144.9341278076172,30.768465042114258,451.77532958984375,103.99234771728516,128.81605529785156,130.2840118408203,26.33744239807129,306.23870849609375,37.523277282714844,42.24686813354492,96.32909393310547,136.97474670410156,92.09236145019531,100.79055786132812,41.55379867553711,118.1500015258789,273.63604736328125,274.3892517089844,112.30194091796875,99.93214416503906
2023-05-19,172.89747619628906,311.65533447265625,31.236347198486328,29.33212661743164,105.81999969482422,145.327392578125,31.013059616088867,451.3888244628906,105.35155487060547,130.31578063964844,129.98513793945312,26.00440788269043,303.0516357421875,37.35530471801758,41.62759780883789,96.77536010742188,138.059814453125,93.79269409179688,103.10293579101562,41.942935943603516,116.25,269.66815185546875,275.7889709472656,108.4190444946289,98.45774841308594
2023-05-22,171.94989013671875,314.43560791015625,31.14842414855957,29.67513656616211,108.0,144.54417419433594,32.68305587768555,453.0856628417969,104.43932342529297,130.127197265625,128.91110229492188,26.217178344726562,301.90875244140625,38.2418327331543,41.700462341308594,95.60050964355469,135.57843017578125,94.82569885253906,102.16718292236328,42.61928176879883,115.01000213623047,269.46417236328125,270.0035095214844,104.09209442138672,96.02220916748047
2023-05-23,169.343994140625,308.6399841308594,30.660856246948242,28.920516967773438,108.12000274658203,144.48890686035156,33.4337158203125,451.9732666015625,103.3264389038086,127.98983764648438,127.56623077392578,26.439199447631836,300.65435791015625,38.45646286010742,41.80973434448242,96.90286254882812,139.50064086914062,95.42904663085938,102.08621215820312,42.674869537353516,114.98999786376953,273.43206787109375,267.2228088378906,102.76945495605469,93.63331604003906
2023-05-24,169.62037658691406,307.25958251953125,30.510988235473633,28.420703887939453,108.2699966430664,144.35067749023438,32.58184814453125,453.28363037109375,103.6274642944336,126.75950622558594,126.3988037109375,25.995155334472656,297.1606140136719,38.13917922973633,40.516563415527344,97.98664093017578,139.8741912841797,95.05423736572266,101.93325805664062,42.832374572753906,116.75,269.87213134765625,266.8028564453125,102.30653381347656,92.95210266113281
2023-05-25,170.7555389404297,319.076171875,37.9464111328125,26.852664947509766,120.3499984741211,142.27749633789062,31.90709686279297,450.3330078125,102.44160461425781,124.4874496459961,126.70701599121094,26.05991554260254,300.94244384765625,38.16717529296875,40.27978515625,96.22892761230469,137.46392822265625,92.96082305908203,99.33295440673828,41.84102249145508,115.0,265.83929443359375,266.4295654296875,101.54129791259766,91.86032104492188
2023-05-26,173.16400146484375,325.8998107910156,38.91155242919922,28.420703887939453,127.02999877929688,142.22218322753906,31.713109970092773,453.9341125488281,101.3195571899414,123.53553771972656,127.89309692382812,26.189424514770508,308.4966125488281,38.47512435913086,40.61673355102539,95.60050964355469,137.0370330810547,93.10707092285156,99.0810317993164,41.210994720458984,120.11000061035156,271.4759216308594,266.91485595703125,101.56963348388672,91.94429016113281
2023-05-30,175.00982666015625,324.2550048828125,40.075523376464844,29.390928268432617,125.2699966430664,142.2406005859375,31.215484619140625,452.3597717285156,99.58635711669922,122.52971649169922,128.3787841796875,26.143171310424805,307.400146484375,38.2418327331543,40.707801818847656,94.75352478027344,136.18321228027344,92.51287841796875,97.90233612060547,41.05348587036133,121.66000366210938,271.0773010253906,265.8697204589844,100.63433074951172,91.2164306640625
2023-05-31,174.96051025390625,321.4942321777344,37.80052947998047,30.81196403503418,118.20999908447266,142.87637329101562,32.067352294921875,459.32647705078125,100.71751403808594,123.8947525024414,126.74440002441406,25.708375930786133,303.2525939941406,37.15000534057617,40.36174011230469,93.0595474243164,133.95974731445312,90.77597045898438,96.53472137451172,39.68225860595703,120.58000183105469,264.6717834472656,266.0470275878906,99.44395446777344,91.11376953125
2023-06-01,177.76377868652344,325.5963134765625,39.734825134277344,30.508153915405273,119.47000122070312,142.39723205566406,32.067352294921875,465.350341796875,101.19185638427734,119.8355484008789,128.4908447265625,25.90419578552246,296.23065185546875,37.383304595947266,40.835304260253906,94.13420867919922,135.32943725585938,90.98624420166016,97.30850219726562,41.674251556396484,122.7699966430664,269.2845458984375,268.6224060058594,97.90401458740234,91.00179290771484
2023-06-02,178.61270141601562,328.3570556640625,39.292213439941406,30.684558868408203,117.86000061035156,144.63632202148438,32.3541145324707,470.95947265625,102.64226531982422,122.91587829589844,131.18991088867188,26.77139663696289,303.0185241699219,38.48445510864258,42.183128356933594,96.31999206542969,138.97589111328125,93.56415557861328,100.70059204101562,43.33268737792969,124.25,276.3343505859375,271.9620666503906,102.15989685058594,92.8494644165039
2023-06-05,177.26040649414062,328.8857421875,39.1363525390625,29.263525009155273,117.93000030517578,145.88026428222656,32.59871292114258,469.6491394042969,103.18048858642578,122.90686798095703,129.9010772705078,26.612878799438477,301.2957763671875,37.74724578857422,42.11027145385742,95.8919448852539,138.30885314941406,93.30818939208984,100.4576644897461,42.823116302490234,125.30000305175781,273.6824951171875,270.5736389160156,99.71441650390625,93.2507095336914
2023-06-06,176.89520263671875,326.67315673828125,38.61981201171875,30.341550827026367,124.2300033569336,145.75123596191406,32.362552642822266,459.63751220703125,100.35262298583984,121.62267303466797,130.1345977783203,27.256284713745117,305.9677734375,38.50312423706055,43.00273513793945,96.67517852783203,138.5579071044922,93.18933868408203,101.50137329101562,43.73603820800781,126.61000061035156,276.3903503417969,266.9245300292969,100.65279388427734,91.65501403808594
2023-06-07,175.52313232421875,316.5894775390625,37.44573211669922,30.655160903930664,117.83000183105469,146.0645294189453,32.80113220214844,454.5091552734375,99.07552337646484,122.58358764648438,131.39537048339844,27.489404678344727,314.3471984863281,39.25899887084961,43.72218322753906,98.84274291992188,142.1510467529297,95.81299591064453,104.59652709960938,44.83525085449219,121.2300033569336,281.7127380371094,264.44793701171875,101.505859375,91.37505340576172
2023-06-08,178.23760986328125,318.4300231933594,38.47991943359375,31.18437385559082,121.05000305175781,147.66778564453125,32.969818115234375,462.14520263671875,100.6353988647461,123.60737609863281,131.43276977539062,27.256284713745117,314.08502197265625,39.53895568847656,43.80414581298828,98.53308868408203,141.62628173828125,95.56617736816406,104.50655364990234,44.20180130004883,124.25,281.1431579589844,268.0877990722656,100.66228485107422,92.5228500366211
2023-06-09,178.62258911132812,319.92791748046875,38.739715576171875,30.71396255493164,124.91999816894531,147.43746948242188,32.868614196777344,465.3408508300781,100.99117279052734,124.09230041503906,131.69424438476562,27.2935848236084,314.5999755859375,39.31499481201172,43.98627853393555,97.80451202392578,141.28829956054688,94.97195434570312,104.59652709960938,44.276329040527344,123.43000030517578,277.65093994140625,269.0352478027344,100.34001922607422,91.41239929199219
2023-06-12,181.41600036621094,324.8816223144531,39.45115661621094,32.409400939941406,129.19000244140625,147.3361053466797,33.65300750732422,464.3699645996094,100.21578216552734,123.68819427490234,131.68492126464844,27.163036346435547,317.8487854003906,39.035037994384766,44.12288284301758,96.92107391357422,139.9275665283203,93.99378967285156,102.5000991821289,43.801231384277344,126.56999969482422,280.9283447265625,270.70501708984375,101.2594223022461,91.87896728515625
2023-06-13,180.9422149658203,327.2704162597656,40.98996353149414,33.23262405395508,124.52999877929688,148.11009216308594,33.9735107421875,463.1632385253906,100.33436584472656,124.20905303955078,132.63754272460938,27.414810180664062,320.6669006347656,39.80025100708008,44.341453552246094,96.93929290771484,140.97703552246094,94.5331802368164,101.4203872680664,44.67688751220703,126.66000366210938,280.20001220703125,270.6862487792969,101.21204376220703,92.62550354003906
2023-06-14,181.57394409179688,330.2563171386719,42.96341323852539,34.869266510009766,127.33000183105469,148.8656768798828,33.19755554199219,433.5149841308594,99.78340148925781,122.34111022949219,132.1425323486328,27.15371322631836,316.84698486328125,39.268333435058594,43.931644439697266,95.77354431152344,139.71408081054688,93.85669708251953,99.57589721679688,44.03411865234375,126.41999816894531,279.8545227050781,270.58306884765625,106.9749984741211,93.93192291259766
2023-06-15,183.6073455810547,340.7904052734375,42.619686126708984,35.104469299316406,124.23999786376953,150.8651580810547,33.526485443115234,441.0024719238281,100.46294403076172,122.03575897216797,133.63682556152344,27.3868350982666,318.0828552246094,39.529624938964844,44.22306442260742,96.43839263916016,140.77247619628906,95.20964050292969,100.50263214111328,44.62099838256836,127.11000061035156,282.01153564453125,274.494873046875,106.54847717285156,94.60379791259766
2023-06-16,182.5314178466797,335.1415100097656,42.65864944458008,35.64347839355469,120.08000183105469,151.3258819580078,33.787960052490234,433.997802734375,100.38946533203125,124.50543975830078,133.7956085205078,27.218990325927734,316.7439880371094,39.36165237426758,43.8861083984375,95.74622344970703,139.8653106689453,95.91353607177734,102.0412368774414,44.509212493896484,125.48999786376953,280.4801940917969,275.5174255371094,107.66693115234375,95.06105041503906
2023-06-20,182.6202392578125,330.951416015625,43.77377700805664,34.30084991455078,118.93000030517578,151.23373413085938,33.18068313598633,444.3155212402344,101.22512817382812,123.76901245117188,133.11380004882812,26.920597076416016,309.6378173828125,39.09101867675781,43.35791015625,93.55133056640625,136.68125915527344,93.27161407470703,99.26996612548828,44.024810791015625,125.77999877929688,281.44195556640625,274.8982849121094,103.8281021118164,94.50114440917969
2023-06-21,181.58380126953125,326.5556945800781,43.011383056640625,32.242801666259766,112.11000061035156,151.00338745117188,32.80957794189453,451.2822570800781,102.07916259765625,122.90686798095703,132.917724609375,26.640851974487305,304.3480224609375,38.8670654296875,43.17577362060547,94.59870147705078,137.74856567382812,94.79827117919922,99.75585174560547,44.49058151245117,124.83000183105469,280.7790222167969,276.28668212890625,104.24517822265625,95.06105041503906
2023-06-22,184.5845489501953,332.5765380859375,42.99139404296875,32.05659103393555,110.69999694824219,152.6066436767578,32.66618347167969,453.45947265625,104.4300308227539,123.40082550048828,130.3587188720703,26.072038650512695,299.2079772949219,38.31647872924805,42.46543884277344,94.07957458496094,135.7563018798828,92.72310638427734,97.39849090576172,43.6335563659668,130.14999389648438,281.2271423339844,275.1422119140625,104.70013427734375,94.10920715332031
2023-06-23,184.2686767578125,327.9850158691406,42.176029205322266,32.34080505371094,110.01000213623047,152.47764587402344,32.30350875854492,451.51904296875,105.23812866210938,122.0627212524414,129.6769561767578,25.876218795776367,294.6484680175781,37.89655685424805,41.909915924072266,93.25989532470703,134.6090087890625,91.83639526367188,96.11183166503906,43.40067672729492,129.3300018310547,280.8816833496094,271.9620666503906,103.80914306640625,91.76697540283203
2023-06-26,182.8769073486328,321.6998291015625,40.60026550292969,32.674007415771484,107.51000213623047,150.7729949951172,31.114273071289062,453.46893310546875,103.84230041503906,121.1916275024414,129.99449157714844,26.193265914916992,292.4482421875,37.877891540527344,42.11027145385742,94.98120880126953,136.97474670410156,93.16989135742188,98.97305297851562,44.11795425415039,127.33000183105469,287.49267578125,271.1927795410156,105.91339111328125,91.66434478759766
2023-06-27,185.63084411621094,327.5445251464844,41.84328842163086,33.418819427490234,110.38999938964844,150.45973205566406,30.717857360839844,456.781982421875,104.06269073486328,119.08120727539062,130.00379943847656,26.3331356048584,293.4687805175781,38.17650604248047,42.255985260009766,95.21800994873047,136.5478973388672,92.69166564941406,98.05530548095703,44.844566345214844,129.17999267578125,292.95513916015625,273.2660217285156,107.6858901977539,92.1216049194336
2023-06-28,186.8054962158203,328.797607421875,41.08488082885742,32.899417877197266,110.16999816894531,150.1556854248047,30.608211517333984,449.1051940917969,103.25460052490234,119.0003890991211,129.43409729003906,26.17461395263672,293.6654052734375,37.905887603759766,42.10116195678711,95.99211883544922,137.78411865234375,94.27346801757812,100.04376220703125,45.26376724243164,129.0399932861328,286.2040710449219,273.67877197265625,107.13611602783203,92.01893615722656
2023-06-29,187.14109802246094,328.014404296875,40.79011535644531,32.25259780883789,111.23999786376953,151.2061004638672,30.464826583862305,450.98895263671875,104.26473236083984,119.64695739746094,133.95437622070312,26.724777221679688,302.4942626953125,39.61361312866211,42.155799865722656,97.17608642578125,138.9581298828125,94.7792739868164,101.6723403930664,45.151981353759766,127.9000015258789,287.4272766113281,276.23980712890625,107.4583969116211,92.08426666259766
2023-06-30,191.4645233154297,333.38916015625,42.268959045410156,32.77200698852539,113.91000366210938,152.51454162597656,30.937145233154297,454.96453857421875,105.96360778808594,120.99402618408203,135.8315887451172,26.752748489379883,301.9792785644531,39.82823944091797,41.928123474121094,97.67698669433594,139.94532775878906,95.28507995605469,102.96798706054688,45.757476806640625,130.36000061035156,290.0605163574219,279.9358825683594,104.61483764648438,92.4388656616211
2023-07-03,189.97401428222656,330.8927307128906,42.37986373901367,32.94841384887695,115.81999969482422,150.5150146484375,30.911846160888672,452.3519592285156,104.9902114868164,121.24549102783203,136.92428588867188,27.22831153869629,305.7898254394531,40.50013732910156,42.56560516357422,97.86825561523438,139.82081604003906,95.85527038574219,103.20191192626953,46.083526611328125,130.22000122070312,289.4815368652344,276.5868835449219,103.4205322265625,92.5228500366211
2023-07-05,188.85861206054688,331.0493469238281,42.2839469909668,31.86058807373047,113.94999694824219,150.0174560546875,30.751590728759766,446.0477600097656,104.4116439819336,123.58943176269531,136.01217651367188,27.11641502380371,299.6479797363281,40.57478713989258,42.6202507019043,97.36734771728516,139.02037048339844,95.66214752197266,102.83300018310547,45.92516326904297,130.3800048828125,290.2098388671875,278.519287109375,101.51533508300781,91.87896728515625
2023-07-06,189.33241271972656,334.10382080078125,42.07011413574219,31.331377029418945,113.4800033569336,148.9025115966797,30.051546096801758,444.2870788574219,102.62095642089844,123.25711822509766,134.66748046875,26.37043571472168,293.04742431640625,40.02421188354492,41.32707595825195,93.73348999023438,135.9698028564453,92.27781677246094,100.99750518798828,45.757476806640625,128.36000061035156,282.01153564453125,276.6619567871094,99.61964416503906,89.77001953125
2023-07-07,188.2169952392578,330.1388854980469,42.46979522705078,31.213775634765625,113.16999816894531,146.73716735839844,29.967201232910156,436.9227294921875,100.0956039428711,121.68553161621094,135.7300262451172,26.603553771972656,295.0791015625,39.912235260009766,41.6549186706543,93.95206451416016,137.16156005859375,94.93562316894531,104.55154418945312,49.69791030883789,129.77999877929688,282.74920654296875,274.0164794921875,99.01300048828125,89.63006591796875
2023-07-10,186.1737823486328,324.8620300292969,42.147056579589844,32.086002349853516,113.58000183105469,146.97671508789062,30.093717575073242,438.31414794921875,100.97718811035156,120.77852630615234,136.49168395996094,26.724777221679688,296.2962646484375,39.49229431152344,41.59117126464844,95.34549713134766,138.0775909423828,95.96562957763672,104.16464233398438,49.94943618774414,127.12999725341797,289.72430419921875,276.25848388671875,100.2641830444336,92.50418853759766
2023-07-11,185.65061950683594,325.4885559082031,42.37187957763672,32.63480758666992,111.31999969482422,146.1658935546875,30.380477905273438,438.1627197265625,99.82011413574219,121.74840545654297,138.62632751464844,27.060466766357422,300.4251708984375,39.88424301147461,42.37436294555664,96.5112533569336,140.63018798828125,98.8073501586914,107.6107177734375,52.21308517456055,128.77999877929688,292.88037109375,276.4930114746094,101.79021453857422,93.40001678466797
2023-07-12,187.3187713623047,330.1192626953125,43.867706298828125,33.30122756958008,114.58000183105469,145.6591033935547,30.355182647705078,427.57049560546875,98.69058990478516,121.21856689453125,139.312744140625,27.37751007080078,305.59320068359375,40.369483947753906,43.14845275878906,96.9848403930664,141.9820098876953,100.52708435058594,109.50920104980469,52.79996109008789,130.8000030517578,296.48468017578125,277.3091735839844,102.14092254638672,94.37983703613281
2023-07-13,188.0788116455078,335.4645690917969,45.94108581542969,33.193424224853516,115.91999816894531,146.3317413330078,30.414222717285156,423.83148193359375,97.63455200195312,121.3002700805664,139.9898223876953,27.666576385498047,307.7279052734375,40.78942108154297,43.421653747558594,95.20889282226562,140.087646484375,101.66746520996094,110.28296661376953,53.48930358886719,134.3000030517578,293.75811767578125,276.94329833984375,102.21675872802734,94.80909729003906
2023-07-14,188.2268829345703,337.990478515625,45.4334831237793,32.48780822753906,115.94000244140625,147.30845642089844,30.633508682250977,454.5196228027344,98.57121276855469,123.49762725830078,140.83615112304688,27.144392013549805,305.3966369628906,40.649444580078125,41.66402816772461,91.93022918701172,136.5923614501953,98.4854736328125,107.73302459716797,53.219154357910156,134.67999267578125,295.5322570800781,276.6805725097656,102.3210220336914,94.81842041015625
2023-07-17,191.48426818847656,338.4701843261719,46.42470169067383,33.683433532714844,118.31999969482422,146.57131958007812,30.24553108215332,458.22076416015625,96.94581604003906,122.42620849609375,144.2307891845703,27.414810180664062,306.34222412109375,41.75059509277344,42.128475189208984,92.33094024658203,136.46783447265625,97.88770294189453,107.50653076171875,52.64159393310547,133.55999755859375,295.11199951171875,276.4367980957031,103.04139709472656,94.18388366699219
2023-07-18,191.22763061523438,351.9411926269531,47.4569091796875,33.81083679199219,117.93000030517578,146.5620880126953,30.566041946411133,473.29034423828125,97.2947769165039,124.01521301269531,144.4940948486328,28.627029418945312,315.77032470703125,42.553138732910156,42.82061004638672,91.91199493408203,136.74354553222656,100.0120849609375,111.21148681640625,53.07942581176758,132.8300018310547,295.77508544921875,275.6300354003906,103.99871826171875,94.02523803710938
2023-07-19,192.57994079589844,347.62384033203125,47.040225982666016,33.77163314819336,116.43000030517578,146.2672576904297,30.73472023010254,476.792724609375,97.2947769165039,125.0140151977539,145.04888916015625,29.400983810424805,318.8412170410156,43.16903305053711,43.27594757080078,92.54953002929688,137.57955932617188,100.68343353271484,110.91255950927734,53.43341064453125,135.36000061035156,298.3148498535156,275.9208679199219,104.15037536621094,95.02372741699219
2023-07-20,190.63539123535156,339.5862121582031,45.48444366455078,32.70341110229492,110.25,155.14981079101562,31.013059616088867,477.30377197265625,99.59971618652344,129.10910034179688,146.83555603027344,29.550182342529297,328.4940185546875,43.98090744018555,43.17577362060547,94.17975616455078,139.1004180908203,102.71586608886719,111.86367797851562,53.340248107910156,129.9600067138672,297.9506530761719,278.7350769042969,101.92291259765625,94.1372299194336
2023-07-21,189.46075439453125,336.5513000488281,44.274391174316406,33.34042739868164,110.94999694824219,156.81756591796875,31.544422149658203,479.4715270996094,101.37206268310547,130.51651000976562,145.70712280273438,29.820598602294922,329.5238342285156,42.88908004760742,42.84791946411133,94.61691284179688,141.13711547851562,103.81945037841797,112.87825012207031,52.17582321166992,130.0,299.2392883300781,277.3091735839844,103.37313842773438,95.94756317138672
2023-07-24,190.2602996826172,337.8631591796875,44.577152252197266,32.95821762084961,110.61000061035156,157.6376495361328,31.637197494506836,481.50665283203125,99.90276336669922,130.00802612304688,148.57521057128906,30.445358276367188,336.049560546875,43.31834411621094,43.4034423828125,96.10140228271484,143.9208984375,105.5024185180664,114.27326965332031,53.11668395996094,128.8000030517578,303.57183837890625,277.02777099609375,103.09825897216797,95.91021728515625
2023-07-25,191.11903381347656,343.6098937988281,45.64332580566406,33.418819427490234,113.0,158.84474182128906,31.25765037536621,483.63641357421875,98.7457046508789,128.60064697265625,147.46563720703125,29.97911834716797,332.0892333984375,42.44115447998047,42.88434982299805,96.24713134765625,144.5790557861328,106.84510040283203,116.40200805664062,53.917816162109375,129.1300048828125,303.5905456542969,274.2603759765625,102.65277099609375,96.04086303710938
2023-07-26,191.9876708984375,330.67730712890625,45.416500091552734,33.67363739013672,110.08999633789062,159.14877319335938,31.38416862487793,480.86297607421875,98.3875503540039,128.84576416015625,148.34950256347656,30.221561431884766,334.7669372558594,43.33700942993164,43.248634338378906,95.70980072021484,143.4940185546875,107.44288635253906,117.14481353759766,53.7221794128418,128.14999389648438,307.7550048828125,273.68817138671875,103.60061645507812,94.93040466308594
2023-07-27,190.7241973876953,323.7753601074219,45.86415100097656,33.859840393066406,111.0999984741211,160.0425567626953,30.872472763061523,478.240966796875,96.67031860351562,135.1564178466797,146.71334838867188,29.79262351989746,331.91131591796875,42.7117805480957,43.60380554199219,96.01033782958984,141.9998321533203,106.47724151611328,116.63753509521484,53.11668395996094,128.25,307.86712646484375,276.9151916503906,102.05561828613281,94.04389190673828
2023-07-28,193.30050659179688,331.2646789550781,46.71348190307617,36.09429931640625,112.95999908447266,160.77049255371094,30.7616024017334,476.044921875,97.65290832519531,136.972412109375,147.5502166748047,29.746002197265625,330.7129211425781,43.05705642700195,43.17577362060547,94.8628158569336,141.29721069335938,106.61519622802734,118.39488983154297,53.23778533935547,132.2100067138672,309.4171447753906,275.8269348144531,102.95608520507812,94.48249053955078
2023-07-31,193.9124755859375,328.8661193847656,46.692501068115234,35.05546951293945,114.4000015258789,154.3665771484375,30.75307273864746,479.3200378417969,97.93759155273438,135.8192596435547,148.53759765625,29.839248657226562,333.1845703125,43.07571792602539,43.4034423828125,97.66789245605469,145.55738830566406,108.2613525390625,120.0526123046875,54.34632873535156,133.67999267578125,311.7235107421875,275.04840087890625,104.63379669189453,94.78109741210938
2023-08-01,193.08334350585938,329.27734375,46.470680236816406,35.08486557006836,117.5999984741211,155.61973571777344,30.369300842285156,477.777099609375,96.67949676513672,134.87493896484375,147.80410766601562,29.484905242919922,334.9167175292969,42.655792236328125,42.86613464355469,97.10322570800781,144.34780883789062,107.94867706298828,119.34605407714844,53.666290283203125,131.69000244140625,310.07073974609375,273.0502624511719,103.69541931152344,94.4918212890625
2023-08-02,190.0924835205078,320.6229248046875,44.23442077636719,33.70303726196289,109.3499984741211,156.55960083007812,30.14756202697754,477.83392333984375,97.06520080566406,135.63768005371094,146.1302947998047,29.08394432067871,328.71868896484375,42.08654022216797,42.174015045166016,95.8919448852539,142.06211853027344,106.30249786376953,117.79702758789062,53.535888671875,128.2100067138672,306.7372741699219,271.69000244140625,101.90394592285156,95.30367279052734
2023-08-03,188.70068359375,319.80059814453125,44.48023223876953,34.17344665527344,113.1500015258789,157.23220825195312,29.84906768798828,477.89068603515625,97.0927505493164,135.3380126953125,147.02365112304688,29.28908348083496,330.6474304199219,42.462738037109375,42.082942962646484,97.55860137939453,142.00872802734375,105.75071716308594,119.29169464111328,54.01096725463867,128.91000366210938,307.997802734375,273.00335693359375,102.97504425048828,95.49030303955078
2023-08-04,179.63929748535156,320.8970642089844,44.64510726928711,34.56195068359375,115.81999969482422,155.7579345703125,29.86612892150879,475.8744812011719,96.42236328125,134.1394500732422,146.71334838867188,29.186511993408203,330.70355224609375,42.18058395385742,42.11058044433594,97.8318099975586,141.68853759765625,104.57357025146484,117.57962036132812,53.7221794128418,139.57000732421875,304.8044128417969,269.25103759765625,103.13618469238281,93.9505844116211
2023-08-07,176.5398406982422,323.1781311035156,45.381526947021484,34.65046691894531,116.80999755859375,159.49891662597656,30.42899513244629,483.45660400390625,97.42333221435547,136.50027465820312,147.4091796875,29.727346420288086,332.8944091796875,42.37809371948242,42.221134185791016,97.63145446777344,142.2043914794922,105.28169250488281,115.61392974853516,54.00165939331055,142.22000122070312,307.3628845214844,273.3598327636719,104.71910095214844,94.93972778320312
2023-08-08,177.47755432128906,319.203369140625,44.629119873046875,34.44392395019531,113.2300033569336,159.57261657714844,30.394878387451172,478.8372497558594,97.7171859741211,135.8555908203125,146.5816650390625,29.158540725708008,326.05975341796875,41.832611083984375,41.60389709472656,98.11415100097656,141.9909210205078,106.30249786376953,116.31140899658203,54.50469207763672,139.94000244140625,306.093017578125,271.6524658203125,103.97028350830078,93.96924591064453
2023-08-09,175.8883514404297,315.463623046875,42.52076721191406,33.716094970703125,110.47000122070312,159.47128295898438,30.565454483032227,475.2876281738281,97.43252563476562,136.89979553222656,144.6163330078125,28.776222229003906,320.8448181152344,41.11785125732422,40.940589904785156,99.78080749511719,142.1776885986328,107.084228515625,118.4945297241211,55.43623733520508,137.85000610351562,306.4664611816406,270.3860778808594,103.97028350830078,93.24139404296875
2023-08-10,175.67120361328125,316.14892578125,42.354896545410156,34.10951614379883,110.2300033569336,158.64198303222656,30.463111877441406,476.5844421386719,96.94581604003906,137.50816345214844,144.4000701904297,28.85082244873047,318.7007751464844,41.070823669433594,40.848453521728516,100.29083251953125,143.04042053222656,106.52322387695312,118.71192932128906,54.886627197265625,138.55999755859375,307.57763671875,269.79510498046875,103.34468841552734,95.37095642089844
2023-08-11,175.73049926757812,314.2691955566406,40.82309341430664,34.31605911254883,107.56999969482422,160.19000244140625,30.73601722717285,480.8724365234375,98.6630630493164,138.18008422851562,145.2369842529297,29.177186965942383,319.0097351074219,41.12724685668945,41.06034469604492,101.84819793701172,145.9931640625,108.34412384033203,119.87142181396484,55.566654205322266,138.41000366210938,309.17431640625,270.75189208984375,102.4537124633789,94.74240112304688
2023-08-14,177.38116455078125,317.2356262207031,43.71882629394531,35.09306716918945,111.9800033569336,159.81222534179688,30.7616024017334,483.63641357421875,100.01297760009766,138.2617950439453,145.5378875732422,28.84149932861328,316.2103576660156,41.13665771484375,40.62736129760742,101.93016815185547,145.88644409179688,108.23377227783203,119.10144805908203,55.445552825927734,140.57000732421875,308.0912780761719,270.9301452636719,102.02718353271484,94.76116180419922
2023-08-15,175.39442443847656,315.1014099121094,43.90568161010742,34.198036193847656,111.3499984741211,159.3514862060547,30.181676864624023,479.6229248046875,99.78340148925781,138.12557983398438,141.83290100097656,27.918346405029297,311.0328674316406,40.186771392822266,39.80744552612305,99.31327056884766,141.62628173828125,106.6912841796875,116.98175811767578,54.337013244628906,137.6699981689453,310.13616943359375,270.45172119140625,100.9940185546875,93.85116577148438
2023-08-16,174.52464294433594,314.3361511230469,43.452030181884766,32.978431701660156,107.19000244140625,158.84474182128906,30.258432388305664,476.66015625,99.84767150878906,137.6080322265625,141.23109436035156,27.31223487854004,308.1304931640625,39.70711898803711,39.28232955932617,97.64212036132812,141.08377075195312,105.88770294189453,116.49260711669922,53.81534194946289,135.07000732421875,310.9671630859375,267.73126220703125,100.9750747680664,92.85675048828125
2023-08-17,171.98440551757812,310.8827819824219,43.310142517089844,32.044063568115234,104.44000244140625,160.33741760253906,31.136842727661133,467.5730285644531,100.02214813232422,136.21878051757812,139.76417541503906,27.30291175842285,306.641845703125,39.9422492980957,39.116493225097656,99.53363800048828,143.4453125,107.81812286376953,117.51618957519531,53.92713165283203,133.97999572753906,305.5980529785156,264.4104309082031,99.57225036621094,90.59583282470703
2023-08-18,172.46875,310.4903259277344,43.265174865722656,32.21126174926758,105.44999694824219,158.93685913085938,31.2647705078125,471.8136901855469,100.2792739868164,136.32772827148438,140.08387756347656,27.144392013549805,304.2169494628906,39.970458984375,38.923038482666016,101.03950500488281,144.4779510498047,108.33538818359375,118.33148193359375,54.05754470825195,133.22000122070312,305.68212890625,264.2978210449219,99.34475708007812,91.21502685546875
2023-08-21,173.8031005859375,315.78814697265625,46.9303092956543,32.5948486328125,108.22000122070312,154.2007293701172,31.563262939453125,471.0942687988281,100.68333435058594,136.34591674804688,140.5634307861328,27.181690216064453,301.5299072265625,39.961055755615234,38.7572135925293,99.81828308105469,143.99305725097656,108.26148223876953,118.095947265625,53.5079345703125,134.67999267578125,302.5914001464844,262.70306396484375,97.49642944335938,90.49264526367188
2023-08-22,175.1769561767578,316.357177734375,45.632328033447266,32.348960876464844,105.66000366210938,152.97523498535156,31.41827964782715,466.03948974609375,98.47020721435547,134.6025390625,137.64834594726562,26.51963233947754,298.4683837890625,39.02997970581055,37.78989791870117,99.2581787109375,142.80776977539062,107.28241729736328,117.07235717773438,52.54844284057617,134.25,302.9835205078125,262.9563903808594,96.16941833496094,90.12677001953125
2023-08-23,179.02194213867188,320.8112487792969,47.07920837402344,33.4210319519043,109.43000030517578,151.602294921875,31.2647705078125,463.2944641113281,102.20771789550781,133.54925537109375,138.5792999267578,26.52895736694336,301.7826232910156,39.13343048095703,37.84516906738281,98.38587188720703,142.9963836669922,106.9683837890625,116.75529479980469,53.92713165283203,135.52000427246094,304.4869384765625,264.4198303222656,93.60075378417969,89.29183197021484
2023-08-24,174.3368377685547,313.914306640625,47.126163482666016,32.053897857666016,101.80000305175781,152.1182861328125,30.83835220336914,462.0260009765625,100.50883483886719,133.14065551757812,138.4476318359375,26.687477111816406,299.563720703125,38.96414566040039,37.84516906738281,97.65131378173828,141.820068359375,106.03548431396484,113.8475112915039,52.90243148803711,131.83999633789062,301.21881103515625,264.87005615234375,92.53915405273438,88.9634780883789
2023-08-25,176.54100036621094,316.8673400878906,45.9820556640625,32.70303726196289,102.25,154.29933166503906,31.025978088378906,462.9915466308594,101.2067642211914,133.19512939453125,138.27838134765625,26.575576782226562,299.74163818359375,38.77605056762695,37.99256896972656,99.39591979980469,142.87962341308594,107.62416076660156,115.1156997680664,52.59502029418945,133.25999450683594,301.470947265625,266.9620056152344,93.6860580444336,89.57328796386719
2023-08-28,178.10272216796875,317.57373046875,46.79841995239258,33.066951751708984,102.61000061035156,152.4802703857422,30.880998611450195,465.0361328125,100.03133392333984,133.86705017089844,138.75796508789062,26.818021774291992,305.1906433105469,39.387359619140625,38.0662727355957,100.23147583007812,143.85841369628906,108.54781341552734,115.4236831665039,53.871238708496094,133.13999938964844,304.31884765625,266.1177673339844,94.43485260009766,91.03675842285156
2023-08-29,181.98716735839844,322.1946105957031,48.74589157104492,33.745601654052734,105.91999816894531,152.4988250732422,30.829832077026367,466.50335693359375,101.0047378540039,134.0123291015625,139.88636779785156,27.200336456298828,311.3511962890625,39.500221252441406,38.434776306152344,100.82830810546875,143.6339111328125,108.67713928222656,115.81321716308594,54.23454284667969,134.91000366210938,307.5589904785156,266.0333251953125,96.46326446533203,93.01622772216797
2023-08-30,185.4762725830078,322.5673522949219,49.22551727294922,33.96198272705078,106.58999633789062,151.96051025390625,30.616622924804688,465.2727966308594,101.2067642211914,134.67520141601562,139.32217407226562,27.079118728637695,310.1994323730469,39.06759262084961,38.11233901977539,101.81079864501953,143.83145141601562,109.63774108886719,115.74073028564453,54.961143493652344,135.07000732421875,310.6976013183594,266.6430969238281,96.77606201171875,93.10066223144531
2023-08-31,185.6937255859375,321.5568542480469,49.31644821166992,34.56195068359375,105.72000122070312,150.057861328125,30.17314910888672,451.12139892578125,100.07725524902344,133.44033813476562,137.60134887695312,26.956886291503906,309.3780822753906,38.83247756958008,38.038631439208984,102.09544372558594,144.6575469970703,109.94254302978516,116.51070404052734,54.92388916015625,138.00999450683594,310.3875427246094,265.1623229980469,96.4063949584961,91.41201782226562
2023-09-01,187.26535034179688,322.4398498535156,48.471107482910156,36.00777053833008,109.44999694824219,148.94415283203125,30.514278411865234,450.799560546875,100.86699676513672,134.56622314453125,138.06210327148438,27.24835968017578,309.08544921875,39.171051025390625,38.31501007080078,104.23485565185547,147.53091430664062,112.81510162353516,118.64850616455078,56.004486083984375,138.1199951171875,312.9999084472656,264.96429443359375,97.34793853759766,91.93736267089844
2023-09-05,187.50253295898438,327.2372741699219,48.51007843017578,36.10612106323242,110.77999877929688,149.1297607421875,30.17314910888672,455.12548828125,98.72734069824219,132.65943908691406,136.5387420654297,26.938077926635742,305.6396179199219,39.06759262084961,38.103118896484375,104.24403381347656,149.470458984375,113.45243072509766,120.83161926269531,56.3225212097168,137.27000427246094,308.01947021484375,263.2855224609375,95.40782928466797,90.84913635253906
2023-09-06,180.7911834716797,326.5799560546875,47.02811050415039,36.37167739868164,109.27999877929688,146.6516876220703,29.311786651611328,451.4621276855469,97.7906494140625,132.2145233154297,136.3130645751953,26.693613052368164,303.1661682128906,38.57854461669922,38.11233901977539,105.14388275146484,149.62313842773438,113.67410278320312,120.58704376220703,57.06151580810547,135.36000061035156,306.34674072265625,259.7770690917969,95.27467346191406,90.0141830444336
2023-09-07,175.50318908691406,323.6661682128906,46.208683013916016,37.55194091796875,106.58999633789062,148.5264892578125,29.23503875732422,458.9117736816406,99.12220764160156,135.21090698242188,135.14703369140625,26.44915199279785,303.9497375488281,38.02366638183594,37.52272415161133,104.62968444824219,149.63211059570312,112.41793060302734,119.16487121582031,56.902496337890625,137.85000610351562,308.6208801269531,262.5027160644531,93.13484954833984,89.21676635742188
2023-09-08,176.11598205566406,327.9436340332031,45.54015350341797,37.384735107421875,106.08999633789062,149.0183868408203,29.209444046020508,456.8592224121094,100.14152526855469,135.31080627441406,135.25045776367188,26.665407180786133,307.3105773925781,38.55973815917969,37.39375686645508,106.15390014648438,150.14393615722656,113.350830078125,120.23377990722656,56.28510284423828,138.22999572753906,308.893310546875,263.3421325683594,92.8875732421875,89.38563537597656
2023-09-11,177.28231811523438,331.5442199707031,45.146427154541016,37.955196380615234,105.31999969482422,150.96742248535156,28.945070266723633,455.538330078125,99.7282943725586,135.3289337158203,135.84291076660156,26.778236389160156,306.4892883300781,38.87009811401367,37.39375686645508,104.82252502441406,147.04605102539062,111.24488067626953,117.91478729248047,56.84636688232422,143.10000610351562,308.5738525390625,263.8514099121094,92.05066680908203,89.75151824951172
2023-09-12,174.2577667236328,325.490966796875,44.83864212036133,38.220760345458984,105.30999755859375,151.82130432128906,29.124168395996094,456.032470703125,100.11397552490234,135.53778076171875,137.61073303222656,27.23895835876465,312.38970947265625,40.00807571411133,38.397918701171875,107.880126953125,149.7847442626953,113.68333435058594,121.46573638916016,58.09049606323242,141.22999572753906,306.6098327636719,264.7473449707031,91.58465576171875,90.2862548828125
2023-09-13,172.19198608398438,329.69970703125,45.453216552734375,38.07322311401367,107.70999908447266,152.20181274414062,29.064470291137695,455.97540283203125,99.0028076171875,137.25390625,137.67657470703125,27.154333114624023,316.2414245605469,39.73534393310547,39.03358840942383,106.916015625,149.2370147705078,112.97213745117188,120.39682006835938,56.7060546875,144.85000610351562,306.23394775390625,265.74700927734375,91.42298889160156,90.93356323242188
2023-09-14,173.70425415039062,332.2898254394531,45.54915237426758,38.033878326416016,106.62999725341797,151.9698028564453,29.124168395996094,459.5484313964844,100.0753173828125,139.50572204589844,140.34715270996094,27.455215454101562,325.29498291015625,40.48772048950195,39.742950439453125,108.82588958740234,150.1619110107422,114.99492645263672,121.98207092285156,57.62277603149414,144.72000122070312,309.7579040527344,268.5671691894531,92.43108367919922,91.14933776855469
2023-09-15,172.98269653320312,323.9703063964844,43.86932373046875,37.256874084472656,101.48999786376953,149.8444061279297,29.055938720703125,462.4942932128906,99.40963745117188,138.12557983398438,139.93341064453125,27.11672592163086,323.3785095214844,40.393680572509766,39.34680938720703,107.15475463867188,149.5063934326172,114.13591766357422,119.73551940917969,56.66863250732422,140.38999938964844,302.0240783691406,262.40838623046875,91.546630859375,90.27687072753906
2023-09-18,175.90843200683594,322.832275390625,43.935272216796875,37.36506652832031,102.37000274658203,150.79107666015625,28.689220428466797,461.8861083984375,99.68700408935547,139.77816772460938,140.22491455078125,27.041507720947266,324.1148986816406,40.84511184692383,39.28232955932617,108.01787567138672,150.15289306640625,114.9764633178711,119.46379089355469,57.25796127319336,139.97999572753906,298.1336669921875,261.9273986816406,90.83333587646484,90.7740707397461
2023-09-19,176.99569702148438,322.4300537109375,43.489585876464844,35.742210388183594,101.61000061035156,150.54051208496094,28.987714767456055,456.75469970703125,99.2616958618164,139.36956787109375,140.04623413085938,26.938077926635742,322.7649841308594,40.64760971069336,39.319183349609375,107.73323059082031,150.1349639892578,113.75723266601562,116.85493469238281,56.528324127197266,137.6300048828125,295.6434020996094,262.3140563964844,89.9869155883789,89.39502716064453
2023-09-20,173.4571533203125,314.6991882324219,42.20948791503906,34.11935043334961,100.33999633789062,151.199462890625,28.67216682434082,467.6542663574219,99.21546936035156,139.47854614257812,139.4538116455078,26.844053268432617,317.865234375,40.31843185424805,38.96910095214844,106.87930297851562,149.677001953125,111.91915130615234,113.68445587158203,55.929649353027344,135.2899932861328,292.1194763183594,261.4369812011719,89.43531799316406,89.27306365966797
2023-09-21,171.9152069091797,313.4826354980469,40.98834228515625,34.08000946044922,96.11000061035156,150.03933715820312,28.015487670898438,476.21612548828125,98.67921447753906,139.3150634765625,138.363037109375,26.373931884765625,311.7666320800781,39.80117416381836,38.425567626953125,105.3734359741211,148.33010864257812,109.97948455810547,111.04842376708984,55.02227020263672,129.3300018310547,288.26666259765625,255.79701232910156,87.10528564453125,87.34049987792969
2023-09-22,172.76524353027344,311.01031494140625,41.58092498779297,33.617740631103516,96.19999694824219,148.96270751953125,27.8790340423584,480.929443359375,98.31864166259766,138.68858337402344,137.03712463378906,25.988431930541992,309.5480651855469,38.77605056762695,37.6977653503418,105.53871154785156,149.30885314941406,110.0626220703125,111.07560729980469,55.22806930541992,129.1199951171875,287.2987976074219,256.74017333984375,86.40151977539062,87.88462829589844
2023-09-25,174.04031372070312,311.5302429199219,42.192501068115234,33.725929260253906,97.37999725341797,148.73997497558594,28.126354217529297,484.9014892578125,97.8563461303711,140.42282104492188,137.71417236328125,25.95081901550293,310.44488525390625,39.08641052246094,37.78989791870117,106.72319793701172,151.49081420898438,111.8268051147461,113.82034301757812,55.976409912109375,131.27000427246094,288.01287841796875,254.43894958496094,86.16375732421875,87.00276184082031
2023-09-26,169.96804809570312,306.2325134277344,41.881717681884766,33.273502349853516,95.95999908447266,147.58908081054688,27.631715774536133,480.31170654296875,97.4403076171875,139.75091552734375,136.28485107421875,25.546512603759766,305.7056884765625,38.23057556152344,37.052886962890625,106.88847351074219,150.67372131347656,110.96778106689453,114.93453216552734,55.312259674072266,125.9800033569336,284.30108642578125,252.49610900878906,85.75480651855469,86.30856323242188
2023-09-27,168.45574951171875,306.87017822265625,42.43832015991211,34.040672302246094,98.06999969482422,145.8163604736328,27.375864028930664,478.67730712890625,96.09967041015625,139.04269409179688,137.08413696289062,25.640539169311523,303.9403381347656,38.428070068359375,37.27399444580078,110.36847686767578,153.58302307128906,114.26322174072266,117.58868408203125,56.87443161010742,125.9800033569336,283.6244812011719,248.6481170654297,85.04153442382812,85.52989196777344
2023-09-28,168.7127685546875,307.7040710449219,43.05889129638672,34.60129165649414,102.76000213623047,145.60293579101562,27.367338180541992,484.7304992675781,96.43253326416016,138.24363708496094,138.78616333007812,25.913211822509766,307.0085144042969,38.47509002685547,37.95572280883789,109.69818878173828,153.17897033691406,113.91976165771484,117.28068542480469,57.00539016723633,125.9800033569336,285.1937561035156,250.48715209960938,85.24125671386719,85.44546508789062
2023-09-29,169.22674560546875,309.774169921875,43.468605041503906,34.96520233154297,102.81999969482422,144.5541534423828,28.288387298583984,479.11444091796875,95.1843490600586,135.3470916748047,136.3694610595703,25.74396324157715,305.4696960449219,38.428070068359375,37.8912353515625,107.96278381347656,151.4100341796875,111.20915222167969,114.82584381103516,54.53583908081055,127.12000274658203,283.9439697265625,248.45945739746094,90.93795776367188,85.62371063232422
2023-10-02,171.7373046875,315.70965576171875,44.750709533691406,34.87668228149414,103.2699966430664,143.99728393554688,28.945070266723633,488.97821044921875,94.81452941894531,134.61160278320312,135.1940460205078,25.10460090637207,300.68328857421875,37.25247573852539,37.31083679199219,106.17227172851562,149.54232788085938,108.7027587890625,112.0177001953125,54.19908905029297,129.4600067138672,281.75439453125,243.09300231933594,89.92984771728516,85.49237060546875
2023-10-03,170.40293884277344,307.4588317871094,43.48659133911133,35.10289764404297,100.08000183105469,144.17361450195312,28.910961151123047,484.1318054199219,94.09336853027344,133.86705017089844,134.19728088378906,24.361804962158203,288.995849609375,36.368408203125,36.72123336791992,106.35592651367188,149.8925018310547,109.16690826416016,112.54308319091797,54.825828552246094,124.72000122070312,274.340087890625,240.0183868408203,90.43389892578125,83.9444580078125
2023-10-04,171.64834594726562,312.92340087890625,44.01021957397461,35.338951110839844,104.06999969482422,144.34066772460938,28.407787322998047,485.2245788574219,94.46318817138672,134.10313415527344,134.799072265625,24.390010833740234,291.3371276855469,36.65056228637695,36.6751823425293,102.38008117675781,146.3995361328125,105.203125,108.12252044677734,52.225318908691406,127.0,274.7630310058594,241.26333618164062,91.19471740722656,85.51114654541016
2023-10-05,172.8838348388672,313.31585693359375,44.656768798828125,35.29960632324219,102.91000366210938,145.84422302246094,28.54424285888672,490.55560302734375,95.78532409667969,133.88523864746094,135.3674774169922,24.502840042114258,293.13079833984375,36.96091842651367,36.73966598510742,100.07537841796875,147.17176818847656,105.28665924072266,107.30726623535156,51.823081970214844,125.95999908447266,274.11456298828125,237.8869171142578,91.09964752197266,86.65568542480469
2023-10-06,175.43399047851562,321.06634521484375,45.73002243041992,35.59467697143555,107.23999786376953,146.3082733154297,28.25428009033203,498.7088317871094,96.044189453125,134.6025390625,137.4514923095703,24.51224136352539,295.00006103515625,37.32770538330078,37.375328063964844,98.40423583984375,145.6721954345703,107.0596923828125,109.3182601928711,52.10371398925781,127.95999908447266,275.1669921875,234.1049346923828,92.35499572753906,87.10597229003906
2023-10-09,176.91659545898438,323.5778503417969,45.24136734008789,35.466819763183594,106.97000122070312,147.14356994628906,28.31397819519043,500.3243408203125,96.617431640625,135.3925018310547,137.138916015625,24.737899780273438,295.1227722167969,37.33710861206055,37.531944274902344,101.8475112915039,149.70391845703125,113.08428955078125,115.2606430053711,54.47971725463867,128.25999450683594,277.5539245605469,235.70823669433594,92.1362533569336,86.94648742675781
2023-10-10,176.3235626220703,322.1749572753906,45.765995025634766,35.830726623535156,109.01000213623047,146.9765167236328,28.288387298583984,498.1672668457031,95.79456329345703,135.19276428222656,137.9724884033203,25.396074295043945,297.1619873046875,37.4499626159668,38.17681884765625,101.41596221923828,149.54232788085938,111.75684356689453,114.78052520751953,54.835182189941406,129.47999572753906,281.18121337890625,237.21728515625,92.84002685546875,87.41555786132812
2023-10-11,177.71722412109375,326.1286926269531,46.77328872680664,36.2733268737793,108.30999755859375,144.9532470703125,28.237226486206055,498.062744140625,95.6558837890625,135.60133361816406,138.44613647460938,25.405479431152344,295.509765625,37.32770538330078,38.259727478027344,97.77986145019531,144.6575469970703,111.43193054199219,115.37838745117188,54.96614074707031,131.8300018310547,280.0817565917969,236.65139770507812,93.81959533691406,86.26164245605469
2023-10-12,178.61668395996094,324.89251708984375,46.912200927734375,36.23398208618164,108.79000091552734,145.09243774414062,28.075185775756836,499.4025573730469,95.77606964111328,136.0048828125,138.1240692138672,25.292646408081055,292.5171813964844,37.37474060058594,38.259727478027344,97.76150512695312,144.77427673339844,112.42520141601562,116.81871032714844,54.601318359375,132.3300018310547,275.3549499511719,232.19036865234375,94.39020538330078,85.76443481445312
2023-10-13,176.77821350097656,321.52740478515625,45.429229736328125,35.3782958984375,105.08999633789062,145.57508850097656,27.38439178466797,512.5732421875,96.16439056396484,135.6930694580078,140.19863891601562,25.161014556884766,291.9978942871094,38.52212142944336,38.1676025390625,100.88341522216797,147.31544494628906,115.90629577636719,121.2392578125,55.153236389160156,129.7899932861328,274.3213195800781,234.18980407714844,95.01790618896484,85.82072448730469
2023-10-16,176.6497344970703,326.3445129394531,46.06279373168945,35.95859146118164,106.45999908447266,146.20619201660156,28.373676300048828,511.27142333984375,96.28458404541016,135.0235595703125,140.0565643310547,25.377273559570312,296.80328369140625,39.171051025390625,37.725406646728516,100.95686340332031,148.5186767578125,116.32402801513672,122.16439819335938,55.61159896850586,132.5500030517578,279.4051513671875,235.72711181640625,97.0436019897461,87.8564682006836
2023-10-17,175.097900390625,325.7754821777344,43.90729904174805,35.466819763183594,105.13999938964844,144.8696746826172,27.93020248413086,509.9599609375,96.31232452392578,136.8118896484375,139.75340270996094,25.96962547302246,292.0545959472656,39.48141098022461,37.95572280883789,102.2790756225586,150.48513793945312,116.46326446533203,122.4105224609375,56.350589752197266,131.47000122070312,278.09893798828125,236.85888671875,97.96611022949219,88.35368347167969
2023-10-18,173.8031005859375,323.8623352050781,42.16651153564453,35.05372619628906,102.16999816894531,141.751220703125,26.78740882873535,509.3992614746094,94.29676818847656,136.9036407470703,138.21881103515625,25.678150177001953,285.0685729980469,39.058197021484375,37.283203125,103.71147155761719,151.67938232421875,117.51223754882812,123.74124145507812,56.67799758911133,128.1300048828125,272.7425842285156,241.47079467773438,98.68888854980469,87.95030212402344
2023-10-19,173.42750549316406,325.0494384765625,42.07158279418945,35.083229064941406,102.4000015258789,141.37071228027344,26.59978675842285,505.189697265625,92.85443878173828,133.45533752441406,137.63148498535156,25.349061965942383,282.4535217285156,38.72902297973633,36.90549087524414,103.7757568359375,151.84104919433594,117.31729125976562,124.1696548461914,56.0980224609375,128.39999389648438,269.4817810058594,243.6871795654297,98.00414276123047,88.57884979248047
2023-10-20,170.87741088867188,320.48748779296875,41.35807800292969,34.34556198120117,101.80999755859375,142.00181579589844,26.139259338378906,500.81854248046875,94.92546844482422,134.1064910888672,135.4148406982422,24.737899780273438,283.2653503417969,37.873191833496094,36.5554084777832,101.99444580078125,149.802734375,115.1636734008789,121.43522644042969,54.45166015625,125.16999816894531,269.1435241699219,243.43251037597656,97.64275360107422,88.36306762695312
2023-10-23,170.99598693847656,323.0873718261719,42.94497299194336,33.29316711425781,100.01000213623047,140.507568359375,26.30129623413086,495.6300048828125,95.55416870117188,132.73086547851562,133.567626953125,24.042118072509766,282.4818115234375,37.130210876464844,35.827613830566406,100.49774932861328,144.28038024902344,112.63871765136719,119.98599243164062,55.04097366333008,126.55999755859375,267.88427734375,240.26361083984375,97.77589416503906,88.37245178222656
2023-10-24,171.430908203125,324.27447509765625,43.63248825073242,34.020999908447266,101.66999816894531,140.35906982421875,25.95163345336914,498.88946533203125,95.25831604003906,134.17984008789062,133.72865295410156,23.94809341430664,282.44403076171875,36.94211196899414,35.86446762084961,99.52445983886719,140.66171264648438,111.348388671875,118.43649291992188,53.31977462768555,128.55999755859375,266.2303161621094,242.6403045654297,100.02984619140625,88.7664794921875
2023-10-25,169.11801147460938,334.2225646972656,41.74979782104492,32.28995132446289,96.05999755859375,140.6746368408203,26.20748519897461,503.84039306640625,95.81305694580078,133.2168731689453,132.999267578125,24.023313522338867,280.1593933105469,36.70698547363281,35.56966781616211,99.70809173583984,139.96131896972656,111.7754135131836,118.24507904052734,52.964317321777344,121.38999938964844,263.99383544921875,243.35707092285156,98.47015380859375,88.18482971191406
2023-10-26,164.95677185058594,321.68438720703125,40.297821044921875,31.98504638671875,93.66999816894531,138.2893524169922,26.574201583862305,502.08233642578125,97.58824157714844,133.161865234375,133.3402862548828,24.559253692626953,280.3765563964844,37.29008865356445,36.242191314697266,98.79906463623047,138.9556427001953,109.82599639892578,116.61355590820312,52.26273727416992,119.56999969482422,261.24053955078125,241.2821807861328,95.12251281738281,86.93710327148438
2023-10-27,166.27137756347656,323.5680847167969,40.47169876098633,34.95537185668945,96.43000030517578,135.13375854492188,25.678730010986328,498.5663146972656,95.06416320800781,127.41171264648438,128.53750610351562,23.666019439697266,273.6926574707031,36.45305252075195,35.22880935668945,96.91675567626953,129.6171112060547,109.35257720947266,114.836181640625,52.225318908691406,127.73999786376953,259.79327392578125,241.21617126464844,93.18240356445312,86.32731628417969
2023-10-30,168.31735229492188,330.9261169433594,41.132240295410156,35.10289764404297,96.18000030517578,136.4609832763672,26.05397605895996,503.6313171386719,94.93472290039062,130.12631225585938,130.17633056640625,24.15494728088379,284.0017395019531,37.083187103271484,35.86446762084961,97.21973419189453,131.1795196533203,109.66818237304688,114.34397888183594,52.75851821899414,132.7100067138672,264.5107421875,245.35650634765625,96.81535339355469,87.38742065429688
2023-10-31,168.7918243408203,331.71099853515625,40.751502990722656,35.899574279785156,98.5,137.67677307128906,26.062501907348633,508.92425537109375,94.95320892333984,129.47515869140625,131.72988891601562,24.766109466552734,286.6262512207031,37.40294647216797,36.38037872314453,97.19221496582031,130.85626220703125,110.2808609008789,115.07316589355469,52.06629180908203,133.08999633789062,267.5271911621094,247.26171875,97.73783874511719,86.53369903564453
2023-11-01,171.9547576904297,339.5203552246094,42.29542922973633,36.67658233642578,108.04000091552734,138.0016632080078,26.01986312866211,505.1612548828125,95.09188842773438,130.65818786621094,131.61619567871094,24.822525024414062,289.9776611328125,37.25247573852539,36.481712341308594,96.99938201904297,129.28489685058594,108.30360412597656,113.2228775024414,52.25339126586914,137.0,269.3502197265625,247.0730743408203,95.94039916992188,85.69876098632812
2023-11-02,175.51307678222656,341.7277526855469,43.47560119628906,37.079837799072266,107.83000183105469,139.4402313232422,26.01133155822754,509.46588134765625,95.09188842773438,131.38272094726562,133.96548461914062,25.96962547302246,296.2084655761719,38.43854904174805,38.09391403198242,100.18556213378906,133.57701110839844,113.26994323730469,117.26070404052734,53.65653610229492,138.07000732421875,276.77392578125,251.67552185058594,99.93474578857422,93.82302856445312
2023-11-03,174.60369873046875,346.1229248046875,44.97355651855469,37.512596130371094,112.25,140.4611358642578,26.659482955932617,504.4960632324219,95.5819091796875,129.6952667236328,135.4622039794922,26.721818923950195,309.29315185546875,39.491790771484375,39.437744140625,98.96434783935547,132.5443878173828,111.16272735595703,116.8140640258789,53.19816970825195,138.60000610351562,277.7888488769531,252.63751220703125,101.81779479980469,96.29971313476562
2023-11-06,177.15383911132812,349.7823181152344,45.719024658203125,37.448455810546875,111.75,140.7952880859375,26.59126091003418,506.9286804199219,96.46949768066406,129.49349975585938,136.4852752685547,26.6372013092041,305.79071044921875,39.226112365722656,39.2324333190918,97.2105712890625,131.9966278076172,109.97453308105469,115.2281265258789,52.83335494995117,139.74000549316406,276.81158447265625,253.61839294433594,101.99848175048828,97.5943374633789
2023-11-07,179.7138214111328,353.7066650390625,45.92289352416992,38.25761795043945,113.44999694824219,140.0527801513672,26.650957107543945,511.08148193359375,96.15514373779297,130.37391662597656,136.41897583007812,26.477357864379883,305.8284606933594,38.94145202636719,39.15776824951172,95.68635559082031,129.6709747314453,106.98542785644531,111.78275299072266,49.8867301940918,142.7100067138672,276.9994812011719,253.3920440673828,104.00516510009766,97.2659912109375
2023-11-08,180.7714385986328,356.3261413574219,46.54145812988281,37.418853759765625,113.58999633789062,139.5423583984375,26.28424072265625,510.0359191894531,96.52497863769531,130.25469970703125,137.091552734375,26.223491668701172,306.404296875,38.88451385498047,39.02711868286133,94.51105499267578,127.86613464355469,106.24279022216797,110.47936248779297,49.51255798339844,142.0800018310547,278.0802001953125,252.27914428710938,104.03369140625,97.8476333618164
2023-11-09,180.29698181152344,353.8636779785156,46.91719436645508,37.30044174194336,113.48999786376953,136.82293701171875,25.653282165527344,512.1932373046875,94.6573486328125,126.59548950195312,136.6842041015625,25.88500213623047,302.83575439453125,38.33418273925781,38.728492736816406,94.53858947753906,127.4531021118164,105.96430969238281,110.56138610839844,49.334835052490234,140.60000610351562,270.5154724121094,251.73214721679688,101.76072692871094,96.43270111083984
2023-11-10,184.48348999023438,362.6736755371094,48.30122756958008,38.346435546875,118.58999633789062,136.6651611328125,25.48041343688965,514.2932739257812,93.74201965332031,127.09990692138672,138.7113800048828,26.02604103088379,307.3011779785156,38.79912185668945,39.2697639465332,95.26397705078125,128.36001586914062,107.31961822509766,111.83743286132812,49.858673095703125,143.55999755859375,274.0111999511719,252.56210327148438,100.91432189941406,98.41361236572266
2023-11-13,182.89991760253906,359.74029541015625,48.586021423339844,37.72475814819336,116.79000091552734,137.01783752441406,25.048246383666992,515.5855712890625,94.74055480957031,127.1457748413086,138.09564208984375,26.044843673706055,308.62286376953125,38.68526077270508,39.848358154296875,96.26481628417969,129.30282592773438,107.62750244140625,112.16556549072266,50.51346969604492,142.58999633789062,270.7034606933594,253.89193725585938,99.09782409667969,97.64010620117188
2023-11-14,185.51280212402344,363.2622985839844,49.621299743652344,38.889163970947266,119.87999725341797,137.04568481445312,25.29026222229004,513.58056640625,94.46318817138672,126.61384582519531,140.6154327392578,27.474021911621094,319.7722473144531,39.92827224731445,41.397499084472656,96.63546752929688,130.2456817626953,107.79542541503906,114.04319763183594,50.84087371826172,145.8000030517578,285.32537841796875,256.05169677734375,100.57194519042969,99.61157989501953
2023-11-15,186.07691955566406,363.4097595214844,48.85383987426758,40.07330322265625,118.0,138.10374450683594,26.094087600708008,511.6325378417969,93.7050552368164,126.1919937133789,141.846923828125,27.85011863708496,318.7148742675781,40.64940643310547,41.88276672363281,96.05171203613281,130.70359802246094,107.31961822509766,112.1746826171875,50.214134216308594,143.1999969482422,289.61041259765625,255.01422119140625,102.54058074951172,100.01720428466797
2023-11-16,187.7594757080078,369.7997131347656,49.44542694091797,42.77709197998047,119.83000183105469,139.310302734375,25.731069564819336,512.9724731445312,94.29676818847656,126.81558990478516,143.46678161621094,27.77490234375,317.8369140625,40.35525894165039,41.68678665161133,94.93978118896484,128.63485717773438,104.4833755493164,110.01451110839844,48.745506286621094,142.8300018310547,287.9659729003906,260.4183654785156,102.34086608886719,101.13028717041016
2023-11-17,187.73965454101562,363.58673095703125,49.263553619384766,43.231014251708984,120.62000274658203,139.02255249023438,25.860721588134766,509.6178894042969,94.07486724853516,126.83393859863281,144.76455688476562,28.18861198425293,320.21588134765625,40.763275146484375,42.330711364746094,97.25630187988281,131.0756378173828,106.90910339355469,113.02235412597656,49.43772506713867,145.17999267578125,288.74591064453125,260.06939697265625,100.77165222167969,99.58329772949219
2023-11-20,189.4815673828125,371.0481872558594,50.37377166748047,44.14872360229492,121.52999877929688,140.24815368652344,25.91257667541504,508.4871826171875,94.93472290039062,126.84307861328125,145.20977783203125,28.216814041137695,320.4613952636719,40.601966857910156,42.23738098144531,96.83004760742188,131.00303649902344,107.65548706054688,114.14346313476562,49.334835052490234,146.1300048828125,289.61041259765625,263.16290283203125,101.1140365600586,98.38530731201172
2023-11-21,188.67990112304688,366.752197265625,49.909095764160156,43.063262939453125,119.16000366210938,141.38015747070312,26.18916130065918,512.7537841796875,94.50016784667969,127.228271484375,144.90664672851562,27.88772964477539,316.23199462890625,40.42168045043945,42.078739166259766,96.7929916381836,130.69454956054688,107.45022583007812,113.2502212524414,49.31612014770508,143.89999389648438,286.9322509765625,264.5210266113281,101.332763671875,97.80990600585938
2023-11-22,189.34298706054688,371.45123291015625,48.68195724487305,43.09286117553711,122.51000213623047,141.0995330810547,26.206449508666992,516.7163696289062,94.0101547241211,126.9898681640625,145.24769592285156,27.859521865844727,319.6966857910156,40.59247589111328,42.01342010498047,96.37602233886719,130.95765686035156,107.15166473388672,112.26583862304688,49.1290283203125,146.7100067138672,290.5596008300781,265.8979797363281,102.63568878173828,97.5740737915039
2023-11-24,188.01678466796875,371.0383605957031,47.742618560791016,43.3790283203125,122.30999755859375,142.6712188720703,26.362028121948242,519.8902587890625,94.18582153320312,127.17324829101562,145.44659423828125,27.95354652404785,320.1781921386719,40.72531509399414,42.20939636230469,96.8949203491211,131.47483825683594,107.74877166748047,112.56661224365234,49.20386505126953,146.74000549316406,291.96917724609375,266.47332763671875,102.36939239501953,96.95150756835938
2023-11-27,187.838623046875,372.19842529296875,48.208290100097656,43.4974479675293,122.6500015258789,141.5298614501953,26.05086898803711,516.554931640625,93.77900695800781,127.55844116210938,145.1150665283203,27.793703079223633,318.8186950683594,40.8202018737793,42.06941604614258,96.32968139648438,130.98486328125,107.10503387451172,112.11087036132812,49.15709686279297,147.72999572753906,292.1758728027344,265.8131408691406,102.67372131347656,96.5553207397461
2023-11-28,188.44235229492188,376.21917724609375,47.7875862121582,43.64546203613281,122.01000213623047,141.85728454589844,25.661922454833984,513.6471557617188,92.62329864501953,126.63215637207031,145.44659423828125,27.765499114990234,318.7620849609375,41.152305603027344,41.86410140991211,96.27407836914062,132.02835083007812,107.2729721069336,112.69422912597656,48.932586669921875,147.02999877929688,294.449951171875,266.0489196777344,103.42504119873047,95.44223022460938
2023-11-29,187.4229736328125,372.434326171875,48.106361389160156,44.3460807800293,123.8499984741211,142.3063507080078,25.999011993408203,508.3730163574219,93.50163269042969,127.0173568725586,146.18551635742188,28.498891830444336,323.8638000488281,41.54134750366211,42.694664001464844,94.82857513427734,130.57656860351562,106.33065795898438,112.32963562011719,48.520999908447266,146.32000732421875,294.2323913574219,264.4361877441406,104.9657211303711,94.18765258789062
2023-11-30,187.99697875976562,372.4933776855469,46.737327575683594,44.1092529296875,121.16000366210938,144.69200134277344,26.336097717285156,525.4683837890625,94.74980926513672,130.58485412597656,147.85272216796875,28.896942138671875,325.08209228515625,42.3099250793457,43.02128982543945,95.19921875,130.2952880859375,107.82342529296875,112.1746826171875,48.680030822753906,146.08999633789062,296.5690612792969,267.4058532714844,104.87060546875,93.66886901855469
2023-12-01,189.2737274169922,368.1678161621094,46.73232650756836,43.16194152832031,121.38999938964844,148.17225646972656,24.987747192382812,521.7210693359375,95.6558837890625,131.52029418945312,148.57264709472656,29.342390060424805,331.6401062011719,42.717933654785156,44.07582473754883,95.43087768554688,131.39321899414062,107.5062026977539,112.65776062011719,49.007423400878906,147.02999877929688,302.3681335449219,271.3148498535156,108.28678894042969,93.57451629638672
2023-12-04,187.48233032226562,362.8887634277344,45.47819519042969,41.79030990600586,118.56999969482422,148.64002990722656,25.30754852294922,522.7890625,97.13518524169922,132.1989288330078,149.6620635986328,29.20970344543457,332.5538635253906,42.81282424926758,44.20647048950195,94.9119873046875,131.44764709472656,106.8531265258789,112.11087036132812,48.6706657409668,144.83999633789062,306.5306701660156,271.47613525390625,109.88035583496094,92.06525421142578
2023-12-05,191.4313201904297,366.2115173339844,46.53755569458008,41.365989685058594,118.37999725341797,148.331298828125,25.143327713012695,524.677001953125,98.21694946289062,132.5841064453125,149.64312744140625,28.982242584228516,325.2820129394531,42.21504211425781,43.58122634887695,93.06803131103516,129.62387084960938,105.5562973022461,111.15383911132812,47.5709228515625,146.8800048828125,306.0387268066406,271.8651428222656,110.12845611572266,90.12208557128906
2023-12-06,190.34263610839844,362.5545349121094,45.47520065307617,40.72458267211914,116.81999969482422,146.52566528320312,24.88402557373047,523.9808349609375,97.66219329833984,134.2440643310547,148.07061767578125,28.934856414794922,325.49139404296875,42.22452163696289,44.663753509521484,91.83566284179688,129.32444763183594,103.1119155883789,109.14862060546875,46.17979431152344,144.52000427246094,308.50787353515625,272.16876220703125,110.7964096069336,91.51815032958984
2023-12-07,192.27256774902344,364.6680908203125,46.56753158569336,41.59295654296875,128.3699951171875,145.38430786132812,24.7457332611084,522.7796020507812,96.044189453125,135.7022247314453,148.52528381347656,29.058061599731445,328.013671875,43.07850646972656,45.261016845703125,91.19630432128906,129.22459411621094,103.41978454589844,107.87254333496094,45.550025939941406,146.8800048828125,308.5646667480469,272.10235595703125,109.555908203125,90.9710464477539
2023-12-08,193.69778442382812,367.8925476074219,47.47697830200195,42.135684967041016,128.9199981689453,144.4674835205078,24.875383377075195,524.2097778320312,95.92400360107422,136.9036407470703,150.1641082763672,29.342390060424805,333.9244689941406,43.742713928222656,45.624969482421875,92.24337005615234,130.93951416015625,104.55802917480469,108.42853546142578,45.86960983276367,147.4199981689453,308.8484191894531,270.9068603515625,110.60557556152344,91.13140869140625
2023-12-11,191.19378662109375,365.01220703125,46.59851837158203,43.95136642456055,134.41000366210938,145.06622314453125,24.754375457763672,518.40283203125,96.49723815917969,138.70114135742188,150.7135467529297,29.238134384155273,334.8096923828125,43.6478271484375,44.93438720703125,92.30823516845703,130.97579956054688,104.64199829101562,108.64729309082031,46.19860076904297,145.88999938964844,313.4460754394531,274.34149169921875,113.18202209472656,92.55577087402344
2023-12-12,192.7080535888672,368.03997802734375,47.627891540527344,43.45797348022461,137.61000061035156,145.0755615234375,24.702518463134766,520.3480224609375,96.48799133300781,140.5353240966797,152.05868530273438,29.133882522583008,335.61865234375,44.09379577636719,44.85039520263672,90.85345458984375,129.2972412109375,103.61572265625,107.25274658203125,46.0952033996582,147.47999572753906,315.2152099609375,276.4952087402344,114.16487884521484,92.58406829833984
2023-12-13,195.9246368408203,368.03021240234375,48.058624267578125,43.98097229003906,138.19000244140625,145.74917602539062,23.043006896972656,523.485107421875,99.03056335449219,141.50741577148438,152.5702362060547,30.3659610748291,345.2510681152344,45.317832946777344,46.0449104309082,91.65960693359375,131.21170043945312,104.35276794433594,107.99103546142578,46.23619079589844,148.83999633789062,324.8646240234375,280.77423095703125,115.62486267089844,92.54634094238281
2023-12-14,196.0731201171875,359.73309326171875,48.320457458496094,44.582908630371094,138.0,146.75955200195312,22.58491325378418,509.4018249511719,98.60216522216797,142.03933715820312,155.3457794189453,32.16668701171875,364.99163818359375,47.927207946777344,46.88481521606445,94.1243667602539,136.03880310058594,107.2449722290039,111.33287811279297,49.27223587036133,147.4199981689453,332.8207092285156,275.1669006347656,115.4817123413086,92.2916488647461
2023-12-15,195.5386505126953,364.4518737792969,48.86013412475586,45.549957275390625,139.14999389648438,145.15977478027344,23.017080307006836,506.4267883300781,97.88510131835938,141.26898193359375,156.52041625976562,31.844449996948242,362.1742858886719,47.73744201660156,46.50218963623047,93.4942855834961,135.5125732421875,106.86245727539062,110.88053131103516,49.0560417175293,149.97000122070312,334.8924560546875,272.55767822265625,115.98748016357422,91.26345825195312
2023-12-18,193.8759307861328,366.3393249511719,50.04640579223633,45.08616256713867,138.89999389648438,145.42172241210938,23.38873863220215,502.0693054199219,98.7511978149414,140.70040893554688,157.4676971435547,31.683334350585938,358.2622985839844,47.12067794799805,46.34354782104492,94.18923950195312,135.8119659423828,107.19831085205078,112.27449798583984,49.140647888183594,154.07000732421875,331.8746643066406,275.36614990234375,115.59623718261719,91.08422088623047
2023-12-19,194.91513061523438,366.9389953613281,49.57369613647461,46.04335021972656,140.14999389648438,146.3759765625,24.33949851989746,499.67596435546875,99.17024230957031,140.865478515625,159.57066345214844,31.759151458740234,364.0207824707031,47.528682708740234,47.52873229980469,95.43087768554688,137.5904083251953,108.6817398071289,113.11457061767578,49.79861068725586,153.7899932861328,333.066650390625,275.840576171875,117.02759552001953,92.17845153808594
2023-12-20,192.82681274414062,364.3437194824219,48.081607818603516,45.155242919921875,135.47000122070312,143.39158630371094,23.881404876708984,491.9430236816406,98.117919921875,139.11380004882812,157.77084350585938,31.256847381591797,359.3282775878906,46.817039489746094,46.72616958618164,93.83712005615234,136.32916259765625,108.86834716796875,112.09908294677734,49.39442825317383,152.1199951171875,329.8406677246094,274.1896667480469,115.8729476928711,89.33914184570312
2023-12-21,192.6783447265625,367.2142333984375,48.96007537841797,46.457801818847656,139.91000366210938,144.8603973388672,24.469148635864258,495.7094421386719,99.07711791992188,139.93919372558594,158.67074584960938,31.465356826782227,362.23138427734375,46.921417236328125,47.22077178955078,94.26336669921875,136.74655151367188,108.99897003173828,111.77598571777344,49.422630310058594,153.83999633789062,330.1339416503906,276.4667663574219,116.92261505126953,89.92399597167969
2023-12-22,191.60946655273438,368.23663330078125,48.800167083740234,47.365638732910156,139.60000610351562,145.44044494628906,24.546937942504883,496.1194152832031,100.29707336425781,142.09439086914062,158.57603454589844,31.683334350585938,362.3075256347656,46.66521453857422,47.46340560913086,94.4301528930664,137.0550537109375,109.77334594726562,112.87454223632812,49.892601013183594,153.4199981689453,329.7745056152344,276.7608642578125,103.09573364257812,89.87681579589844
2023-12-26,191.06512451171875,368.3152770996094,49.2488899230957,49.83259963989258,143.41000366210938,146.0765838623047,24.55558204650879,495.85247802734375,100.23188018798828,141.80087280273438,159.5138702392578,32.09087371826172,363.22125244140625,47.1016960144043,47.911346435546875,94.64327239990234,138.28904724121094,111.04217529296875,114.74856567382812,50.45657730102539,153.41000366210938,330.45556640625,277.8614807128906,103.07665252685547,90.24470520019531
2023-12-27,191.1641082763672,367.73529052734375,49.386810302734375,50.08916091918945,146.07000732421875,146.27310180664062,24.72844886779785,498.4841003417969,100.55782318115234,142.03933715820312,160.47061157226562,32.07191467285156,365.9529113769531,46.807552337646484,48.0233268737793,94.19849395751953,137.8353729248047,110.54768371582031,114.72085571289062,49.84560775756836,153.33999633789062,329.7177734375,279.4649353027344,102.22737121582031,89.88626098632812
2023-12-28,191.58966064453125,368.9248046875,49.49174499511719,49.724056243896484,148.75999450683594,146.48826599121094,24.88402557373047,500.4961242675781,101.29351043701172,141.9201202392578,161.3231658935547,32.109825134277344,367.78997802734375,46.94987869262695,48.07933044433594,92.83638763427734,135.89366149902344,108.69107818603516,112.00678253173828,49.10304641723633,153.3800048828125,328.61083984375,280.6888427734375,103.84002685546875,90.48995971679688
2023-12-29,190.5504608154297,369.6719970703125,49.49174499511719,49.58590316772461,147.41000366210938,146.637939453125,24.88402557373047,501.9930419921875,101.52633666992188,142.1218719482422,161.13369750976562,31.91079330444336,367.1807556152344,46.70317459106445,48.00467300415039,92.64180755615234,135.3401641845703,108.28990936279297,111.65597534179688,48.91505432128906,151.94000244140625,327.8446044921875,281.32452392578125,103.60147857666016,90.5654296875
